plant,floor_ms,scheduler,profile,vehicles,cores,exec,overrun,net_delay_ms,seed,duration_s,missed_jobs,veh,avg_perf,max_roll,soft_pct,hard,max_age_fresh_ms,max_age_path_ms,min_ttpnr_ms,past_pnr_ms,tau_crit_ms,max_sim_crit,sim_crit_over_cores_pct
lateral,-1,context,v10,10,3,worst,kill,-1.00,0,30.000,4496,0,0.033678,0.181410,0.0000,0,105.50,105.50,-1.00,0.0,100,0,0.00
lateral,-1,context,v10,10,3,worst,kill,-1.00,0,30.000,4496,1,0.040600,0.197187,0.0000,0,95.50,110.50,-1.00,0.0,100,0,0.00
lateral,-1,context,v10,10,3,worst,kill,-1.00,0,30.000,4496,2,0.047068,0.276382,0.0000,0,100.50,120.50,-1.00,0.0,100,0,0.00
lateral,-1,context,v10,10,3,worst,kill,-1.00,0,30.000,4496,3,0.040360,0.916870,0.0000,0,95.50,110.50,365.10,0.0,100,0,0.00
lateral,-1,context,v10,10,3,worst,kill,-1.00,0,30.000,4496,4,0.033515,0.318060,0.0000,0,105.50,120.50,-1.00,0.0,100,0,0.00
lateral,-1,context,v10,10,3,worst,kill,-1.00,0,30.000,4496,5,0.428491,2.267686,11.0333,0,90.50,125.50,455.10,0.0,100,0,0.00
lateral,-1,context,v10,10,3,worst,kill,-1.00,0,30.000,4496,6,0.471580,2.415861,11.9667,0,105.50,105.50,450.10,0.0,100,0,0.00
lateral,-1,context,v10,10,3,worst,kill,-1.00,0,30.000,4496,7,0.059170,0.764622,0.0000,0,105.50,110.50,415.10,0.0,100,0,0.00
lateral,-1,context,v10,10,3,worst,kill,-1.00,0,30.000,4496,8,0.066742,0.989417,0.8667,0,105.50,105.50,245.10,0.0,100,0,0.00
lateral,-1,context,v10,10,3,worst,kill,-1.00,0,30.000,4496,9,0.025580,0.198545,0.0000,0,95.50,115.50,-1.00,0.0,100,0,0.00
lateral,-1,context,v10,12,3,worst,kill,-1.00,0,30.000,12005,0,0.115503,0.337618,0.0000,0,770.50,790.50,-1.00,0.0,100,0,0.00
lateral,-1,context,v10,12,3,worst,kill,-1.00,0,30.000,12005,1,0.144475,0.694981,0.5667,0,1080.50,1100.50,-1.00,0.0,100,0,0.00
lateral,-1,context,v10,12,3,worst,kill,-1.00,0,30.000,12005,2,0.087823,0.894245,0.5667,0,540.50,560.50,395.10,0.0,100,0,0.00
lateral,-1,context,v10,12,3,worst,kill,-1.00,0,30.000,12005,3,0.103490,0.843263,0.9000,0,540.50,560.50,330.10,0.0,100,0,0.00
lateral,-1,context,v10,12,3,worst,kill,-1.00,0,30.000,12005,4,0.059848,0.392291,0.0000,0,715.50,730.50,-1.00,0.0,100,0,0.00
lateral,-1,context,v10,12,3,worst,kill,-1.00,0,30.000,12005,5,0.219876,1.680507,3.2333,0,1090.50,1110.50,480.10,0.0,100,0,0.00
lateral,-1,context,v10,12,3,worst,kill,-1.00,0,30.000,12005,6,0.464850,2.115201,10.7333,0,1100.50,1120.50,455.10,0.0,100,0,0.00
lateral,-1,context,v10,12,3,worst,kill,-1.00,0,30.000,12005,7,0.765673,3.157842,16.7000,0,805.50,825.50,415.10,0.0,100,0,0.00
lateral,-1,context,v10,12,3,worst,kill,-1.00,0,30.000,12005,8,0.269179,2.012818,5.6333,0,1950.50,1970.50,365.10,0.0,100,0,0.00
lateral,-1,context,v10,12,3,worst,kill,-1.00,0,30.000,12005,9,0.151065,0.409910,0.0000,0,630.50,650.50,-1.00,0.0,100,0,0.00
lateral,-1,context,v10,12,3,worst,kill,-1.00,0,30.000,12005,10,0.173921,0.667377,0.0000,0,640.50,665.50,305.10,0.0,100,0,0.00
lateral,-1,context,v10,12,3,worst,kill,-1.00,0,30.000,12005,11,0.166937,0.509026,0.0000,0,670.50,690.50,-1.00,0.0,100,0,0.00
lateral,-1,context,v10,14,3,worst,kill,-1.00,0,30.000,27045,0,1.159184,4.485270,29.2000,0,1730.50,1750.50,210.10,0.0,100,1,0.00
lateral,-1,context,v10,14,3,worst,kill,-1.00,0,30.000,27045,1,0.792483,3.451447,18.3667,0,1130.50,1150.50,215.10,0.0,100,1,0.00
lateral,-1,context,v10,14,3,worst,kill,-1.00,0,30.000,27045,2,0.900910,3.461157,21.3000,0,1070.50,1095.50,280.10,0.0,100,1,0.00
lateral,-1,context,v10,14,3,worst,kill,-1.00,0,30.000,27045,3,0.708830,2.028848,18.0333,0,1060.50,1080.50,385.10,0.0,100,1,0.00
lateral,-1,context,v10,14,3,worst,kill,-1.00,0,30.000,27045,4,0.507536,1.412778,8.9667,0,940.50,960.50,435.10,0.0,100,1,0.00
lateral,-1,context,v10,14,3,worst,kill,-1.00,0,30.000,27045,5,0.623026,2.121005,11.2333,0,1050.50,1070.50,330.10,0.0,100,1,0.00
lateral,-1,context,v10,14,3,worst,kill,-1.00,0,30.000,27045,6,1.009433,3.377801,23.0000,0,1075.50,1095.50,315.10,0.0,100,1,0.00
lateral,-1,context,v10,14,3,worst,kill,-1.00,0,30.000,27045,7,0.988690,3.694693,21.4667,0,1040.50,1055.50,155.10,0.0,100,1,0.00
lateral,-1,context,v10,14,3,worst,kill,-1.00,0,30.000,27045,8,1.546959,7.791521,30.8667,0,730.50,750.50,5.10,0.0,100,1,0.00
lateral,-1,context,v10,14,3,worst,kill,-1.00,0,30.000,27045,9,1.146652,3.180255,30.4667,0,1360.50,1380.50,210.10,0.0,100,1,0.00
lateral,-1,context,v10,14,3,worst,kill,-1.00,0,30.000,27045,10,1.095800,4.090896,25.0667,0,1520.50,1540.50,185.10,0.0,100,1,0.00
lateral,-1,context,v10,14,3,worst,kill,-1.00,0,30.000,27045,11,1.188600,3.332347,30.7000,0,700.50,720.50,250.10,0.0,100,1,0.00
lateral,-1,context,v10,14,3,worst,kill,-1.00,0,30.000,27045,12,1.251564,5.029038,28.8000,0,985.50,1005.50,200.10,0.0,100,1,0.00
lateral,-1,context,v10,14,3,worst,kill,-1.00,0,30.000,27045,13,1.071258,3.453566,28.9333,0,1780.50,1800.50,310.10,0.0,100,1,0.00
lateral,-1,context,v10,16,3,worst,kill,-1.00,0,30.000,41982,0,98.560444,583.382546,76.2667,1257,990.50,1010.50,0.00,15085.0,100,16,64.17
lateral,-1,context,v10,16,3,worst,kill,-1.00,0,30.000,41982,1,138.654493,1044.811537,74.4000,1165,3100.50,3120.50,0.00,14235.0,100,16,64.17
lateral,-1,context,v10,16,3,worst,kill,-1.00,0,30.000,41982,2,129.742671,976.316701,70.7667,1131,2120.50,2140.50,0.00,13665.0,100,16,64.17
lateral,-1,context,v10,16,3,worst,kill,-1.00,0,30.000,41982,3,126.127762,1127.437346,74.8000,1289,1385.50,1405.50,0.00,15890.0,100,16,64.17
lateral,-1,context,v10,16,3,worst,kill,-1.00,0,30.000,41982,4,101.591945,891.231618,72.8333,1209,1280.50,1300.50,0.00,15715.0,100,16,64.17
lateral,-1,context,v10,16,3,worst,kill,-1.00,0,30.000,41982,5,83.736708,496.655009,69.2333,1182,3459.90,3484.90,0.00,14625.0,100,16,64.17
lateral,-1,context,v10,16,3,worst,kill,-1.00,0,30.000,41982,6,148.484747,1481.405836,70.6000,1169,4020.50,4040.50,0.00,14165.0,100,16,64.17
lateral,-1,context,v10,16,3,worst,kill,-1.00,0,30.000,41982,7,116.073959,1281.037250,75.1000,1257,1890.50,1910.50,0.00,15090.0,100,16,64.17
lateral,-1,context,v10,16,3,worst,kill,-1.00,0,30.000,41982,8,128.415080,1194.639666,67.5333,1164,2390.50,2415.50,0.00,13825.0,100,16,64.17
lateral,-1,context,v10,16,3,worst,kill,-1.00,0,30.000,41982,9,102.993298,775.823077,73.1667,1221,1384.90,1404.90,0.00,14695.0,100,16,64.17
lateral,-1,context,v10,16,3,worst,kill,-1.00,0,30.000,41982,10,102.322503,634.190403,78.6333,1154,3560.50,3580.50,0.00,13960.0,100,16,64.17
lateral,-1,context,v10,16,3,worst,kill,-1.00,0,30.000,41982,11,128.019463,994.641199,74.0667,1223,2020.50,2040.50,0.00,15090.0,100,16,64.17
lateral,-1,context,v10,16,3,worst,kill,-1.00,0,30.000,41982,12,116.636856,676.498186,75.4000,1126,2480.50,2500.50,0.00,13630.0,100,16,64.17
lateral,-1,context,v10,16,3,worst,kill,-1.00,0,30.000,41982,13,142.277313,1606.324609,70.1000,1285,1740.50,1765.50,0.00,15550.0,100,16,64.17
lateral,-1,context,v10,16,3,worst,kill,-1.00,0,30.000,41982,14,122.851147,890.601268,76.3000,1240,1825.50,1845.50,0.00,14955.0,100,16,64.17
lateral,-1,context,v10,16,3,worst,kill,-1.00,0,30.000,41982,15,107.437638,704.014701,74.6000,1246,1450.50,1470.50,0.00,15225.0,100,16,64.17
lateral,-1,context,v10,18,3,worst,kill,-1.00,0,30.000,56984,0,61.039616,396.540731,68.8000,973,3170.50,3195.50,0.00,11930.0,100,18,53.50
lateral,-1,context,v10,18,3,worst,kill,-1.00,0,30.000,56984,1,67.735625,670.816281,68.4333,946,1050.50,1070.50,0.00,11210.0,100,18,53.50
lateral,-1,context,v10,18,3,worst,kill,-1.00,0,30.000,56984,2,58.391185,421.070380,63.6667,1010,2600.50,2625.50,0.00,12295.0,100,18,53.50
lateral,-1,context,v10,18,3,worst,kill,-1.00,0,30.000,56984,3,74.623287,515.370073,69.1333,1085,1630.50,1650.50,0.00,13160.0,100,18,53.50
lateral,-1,context,v10,18,3,worst,kill,-1.00,0,30.000,56984,4,67.564813,649.694442,66.1000,1038,2300.50,2320.50,0.00,13225.0,100,18,53.50
lateral,-1,context,v10,18,3,worst,kill,-1.00,0,30.000,56984,5,66.389164,569.263484,65.5333,867,3360.50,3380.50,0.00,10615.0,100,18,53.50
lateral,-1,context,v10,18,3,worst,kill,-1.00,0,30.000,56984,6,58.756055,483.998271,64.6333,989,1800.50,1820.50,0.00,12380.0,100,18,53.50
lateral,-1,context,v10,18,3,worst,kill,-1.00,0,30.000,56984,7,67.608228,515.434066,64.9333,951,1740.50,1760.50,0.00,12080.0,100,18,53.50
lateral,-1,context,v10,18,3,worst,kill,-1.00,0,30.000,56984,8,70.133254,718.409785,67.5000,988,1540.50,1560.50,0.00,12415.0,100,18,53.50
lateral,-1,context,v10,18,3,worst,kill,-1.00,0,30.000,56984,9,61.213205,512.162498,62.0000,1013,1820.50,1845.50,0.00,12640.0,100,18,53.50
lateral,-1,context,v10,18,3,worst,kill,-1.00,0,30.000,56984,10,55.641803,406.654585,68.3000,910,2220.50,2240.50,0.00,11695.0,100,18,53.50
lateral,-1,context,v10,18,3,worst,kill,-1.00,0,30.000,56984,11,68.981148,570.008154,69.2000,975,880.50,900.50,0.00,12310.0,100,18,53.50
lateral,-1,context,v10,18,3,worst,kill,-1.00,0,30.000,56984,12,80.686435,826.511920,71.3000,1001,1020.50,1040.50,0.00,12885.0,100,18,53.50
lateral,-1,context,v10,18,3,worst,kill,-1.00,0,30.000,56984,13,40.603217,237.009135,61.6667,888,2059.90,2079.90,0.00,11990.0,100,18,53.50
lateral,-1,context,v10,18,3,worst,kill,-1.00,0,30.000,56984,14,81.509283,866.117362,63.7667,1006,4600.50,4615.50,0.00,12070.0,100,18,53.50
lateral,-1,context,v10,18,3,worst,kill,-1.00,0,30.000,56984,15,13.160709,89.899841,62.2333,552,6239.90,6259.90,0.00,7150.0,100,18,53.50
lateral,-1,context,v10,18,3,worst,kill,-1.00,0,30.000,56984,16,5.827889,154.355276,8.0000,149,-1.00,-1.00,0.00,1750.0,100,18,53.50
lateral,-1,context,v10,18,3,worst,kill,-1.00,0,30.000,56984,17,50.153872,435.478683,29.1333,680,1840.50,22120.50,0.00,7785.0,100,18,53.50
lateral,-1,ttu,v10,10,3,worst,kill,-1.00,0,30.000,9,0,0.021645,0.181998,0.0000,0,90.50,90.50,-1.00,0.0,100,0,0.00
lateral,-1,ttu,v10,10,3,worst,kill,-1.00,0,30.000,9,1,0.039137,0.181998,0.0000,0,90.50,90.50,-1.00,0.0,100,0,0.00
lateral,-1,ttu,v10,10,3,worst,kill,-1.00,0,30.000,9,2,0.046070,0.265627,0.0000,0,90.50,90.50,-1.00,0.0,100,0,0.00
lateral,-1,ttu,v10,10,3,worst,kill,-1.00,0,30.000,9,3,0.038248,0.923089,0.0000,0,90.50,90.50,365.10,0.0,100,0,0.00
lateral,-1,ttu,v10,10,3,worst,kill,-1.00,0,30.000,9,4,0.030611,0.299813,0.0000,0,95.50,95.50,-1.00,0.0,100,0,0.00
lateral,-1,ttu,v10,10,3,worst,kill,-1.00,0,30.000,9,5,0.512900,2.757600,13.5333,0,100.50,100.50,445.10,0.0,100,0,0.00
lateral,-1,ttu,v10,10,3,worst,kill,-1.00,0,30.000,9,6,0.623937,3.109264,15.0667,0,100.50,110.50,430.10,0.0,100,0,0.00
lateral,-1,ttu,v10,10,3,worst,kill,-1.00,0,30.000,9,7,0.057222,0.851306,0.0000,0,100.50,110.50,415.10,0.0,100,0,0.00
lateral,-1,ttu,v10,10,3,worst,kill,-1.00,0,30.000,9,8,0.063226,0.952503,0.8667,0,90.50,90.50,245.10,0.0,100,0,0.00
lateral,-1,ttu,v10,10,3,worst,kill,-1.00,0,30.000,9,9,0.015012,0.175398,0.0000,0,85.50,85.50,-1.00,0.0,100,0,0.00
lateral,-1,ttu,v10,12,3,worst,kill,-1.00,0,30.000,11992,0,0.022912,0.195477,0.0000,0,90.50,110.50,-1.00,0.0,100,0,0.00
lateral,-1,ttu,v10,12,3,worst,kill,-1.00,0,30.000,11992,1,0.040702,0.182306,0.0000,0,95.50,95.50,-1.00,0.0,100,0,0.00
lateral,-1,ttu,v10,12,3,worst,kill,-1.00,0,30.000,11992,2,0.074748,0.911729,0.5667,0,90.50,90.50,395.10,0.0,100,0,0.00
lateral,-1,ttu,v10,12,3,worst,kill,-1.00,0,30.000,11992,3,0.092864,0.847771,0.9333,0,95.50,95.50,330.10,0.0,100,0,0.00
lateral,-1,ttu,v10,12,3,worst,kill,-1.00,0,30.000,11992,4,0.031330,0.388283,0.0000,0,100.50,100.50,455.10,0.0,100,0,0.00
lateral,-1,ttu,v10,12,3,worst,kill,-1.00,0,30.000,11992,5,0.142909,2.075540,2.6000,0,100.50,100.50,460.10,0.0,100,0,0.00
lateral,-1,ttu,v10,12,3,worst,kill,-1.00,0,30.000,11992,6,0.589915,3.137218,14.9000,0,100.50,110.50,435.10,0.0,100,0,0.00
lateral,-1,ttu,v10,12,3,worst,kill,-1.00,0,30.000,11992,7,0.603691,3.075554,14.6333,0,90.50,110.50,430.10,0.0,100,0,0.00
lateral,-1,ttu,v10,12,3,worst,kill,-1.00,0,30.000,11992,8,1.293975,5.751305,46.5333,0,100.50,110.50,315.10,0.0,100,0,0.00
lateral,-1,ttu,v10,12,3,worst,kill,-1.00,0,30.000,11992,9,0.574079,3.367222,26.9333,0,135.50,135.50,425.10,0.0,100,0,0.00
lateral,-1,ttu,v10,12,3,worst,kill,-1.00,0,30.000,11992,10,4.210936,6.245343,75.9667,0,3460.50,3460.50,305.10,0.0,100,0,0.00
lateral,-1,ttu,v10,12,3,worst,kill,-1.00,0,30.000,11992,11,0.835649,5.715025,13.8667,0,1240.50,1240.50,435.10,0.0,100,0,0.00
lateral,-1,ttu,v10,14,3,worst,kill,-1.00,0,30.000,25484,0,0.021688,0.182501,0.0000,0,90.50,105.50,-1.00,0.0,100,0,0.00
lateral,-1,ttu,v10,14,3,worst,kill,-1.00,0,30.000,25484,1,0.035305,0.182501,0.0000,0,95.50,95.50,-1.00,0.0,100,0,0.00
lateral,-1,ttu,v10,14,3,worst,kill,-1.00,0,30.000,25484,2,0.080587,0.937743,0.5667,0,100.50,100.50,395.10,0.0,100,0,0.00
lateral,-1,ttu,v10,14,3,worst,kill,-1.00,0,30.000,25484,3,0.033343,0.183676,0.0000,0,100.50,100.50,-1.00,0.0,100,0,0.00
lateral,-1,ttu,v10,14,3,worst,kill,-1.00,0,30.000,25484,4,0.044185,0.447345,0.0000,0,100.50,100.50,-1.00,0.0,100,0,0.00
lateral,-1,ttu,v10,14,3,worst,kill,-1.00,0,30.000,25484,5,0.027298,0.307327,0.0000,0,90.50,90.50,-1.00,0.0,100,0,0.00
lateral,-1,ttu,v10,14,3,worst,kill,-1.00,0,30.000,25484,6,0.237854,2.254028,5.1333,0,105.50,105.50,445.10,0.0,100,0,0.00
lateral,-1,ttu,v10,14,3,worst,kill,-1.00,0,30.000,25484,7,2.698845,6.495331,60.3000,0,145.50,145.50,315.10,0.0,100,0,0.00
lateral,-1,ttu,v10,14,3,worst,kill,-1.00,0,30.000,25484,8,1.989374,7.119958,42.6333,0,455.50,455.50,185.10,0.0,100,0,0.00
lateral,-1,ttu,v10,14,3,worst,kill,-1.00,0,30.000,25484,9,4.501007,10.915174,72.1333,0,2570.50,2580.50,340.10,0.0,100,0,0.00
lateral,-1,ttu,v10,14,3,worst,kill,-1.00,0,30.000,25484,10,3.404257,8.661915,54.5000,0,2960.50,2970.50,320.10,0.0,100,0,0.00
lateral,-1,ttu,v10,14,3,worst,kill,-1.00,0,30.000,25484,11,4.591030,9.006392,74.6667,0,8320.50,8320.50,355.10,0.0,100,0,0.00
lateral,-1,ttu,v10,14,3,worst,kill,-1.00,0,30.000,25484,12,4.158676,5.850973,73.9000,0,3250.50,3250.50,435.10,0.0,100,0,0.00
lateral,-1,ttu,v10,14,3,worst,kill,-1.00,0,30.000,25484,13,0.980684,5.567220,17.6333,0,1630.50,1630.50,435.10,0.0,100,0,0.00
lateral,-1,ttu,v10,16,3,worst,kill,-1.00,0,30.000,40473,0,0.021713,0.182268,0.0000,0,100.50,100.50,-1.00,0.0,100,0,0.00
lateral,-1,ttu,v10,16,3,worst,kill,-1.00,0,30.000,40473,1,0.043620,0.182268,0.0000,0,100.50,100.50,-1.00,0.0,100,0,0.00
lateral,-1,ttu,v10,16,3,worst,kill,-1.00,0,30.000,40473,2,0.042791,0.237033,0.0000,0,100.50,100.50,-1.00,0.0,100,0,0.00
lateral,-1,ttu,v10,16,3,worst,kill,-1.00,0,30.000,40473,3,0.075748,0.836298,0.0000,0,100.50,100.50,460.10,0.0,100,0,0.00
lateral,-1,ttu,v10,16,3,worst,kill,-1.00,0,30.000,40473,4,0.089049,0.861438,0.9000,0,115.50,115.50,330.10,0.0,100,0,0.00
lateral,-1,ttu,v10,16,3,worst,kill,-1.00,0,30.000,40473,5,0.009010,0.134823,0.0000,0,245.50,245.50,-1.00,0.0,100,0,0.00
lateral,-1,ttu,v10,16,3,worst,kill,-1.00,0,30.000,40473,6,1.303609,4.195382,50.4333,0,525.50,525.50,430.10,0.0,100,0,0.00
lateral,-1,ttu,v10,16,3,worst,kill,-1.00,0,30.000,40473,7,3.743919,7.498346,72.4667,0,2340.50,2340.50,165.10,0.0,100,0,0.00
lateral,-1,ttu,v10,16,3,worst,kill,-1.00,0,30.000,40473,8,4.498652,10.791775,71.7667,0,2830.50,2830.50,125.10,0.0,100,0,0.00
lateral,-1,ttu,v10,16,3,worst,kill,-1.00,0,30.000,40473,9,5.681400,10.967567,75.7333,0,1690.50,1690.50,345.10,0.0,100,0,0.00
lateral,-1,ttu,v10,16,3,worst,kill,-1.00,0,30.000,40473,10,4.330123,11.233225,68.7667,0,1770.50,1770.50,335.10,0.0,100,0,0.00
lateral,-1,ttu,v10,16,3,worst,kill,-1.00,0,30.000,40473,11,4.205022,7.049934,73.3667,0,2695.50,2695.50,335.10,0.0,100,0,0.00
lateral,-1,ttu,v10,16,3,worst,kill,-1.00,0,30.000,40473,12,3.868058,6.842902,63.2667,0,2450.50,2460.50,395.10,0.0,100,0,0.00
lateral,-1,ttu,v10,16,3,worst,kill,-1.00,0,30.000,40473,13,4.004505,6.162660,75.9000,0,3180.50,3180.50,265.10,0.0,100,0,0.00
lateral,-1,ttu,v10,16,3,worst,kill,-1.00,0,30.000,40473,14,0.149334,1.536331,2.5333,0,609.90,609.90,445.10,0.0,100,0,0.00
lateral,-1,ttu,v10,16,3,worst,kill,-1.00,0,30.000,40473,15,1.128934,5.357050,20.8000,0,1410.50,1410.50,435.10,0.0,100,0,0.00
lateral,-1,ttu,v10,18,3,worst,kill,-1.00,0,30.000,55478,0,0.022252,0.187891,0.0000,0,100.50,120.50,-1.00,0.0,100,0,0.00
lateral,-1,ttu,v10,18,3,worst,kill,-1.00,0,30.000,55478,1,0.042856,0.181485,0.0000,0,100.50,100.50,-1.00,0.0,100,0,0.00
lateral,-1,ttu,v10,18,3,worst,kill,-1.00,0,30.000,55478,2,0.057646,0.194089,0.0000,0,105.50,105.50,-1.00,0.0,100,0,0.00
lateral,-1,ttu,v10,18,3,worst,kill,-1.00,0,30.000,55478,3,0.115002,0.943774,0.5667,0,180.50,180.50,395.10,0.0,100,0,0.00
lateral,-1,ttu,v10,18,3,worst,kill,-1.00,0,30.000,55478,4,0.800886,2.942600,34.4333,0,250.50,250.50,395.10,0.0,100,0,0.00
lateral,-1,ttu,v10,18,3,worst,kill,-1.00,0,30.000,55478,5,1.358035,5.585949,39.9333,0,560.50,560.50,380.10,0.0,100,0,0.00
lateral,-1,ttu,v10,18,3,worst,kill,-1.00,0,30.000,55478,6,4.049526,6.158907,75.4333,0,4380.50,4380.50,365.10,0.0,100,0,0.00
lateral,-1,ttu,v10,18,3,worst,kill,-1.00,0,30.000,55478,7,4.067616,7.827798,68.1000,0,3450.50,3450.50,315.10,0.0,100,0,0.00
lateral,-1,ttu,v10,18,3,worst,kill,-1.00,0,30.000,55478,8,4.644471,11.671929,77.4000,0,2610.50,2610.50,305.10,0.0,100,0,0.00
lateral,-1,ttu,v10,18,3,worst,kill,-1.00,0,30.000,55478,9,5.122745,11.219412,75.1333,0,2400.50,2410.50,120.10,0.0,100,0,0.00
lateral,-1,ttu,v10,18,3,worst,kill,-1.00,0,30.000,55478,10,4.879096,12.899805,73.7667,0,3670.50,3670.50,295.10,0.0,100,0,0.00
lateral,-1,ttu,v10,18,3,worst,kill,-1.00,0,30.000,55478,11,3.462199,11.207704,64.7333,0,3750.50,3760.50,250.10,0.0,100,0,0.00
lateral,-1,ttu,v10,18,3,worst,kill,-1.00,0,30.000,55478,12,4.216638,5.857528,72.4000,0,2550.50,2560.50,395.10,0.0,100,0,0.00
lateral,-1,ttu,v10,18,3,worst,kill,-1.00,0,30.000,55478,13,3.282239,8.901719,55.5667,0,5490.50,5500.50,300.10,0.0,100,0,0.00
lateral,-1,ttu,v10,18,3,worst,kill,-1.00,0,30.000,55478,14,3.724729,6.456218,68.6000,0,3190.50,3190.50,435.10,0.0,100,0,0.00
lateral,-1,ttu,v10,18,3,worst,kill,-1.00,0,30.000,55478,15,4.261319,5.816720,75.1667,0,3430.50,3430.50,305.10,0.0,100,0,0.00
lateral,-1,ttu,v10,18,3,worst,kill,-1.00,0,30.000,55478,16,0.321143,3.764385,6.2000,0,1070.50,1080.50,445.10,0.0,100,0,0.00
lateral,-1,ttu,v10,18,3,worst,kill,-1.00,0,30.000,55478,17,1.268398,5.559881,22.3667,0,1680.50,1680.50,435.10,0.0,100,0,0.00
lateral,0,aguard,v10,10,3,worst,kill,-1.00,0,30.000,4496,0,0.033678,0.181410,0.0000,0,105.50,105.50,-1.00,0.0,100,0,0.00
lateral,0,aguard,v10,10,3,worst,kill,-1.00,0,30.000,4496,1,0.040600,0.197187,0.0000,0,95.50,110.50,-1.00,0.0,100,0,0.00
lateral,0,aguard,v10,10,3,worst,kill,-1.00,0,30.000,4496,2,0.047068,0.276382,0.0000,0,100.50,120.50,-1.00,0.0,100,0,0.00
lateral,0,aguard,v10,10,3,worst,kill,-1.00,0,30.000,4496,3,0.040360,0.916870,0.0000,0,95.50,110.50,365.10,0.0,100,0,0.00
lateral,0,aguard,v10,10,3,worst,kill,-1.00,0,30.000,4496,4,0.033515,0.318060,0.0000,0,105.50,120.50,-1.00,0.0,100,0,0.00
lateral,0,aguard,v10,10,3,worst,kill,-1.00,0,30.000,4496,5,0.428491,2.267686,11.0333,0,90.50,125.50,455.10,0.0,100,0,0.00
lateral,0,aguard,v10,10,3,worst,kill,-1.00,0,30.000,4496,6,0.471580,2.415861,11.9667,0,105.50,105.50,450.10,0.0,100,0,0.00
lateral,0,aguard,v10,10,3,worst,kill,-1.00,0,30.000,4496,7,0.059170,0.764622,0.0000,0,105.50,110.50,415.10,0.0,100,0,0.00
lateral,0,aguard,v10,10,3,worst,kill,-1.00,0,30.000,4496,8,0.066742,0.989417,0.8667,0,105.50,105.50,245.10,0.0,100,0,0.00
lateral,0,aguard,v10,10,3,worst,kill,-1.00,0,30.000,4496,9,0.025580,0.198545,0.0000,0,95.50,115.50,-1.00,0.0,100,0,0.00
lateral,0,aguard,v10,12,3,worst,kill,-1.00,0,30.000,12005,0,0.115503,0.337618,0.0000,0,770.50,790.50,-1.00,0.0,100,0,0.00
lateral,0,aguard,v10,12,3,worst,kill,-1.00,0,30.000,12005,1,0.144475,0.694981,0.5667,0,1080.50,1100.50,-1.00,0.0,100,0,0.00
lateral,0,aguard,v10,12,3,worst,kill,-1.00,0,30.000,12005,2,0.087823,0.894245,0.5667,0,540.50,560.50,395.10,0.0,100,0,0.00
lateral,0,aguard,v10,12,3,worst,kill,-1.00,0,30.000,12005,3,0.103490,0.843263,0.9000,0,540.50,560.50,330.10,0.0,100,0,0.00
lateral,0,aguard,v10,12,3,worst,kill,-1.00,0,30.000,12005,4,0.059848,0.392291,0.0000,0,715.50,730.50,-1.00,0.0,100,0,0.00
lateral,0,aguard,v10,12,3,worst,kill,-1.00,0,30.000,12005,5,0.219876,1.680507,3.2333,0,1090.50,1110.50,480.10,0.0,100,0,0.00
lateral,0,aguard,v10,12,3,worst,kill,-1.00,0,30.000,12005,6,0.464850,2.115201,10.7333,0,1100.50,1120.50,455.10,0.0,100,0,0.00
lateral,0,aguard,v10,12,3,worst,kill,-1.00,0,30.000,12005,7,0.765673,3.157842,16.7000,0,805.50,825.50,415.10,0.0,100,0,0.00
lateral,0,aguard,v10,12,3,worst,kill,-1.00,0,30.000,12005,8,0.269179,2.012818,5.6333,0,1950.50,1970.50,365.10,0.0,100,0,0.00
lateral,0,aguard,v10,12,3,worst,kill,-1.00,0,30.000,12005,9,0.151065,0.409910,0.0000,0,630.50,650.50,-1.00,0.0,100,0,0.00
lateral,0,aguard,v10,12,3,worst,kill,-1.00,0,30.000,12005,10,0.173921,0.667377,0.0000,0,640.50,665.50,305.10,0.0,100,0,0.00
lateral,0,aguard,v10,12,3,worst,kill,-1.00,0,30.000,12005,11,0.166937,0.509026,0.0000,0,670.50,690.50,-1.00,0.0,100,0,0.00
lateral,0,aguard,v10,14,3,worst,kill,-1.00,0,30.000,27046,0,0.882427,2.339260,24.1667,0,805.50,805.50,415.10,0.0,100,0,0.00
lateral,0,aguard,v10,14,3,worst,kill,-1.00,0,30.000,27046,1,0.562392,1.779172,14.2333,0,3180.50,3200.50,395.10,0.0,100,0,0.00
lateral,0,aguard,v10,14,3,worst,kill,-1.00,0,30.000,27046,2,0.608453,2.250572,14.1000,0,1560.50,1585.50,325.10,0.0,100,0,0.00
lateral,0,aguard,v10,14,3,worst,kill,-1.00,0,30.000,27046,3,0.627297,2.041408,15.0000,0,1290.50,1315.50,415.10,0.0,100,0,0.00
lateral,0,aguard,v10,14,3,worst,kill,-1.00,0,30.000,27046,4,0.449733,1.063620,7.8667,0,690.50,710.50,435.10,0.0,100,0,0.00
lateral,0,aguard,v10,14,3,worst,kill,-1.00,0,30.000,27046,5,0.495491,1.479553,7.7333,0,1360.50,1380.50,415.10,0.0,100,0,0.00
lateral,0,aguard,v10,14,3,worst,kill,-1.00,0,30.000,27046,6,0.700567,2.518210,14.0000,0,980.50,1000.50,395.10,0.0,100,0,0.00
lateral,0,aguard,v10,14,3,worst,kill,-1.00,0,30.000,27046,7,0.761487,2.256592,17.1333,0,1299.90,1319.90,400.10,0.0,100,0,0.00
lateral,0,aguard,v10,14,3,worst,kill,-1.00,0,30.000,27046,8,1.061096,3.070747,27.6667,0,850.50,870.50,355.10,0.0,100,0,0.00
lateral,0,aguard,v10,14,3,worst,kill,-1.00,0,30.000,27046,9,0.984700,2.861707,27.0000,0,845.50,865.50,425.10,0.0,100,0,0.00
lateral,0,aguard,v10,14,3,worst,kill,-1.00,0,30.000,27046,10,0.867753,2.762555,22.6333,0,1520.50,1540.50,380.10,0.0,100,0,0.00
lateral,0,aguard,v10,14,3,worst,kill,-1.00,0,30.000,27046,11,0.951878,3.046481,23.4333,0,1410.50,1430.50,380.10,0.0,100,0,0.00
lateral,0,aguard,v10,14,3,worst,kill,-1.00,0,30.000,27046,12,1.075360,2.293859,27.7333,0,760.50,780.50,395.10,0.0,100,0,0.00
lateral,0,aguard,v10,14,3,worst,kill,-1.00,0,30.000,27046,13,0.950064,2.493407,24.8000,0,1540.50,1560.50,375.10,0.0,100,0,0.00
lateral,0,aguard,v10,16,3,worst,kill,-1.00,0,30.000,42121,0,2.887464,6.206123,57.1667,0,1305.50,1325.50,285.10,0.0,100,0,0.00
lateral,0,aguard,v10,16,3,worst,kill,-1.00,0,30.000,42121,1,2.724621,5.774795,57.4333,0,1045.50,1075.50,340.10,0.0,100,0,0.00
lateral,0,aguard,v10,16,3,worst,kill,-1.00,0,30.000,42121,2,2.673044,5.666767,53.5333,0,870.50,870.50,215.10,0.0,100,0,0.00
lateral,0,aguard,v10,16,3,worst,kill,-1.00,0,30.000,42121,3,2.601700,4.347189,53.5667,0,880.50,900.50,260.10,0.0,100,0,0.00
lateral,0,aguard,v10,16,3,worst,kill,-1.00,0,30.000,42121,4,2.749568,5.749766,55.3333,0,1080.50,1105.50,255.10,0.0,100,0,0.00
lateral,0,aguard,v10,16,3,worst,kill,-1.00,0,30.000,42121,5,2.461869,4.798105,49.9667,0,1845.50,1860.50,295.10,0.0,100,0,0.00
lateral,0,aguard,v10,16,3,worst,kill,-1.00,0,30.000,42121,6,2.774625,5.454749,54.5000,0,910.50,940.50,235.10,0.0,100,0,0.00
lateral,0,aguard,v10,16,3,worst,kill,-1.00,0,30.000,42121,7,2.775041,6.489842,53.5333,0,1130.50,1150.50,295.10,0.0,100,0,0.00
lateral,0,aguard,v10,16,3,worst,kill,-1.00,0,30.000,42121,8,2.845635,6.722295,51.9000,0,1930.50,1950.50,180.10,0.0,100,0,0.00
lateral,0,aguard,v10,16,3,worst,kill,-1.00,0,30.000,42121,9,2.764521,4.898437,53.0333,0,1100.50,1120.50,265.10,0.0,100,0,0.00
lateral,0,aguard,v10,16,3,worst,kill,-1.00,0,30.000,42121,10,3.147176,6.070595,63.6333,0,980.50,980.50,250.10,0.0,100,0,0.00
lateral,0,aguard,v10,16,3,worst,kill,-1.00,0,30.000,42121,11,2.851478,6.142284,55.3000,0,1260.50,1285.50,275.10,0.0,100,0,0.00
lateral,0,aguard,v10,16,3,worst,kill,-1.00,0,30.000,42121,12,2.647160,5.217177,55.2667,0,1910.50,1935.50,315.10,0.0,100,0,0.00
lateral,0,aguard,v10,16,3,worst,kill,-1.00,0,30.000,42121,13,2.991207,5.984314,57.3333,0,810.50,830.50,265.10,0.0,100,0,0.00
lateral,0,aguard,v10,16,3,worst,kill,-1.00,0,30.000,42121,14,3.101302,5.998980,60.5333,0,980.50,985.50,295.10,0.0,100,0,0.00
lateral,0,aguard,v10,16,3,worst,kill,-1.00,0,30.000,42121,15,2.862699,4.479766,58.2000,0,1450.50,1470.50,300.10,0.0,100,0,0.00
lateral,0,aguard,v10,18,3,worst,kill,-1.00,0,30.000,57106,0,2.516456,6.192622,52.8333,0,1370.50,1390.50,260.10,0.0,100,1,0.00
lateral,0,aguard,v10,18,3,worst,kill,-1.00,0,30.000,57106,1,2.155076,5.261623,47.2667,0,2420.50,2440.50,400.10,0.0,100,1,0.00
lateral,0,aguard,v10,18,3,worst,kill,-1.00,0,30.000,57106,2,1.992117,4.282980,41.7000,0,2020.50,2040.50,330.10,0.0,100,1,0.00
lateral,0,aguard,v10,18,3,worst,kill,-1.00,0,30.000,57106,3,2.142152,6.573190,47.2333,0,1010.50,1030.50,325.10,0.0,100,1,0.00
lateral,0,aguard,v10,18,3,worst,kill,-1.00,0,30.000,57106,4,2.244900,6.910715,47.4333,0,705.50,720.50,240.10,0.0,100,1,0.00
lateral,0,aguard,v10,18,3,worst,kill,-1.00,0,30.000,57106,5,2.082703,4.682831,45.4667,0,735.50,755.50,270.10,0.0,100,1,0.00
lateral,0,aguard,v10,18,3,worst,kill,-1.00,0,30.000,57106,6,2.013049,4.460354,41.8000,0,870.50,895.50,255.10,0.0,100,1,0.00
lateral,0,aguard,v10,18,3,worst,kill,-1.00,0,30.000,57106,7,2.279402,5.416357,47.3667,0,810.50,830.50,285.10,0.0,100,1,0.00
lateral,0,aguard,v10,18,3,worst,kill,-1.00,0,30.000,57106,8,2.233114,6.899284,44.9667,0,1720.50,1720.50,130.10,0.0,100,1,0.00
lateral,0,aguard,v10,18,3,worst,kill,-1.00,0,30.000,57106,9,2.235648,6.204106,40.8667,0,2020.50,2045.50,225.10,0.0,100,1,0.00
lateral,0,aguard,v10,18,3,worst,kill,-1.00,0,30.000,57106,10,2.734590,5.399598,52.5333,0,1215.50,1235.50,270.10,0.0,100,1,0.00
lateral,0,aguard,v10,18,3,worst,kill,-1.00,0,30.000,57106,11,2.421191,4.716476,52.3333,0,750.50,765.50,295.10,0.0,100,1,0.00
lateral,0,aguard,v10,18,3,worst,kill,-1.00,0,30.000,57106,12,2.346545,4.697006,53.7667,0,1690.50,1720.50,270.10,0.0,100,1,0.00
lateral,0,aguard,v10,18,3,worst,kill,-1.00,0,30.000,57106,13,2.182151,5.202787,42.9000,0,1000.50,1020.50,275.10,0.0,100,1,0.00
lateral,0,aguard,v10,18,3,worst,kill,-1.00,0,30.000,57106,14,2.090086,5.930744,44.2667,0,1520.50,1540.50,325.10,0.0,100,1,0.00
lateral,0,aguard,v10,18,3,worst,kill,-1.00,0,30.000,57106,15,2.631544,5.052561,51.2000,0,960.50,960.50,240.10,0.0,100,1,0.00
lateral,0,aguard,v10,18,3,worst,kill,-1.00,0,30.000,57106,16,0.571846,8.468198,6.7667,0,130.50,130.50,10.10,0.0,100,1,0.00
lateral,0,aguard,v10,18,3,worst,kill,-1.00,0,30.000,57106,17,1.178726,5.512100,20.9000,0,530.50,530.50,155.10,0.0,100,1,0.00
lateral,60,aguard,v10,10,3,worst,kill,-1.00,0,30.000,4496,0,0.033678,0.181410,0.0000,0,105.50,105.50,-1.00,0.0,100,0,0.00
lateral,60,aguard,v10,10,3,worst,kill,-1.00,0,30.000,4496,1,0.040600,0.197187,0.0000,0,95.50,110.50,-1.00,0.0,100,0,0.00
lateral,60,aguard,v10,10,3,worst,kill,-1.00,0,30.000,4496,2,0.047068,0.276382,0.0000,0,100.50,120.50,-1.00,0.0,100,0,0.00
lateral,60,aguard,v10,10,3,worst,kill,-1.00,0,30.000,4496,3,0.040360,0.916870,0.0000,0,95.50,110.50,365.10,0.0,100,0,0.00
lateral,60,aguard,v10,10,3,worst,kill,-1.00,0,30.000,4496,4,0.033515,0.318060,0.0000,0,105.50,120.50,-1.00,0.0,100,0,0.00
lateral,60,aguard,v10,10,3,worst,kill,-1.00,0,30.000,4496,5,0.428491,2.267686,11.0333,0,90.50,125.50,455.10,0.0,100,0,0.00
lateral,60,aguard,v10,10,3,worst,kill,-1.00,0,30.000,4496,6,0.471580,2.415861,11.9667,0,105.50,105.50,450.10,0.0,100,0,0.00
lateral,60,aguard,v10,10,3,worst,kill,-1.00,0,30.000,4496,7,0.059170,0.764622,0.0000,0,105.50,110.50,415.10,0.0,100,0,0.00
lateral,60,aguard,v10,10,3,worst,kill,-1.00,0,30.000,4496,8,0.066742,0.989417,0.8667,0,105.50,105.50,245.10,0.0,100,0,0.00
lateral,60,aguard,v10,10,3,worst,kill,-1.00,0,30.000,4496,9,0.025580,0.198545,0.0000,0,95.50,115.50,-1.00,0.0,100,0,0.00
lateral,60,aguard,v10,12,3,worst,kill,-1.00,0,30.000,12005,0,0.115503,0.337618,0.0000,0,770.50,790.50,-1.00,0.0,100,0,0.00
lateral,60,aguard,v10,12,3,worst,kill,-1.00,0,30.000,12005,1,0.144475,0.694981,0.5667,0,1080.50,1100.50,-1.00,0.0,100,0,0.00
lateral,60,aguard,v10,12,3,worst,kill,-1.00,0,30.000,12005,2,0.087823,0.894245,0.5667,0,540.50,560.50,395.10,0.0,100,0,0.00
lateral,60,aguard,v10,12,3,worst,kill,-1.00,0,30.000,12005,3,0.103490,0.843263,0.9000,0,540.50,560.50,330.10,0.0,100,0,0.00
lateral,60,aguard,v10,12,3,worst,kill,-1.00,0,30.000,12005,4,0.059848,0.392291,0.0000,0,715.50,730.50,-1.00,0.0,100,0,0.00
lateral,60,aguard,v10,12,3,worst,kill,-1.00,0,30.000,12005,5,0.219876,1.680507,3.2333,0,1090.50,1110.50,480.10,0.0,100,0,0.00
lateral,60,aguard,v10,12,3,worst,kill,-1.00,0,30.000,12005,6,0.464850,2.115201,10.7333,0,1100.50,1120.50,455.10,0.0,100,0,0.00
lateral,60,aguard,v10,12,3,worst,kill,-1.00,0,30.000,12005,7,0.765673,3.157842,16.7000,0,805.50,825.50,415.10,0.0,100,0,0.00
lateral,60,aguard,v10,12,3,worst,kill,-1.00,0,30.000,12005,8,0.269179,2.012818,5.6333,0,1950.50,1970.50,365.10,0.0,100,0,0.00
lateral,60,aguard,v10,12,3,worst,kill,-1.00,0,30.000,12005,9,0.151065,0.409910,0.0000,0,630.50,650.50,-1.00,0.0,100,0,0.00
lateral,60,aguard,v10,12,3,worst,kill,-1.00,0,30.000,12005,10,0.173921,0.667377,0.0000,0,640.50,665.50,305.10,0.0,100,0,0.00
lateral,60,aguard,v10,12,3,worst,kill,-1.00,0,30.000,12005,11,0.166937,0.509026,0.0000,0,670.50,690.50,-1.00,0.0,100,0,0.00
lateral,60,aguard,v10,14,3,worst,kill,-1.00,0,30.000,27038,0,0.880858,2.339260,22.2000,0,805.50,805.50,415.10,0.0,100,0,0.00
lateral,60,aguard,v10,14,3,worst,kill,-1.00,0,30.000,27038,1,0.791132,2.568290,22.4333,0,1160.50,1180.50,395.10,0.0,100,0,0.00
lateral,60,aguard,v10,14,3,worst,kill,-1.00,0,30.000,27038,2,0.606423,2.250572,13.6667,0,1560.50,1585.50,395.10,0.0,100,0,0.00
lateral,60,aguard,v10,14,3,worst,kill,-1.00,0,30.000,27038,3,0.604209,2.398966,12.6667,0,1060.50,1080.50,385.10,0.0,100,0,0.00
lateral,60,aguard,v10,14,3,worst,kill,-1.00,0,30.000,27038,4,0.608464,2.579330,13.9000,0,1370.50,1390.50,295.10,0.0,100,0,0.00
lateral,60,aguard,v10,14,3,worst,kill,-1.00,0,30.000,27038,5,0.575992,1.911916,10.5667,0,1110.50,1130.50,415.10,0.0,100,0,0.00
lateral,60,aguard,v10,14,3,worst,kill,-1.00,0,30.000,27038,6,0.751137,2.867678,16.3667,0,1975.50,1995.50,410.10,0.0,100,0,0.00
lateral,60,aguard,v10,14,3,worst,kill,-1.00,0,30.000,27038,7,0.901249,2.371032,22.1667,0,770.50,790.50,405.10,0.0,100,0,0.00
lateral,60,aguard,v10,14,3,worst,kill,-1.00,0,30.000,27038,8,1.042890,3.082569,26.7000,0,830.50,850.50,385.10,0.0,100,0,0.00
lateral,60,aguard,v10,14,3,worst,kill,-1.00,0,30.000,27038,9,1.011344,2.861707,28.9000,0,840.50,865.50,405.10,0.0,100,0,0.00
lateral,60,aguard,v10,14,3,worst,kill,-1.00,0,30.000,27038,10,0.885979,2.423993,23.2000,0,1520.50,1540.50,380.10,0.0,100,0,0.00
lateral,60,aguard,v10,14,3,worst,kill,-1.00,0,30.000,27038,11,0.798692,2.606488,20.4333,0,1215.50,1235.50,480.10,0.0,100,0,0.00
lateral,60,aguard,v10,14,3,worst,kill,-1.00,0,30.000,27038,12,1.013295,2.715703,24.0667,0,1539.90,1559.90,395.10,0.0,100,0,0.00
lateral,60,aguard,v10,14,3,worst,kill,-1.00,0,30.000,27038,13,0.850254,2.516353,19.2333,0,1540.50,1560.50,375.10,0.0,100,0,0.00
lateral,60,aguard,v10,16,3,worst,kill,-1.00,0,30.000,42057,0,2.213466,4.843777,50.2333,0,2500.50,2520.50,300.10,0.0,100,0,0.00
lateral,60,aguard,v10,16,3,worst,kill,-1.00,0,30.000,42057,1,2.286403,4.582515,49.7667,0,1155.50,1175.50,345.10,0.0,100,0,0.00
lateral,60,aguard,v10,16,3,worst,kill,-1.00,0,30.000,42057,2,2.071343,4.127439,46.9000,0,1240.50,1265.50,315.10,0.0,100,0,0.00
lateral,60,aguard,v10,16,3,worst,kill,-1.00,0,30.000,42057,3,1.975967,4.128461,47.6333,0,990.50,1010.50,390.10,0.0,100,0,0.00
lateral,60,aguard,v10,16,3,worst,kill,-1.00,0,30.000,42057,4,1.934214,4.785799,46.3667,0,1780.50,1810.50,330.10,0.0,100,0,0.00
lateral,60,aguard,v10,16,3,worst,kill,-1.00,0,30.000,42057,5,1.846775,3.531425,44.2000,0,1870.50,1890.50,225.10,0.0,100,0,0.00
lateral,60,aguard,v10,16,3,worst,kill,-1.00,0,30.000,42057,6,2.078965,4.212080,47.4333,0,990.50,1015.50,340.10,0.0,100,0,0.00
lateral,60,aguard,v10,16,3,worst,kill,-1.00,0,30.000,42057,7,1.858793,5.387091,44.5667,0,1990.50,2010.50,315.10,0.0,100,0,0.00
lateral,60,aguard,v10,16,3,worst,kill,-1.00,0,30.000,42057,8,2.056936,5.301976,44.4333,0,2760.50,2780.50,225.10,0.0,100,0,0.00
lateral,60,aguard,v10,16,3,worst,kill,-1.00,0,30.000,42057,9,2.323709,4.367325,49.3333,0,1100.50,1120.50,260.10,0.0,100,0,0.00
lateral,60,aguard,v10,16,3,worst,kill,-1.00,0,30.000,42057,10,2.374221,4.168879,58.3000,0,980.50,980.50,380.10,0.0,100,0,0.00
lateral,60,aguard,v10,16,3,worst,kill,-1.00,0,30.000,42057,11,2.046974,4.379377,49.1333,0,1185.50,1205.50,370.10,0.0,100,0,0.00
lateral,60,aguard,v10,16,3,worst,kill,-1.00,0,30.000,42057,12,2.097701,4.603501,51.2667,0,980.50,980.50,330.10,0.0,100,0,0.00
lateral,60,aguard,v10,16,3,worst,kill,-1.00,0,30.000,42057,13,2.165796,4.493271,49.1000,0,1720.50,1740.50,265.10,0.0,100,0,0.00
lateral,60,aguard,v10,16,3,worst,kill,-1.00,0,30.000,42057,14,2.179761,4.584346,49.3333,0,3080.50,3100.50,375.10,0.0,100,0,0.00
lateral,60,aguard,v10,16,3,worst,kill,-1.00,0,30.000,42057,15,2.434846,4.347138,54.6333,0,1450.50,1470.50,270.10,0.0,100,0,0.00
lateral,60,aguard,v10,18,3,worst,kill,-1.00,0,30.000,57102,0,2.658734,5.840690,52.3333,0,1350.50,1360.50,275.10,0.0,100,1,0.00
lateral,60,aguard,v10,18,3,worst,kill,-1.00,0,30.000,57102,1,2.482833,8.187330,48.4000,0,1565.50,1585.50,305.10,0.0,100,1,0.00
lateral,60,aguard,v10,18,3,worst,kill,-1.00,0,30.000,57102,2,2.306468,5.460465,45.6333,0,2020.50,2040.50,325.10,0.0,100,1,0.00
lateral,60,aguard,v10,18,3,worst,kill,-1.00,0,30.000,57102,3,2.347922,5.403063,47.5000,0,935.50,965.50,290.10,0.0,100,1,0.00
lateral,60,aguard,v10,18,3,worst,kill,-1.00,0,30.000,57102,4,2.278809,4.791759,48.7667,0,700.50,720.50,270.10,0.0,100,1,0.00
lateral,60,aguard,v10,18,3,worst,kill,-1.00,0,30.000,57102,5,2.324941,5.936436,46.0333,0,850.50,870.50,340.10,0.0,100,1,0.00
lateral,60,aguard,v10,18,3,worst,kill,-1.00,0,30.000,57102,6,2.249902,4.887705,45.4000,0,820.50,840.50,315.10,0.0,100,1,0.00
lateral,60,aguard,v10,18,3,worst,kill,-1.00,0,30.000,57102,7,2.454305,8.205672,48.1333,0,805.50,820.50,260.10,0.0,100,1,0.00
lateral,60,aguard,v10,18,3,worst,kill,-1.00,0,30.000,57102,8,2.665034,6.795222,47.9000,0,1180.50,1200.50,155.10,0.0,100,1,0.00
lateral,60,aguard,v10,18,3,worst,kill,-1.00,0,30.000,57102,9,2.373708,7.472880,40.3000,0,2120.50,2140.50,280.10,0.0,100,1,0.00
lateral,60,aguard,v10,18,3,worst,kill,-1.00,0,30.000,57102,10,2.864391,6.432764,52.5000,0,1215.50,1235.50,270.10,0.0,100,1,0.00
lateral,60,aguard,v10,18,3,worst,kill,-1.00,0,30.000,57102,11,2.683133,5.168420,55.2333,0,800.50,825.50,305.10,0.0,100,1,0.00
lateral,60,aguard,v10,18,3,worst,kill,-1.00,0,30.000,57102,12,2.680506,5.700269,55.6000,0,810.50,825.50,285.10,0.0,100,1,0.00
lateral,60,aguard,v10,18,3,worst,kill,-1.00,0,30.000,57102,13,2.387798,6.492759,45.6000,0,680.50,700.50,295.10,0.0,100,1,0.00
lateral,60,aguard,v10,18,3,worst,kill,-1.00,0,30.000,57102,14,2.607040,7.191803,46.3667,0,880.50,900.50,335.10,0.0,100,1,0.00
lateral,60,aguard,v10,18,3,worst,kill,-1.00,0,30.000,57102,15,2.675216,6.711573,50.4667,0,990.50,1005.50,305.10,0.0,100,1,0.00
lateral,60,aguard,v10,18,3,worst,kill,-1.00,0,30.000,57102,16,0.539486,7.774496,6.7667,0,130.50,140.50,70.10,0.0,100,1,0.00
lateral,60,aguard,v10,18,3,worst,kill,-1.00,0,30.000,57102,17,1.398693,7.223644,21.6333,0,430.50,430.50,65.10,0.0,100,1,0.00
lateral,100,aguard,v10,10,3,worst,kill,-1.00,0,30.000,4496,0,0.033678,0.181410,0.0000,0,105.50,105.50,-1.00,0.0,100,0,0.00
lateral,100,aguard,v10,10,3,worst,kill,-1.00,0,30.000,4496,1,0.040600,0.197187,0.0000,0,95.50,110.50,-1.00,0.0,100,0,0.00
lateral,100,aguard,v10,10,3,worst,kill,-1.00,0,30.000,4496,2,0.047068,0.276382,0.0000,0,100.50,120.50,-1.00,0.0,100,0,0.00
lateral,100,aguard,v10,10,3,worst,kill,-1.00,0,30.000,4496,3,0.040360,0.916870,0.0000,0,95.50,110.50,365.10,0.0,100,0,0.00
lateral,100,aguard,v10,10,3,worst,kill,-1.00,0,30.000,4496,4,0.033515,0.318060,0.0000,0,105.50,120.50,-1.00,0.0,100,0,0.00
lateral,100,aguard,v10,10,3,worst,kill,-1.00,0,30.000,4496,5,0.428491,2.267686,11.0333,0,90.50,125.50,455.10,0.0,100,0,0.00
lateral,100,aguard,v10,10,3,worst,kill,-1.00,0,30.000,4496,6,0.471580,2.415861,11.9667,0,105.50,105.50,450.10,0.0,100,0,0.00
lateral,100,aguard,v10,10,3,worst,kill,-1.00,0,30.000,4496,7,0.059170,0.764622,0.0000,0,105.50,110.50,415.10,0.0,100,0,0.00
lateral,100,aguard,v10,10,3,worst,kill,-1.00,0,30.000,4496,8,0.066742,0.989417,0.8667,0,105.50,105.50,245.10,0.0,100,0,0.00
lateral,100,aguard,v10,10,3,worst,kill,-1.00,0,30.000,4496,9,0.025580,0.198545,0.0000,0,95.50,115.50,-1.00,0.0,100,0,0.00
lateral,100,aguard,v10,12,3,worst,kill,-1.00,0,30.000,12005,0,0.115503,0.337618,0.0000,0,770.50,790.50,-1.00,0.0,100,0,0.00
lateral,100,aguard,v10,12,3,worst,kill,-1.00,0,30.000,12005,1,0.144475,0.694981,0.5667,0,1080.50,1100.50,-1.00,0.0,100,0,0.00
lateral,100,aguard,v10,12,3,worst,kill,-1.00,0,30.000,12005,2,0.087823,0.894245,0.5667,0,540.50,560.50,395.10,0.0,100,0,0.00
lateral,100,aguard,v10,12,3,worst,kill,-1.00,0,30.000,12005,3,0.103490,0.843263,0.9000,0,540.50,560.50,330.10,0.0,100,0,0.00
lateral,100,aguard,v10,12,3,worst,kill,-1.00,0,30.000,12005,4,0.059848,0.392291,0.0000,0,715.50,730.50,-1.00,0.0,100,0,0.00
lateral,100,aguard,v10,12,3,worst,kill,-1.00,0,30.000,12005,5,0.219876,1.680507,3.2333,0,1090.50,1110.50,480.10,0.0,100,0,0.00
lateral,100,aguard,v10,12,3,worst,kill,-1.00,0,30.000,12005,6,0.464850,2.115201,10.7333,0,1100.50,1120.50,455.10,0.0,100,0,0.00
lateral,100,aguard,v10,12,3,worst,kill,-1.00,0,30.000,12005,7,0.765673,3.157842,16.7000,0,805.50,825.50,415.10,0.0,100,0,0.00
lateral,100,aguard,v10,12,3,worst,kill,-1.00,0,30.000,12005,8,0.269179,2.012818,5.6333,0,1950.50,1970.50,365.10,0.0,100,0,0.00
lateral,100,aguard,v10,12,3,worst,kill,-1.00,0,30.000,12005,9,0.151065,0.409910,0.0000,0,630.50,650.50,-1.00,0.0,100,0,0.00
lateral,100,aguard,v10,12,3,worst,kill,-1.00,0,30.000,12005,10,0.173921,0.667377,0.0000,0,640.50,665.50,305.10,0.0,100,0,0.00
lateral,100,aguard,v10,12,3,worst,kill,-1.00,0,30.000,12005,11,0.166937,0.509026,0.0000,0,670.50,690.50,-1.00,0.0,100,0,0.00
lateral,100,aguard,v10,14,3,worst,kill,-1.00,0,30.000,27042,0,0.765006,2.339260,18.8667,0,860.50,880.50,415.10,0.0,100,0,0.00
lateral,100,aguard,v10,14,3,worst,kill,-1.00,0,30.000,27042,1,0.631837,2.032338,16.3000,0,1230.50,1250.50,430.10,0.0,100,0,0.00
lateral,100,aguard,v10,14,3,worst,kill,-1.00,0,30.000,27042,2,0.588034,2.250572,14.3333,0,1560.50,1585.50,395.10,0.0,100,0,0.00
lateral,100,aguard,v10,14,3,worst,kill,-1.00,0,30.000,27042,3,0.554534,2.142612,12.1333,0,1060.50,1080.50,405.10,0.0,100,0,0.00
lateral,100,aguard,v10,14,3,worst,kill,-1.00,0,30.000,27042,4,0.411710,0.856100,7.5667,0,1270.50,1295.50,435.10,0.0,100,0,0.00
lateral,100,aguard,v10,14,3,worst,kill,-1.00,0,30.000,27042,5,0.457575,1.922457,5.6000,0,1110.50,1130.50,415.10,0.0,100,0,0.00
lateral,100,aguard,v10,14,3,worst,kill,-1.00,0,30.000,27042,6,0.629870,2.510693,11.1333,0,1000.50,1020.50,280.10,0.0,100,0,0.00
lateral,100,aguard,v10,14,3,worst,kill,-1.00,0,30.000,27042,7,0.896936,2.252826,20.7333,0,940.50,965.50,355.10,0.0,100,0,0.00
lateral,100,aguard,v10,14,3,worst,kill,-1.00,0,30.000,27042,8,1.000973,3.101162,25.7667,0,2600.50,2625.50,395.10,0.0,100,0,0.00
lateral,100,aguard,v10,14,3,worst,kill,-1.00,0,30.000,27042,9,0.961459,2.861707,27.1333,0,800.50,820.50,395.10,0.0,100,0,0.00
lateral,100,aguard,v10,14,3,worst,kill,-1.00,0,30.000,27042,10,0.809688,2.300082,20.9667,0,1520.50,1540.50,380.10,0.0,100,0,0.00
lateral,100,aguard,v10,14,3,worst,kill,-1.00,0,30.000,27042,11,0.790406,2.597394,16.8333,0,2080.50,2100.50,405.10,0.0,100,0,0.00
lateral,100,aguard,v10,14,3,worst,kill,-1.00,0,30.000,27042,12,0.950031,2.346248,24.0667,0,1604.90,1624.90,395.10,0.0,100,0,0.00
lateral,100,aguard,v10,14,3,worst,kill,-1.00,0,30.000,27042,13,0.869658,2.505162,21.0667,0,1540.50,1560.50,375.10,0.0,100,0,0.00
lateral,100,aguard,v10,16,3,worst,kill,-1.00,0,30.000,42093,0,2.258455,4.895939,51.7000,0,1690.50,1710.50,380.10,0.0,100,0,0.00
lateral,100,aguard,v10,16,3,worst,kill,-1.00,0,30.000,42093,1,2.293129,4.914899,49.4667,0,1155.50,1175.50,285.10,0.0,100,0,0.00
lateral,100,aguard,v10,16,3,worst,kill,-1.00,0,30.000,42093,2,2.076023,4.450131,46.9000,0,1240.50,1265.50,275.10,0.0,100,0,0.00
lateral,100,aguard,v10,16,3,worst,kill,-1.00,0,30.000,42093,3,1.949513,3.342016,47.8333,0,970.50,990.50,325.10,0.0,100,0,0.00
lateral,100,aguard,v10,16,3,worst,kill,-1.00,0,30.000,42093,4,2.133463,4.307362,50.2667,0,840.50,860.50,330.10,0.0,100,0,0.00
lateral,100,aguard,v10,16,3,worst,kill,-1.00,0,30.000,42093,5,1.881401,3.898454,45.1000,0,1870.50,1890.50,225.10,0.0,100,0,0.00
lateral,100,aguard,v10,16,3,worst,kill,-1.00,0,30.000,42093,6,2.061374,4.521654,46.5667,0,1620.50,1645.50,300.10,0.0,100,0,0.00
lateral,100,aguard,v10,16,3,worst,kill,-1.00,0,30.000,42093,7,2.049691,6.053714,42.9667,0,1990.50,2010.50,330.10,0.0,100,0,0.00
lateral,100,aguard,v10,16,3,worst,kill,-1.00,0,30.000,42093,8,2.243034,5.215913,46.5000,0,1650.50,1670.50,235.10,0.0,100,0,0.00
lateral,100,aguard,v10,16,3,worst,kill,-1.00,0,30.000,42093,9,2.297155,4.281281,48.4667,0,1100.50,1120.50,370.10,0.0,100,0,0.00
lateral,100,aguard,v10,16,3,worst,kill,-1.00,0,30.000,42093,10,2.451569,3.887350,59.2333,0,980.50,980.50,300.10,0.0,100,0,0.00
lateral,100,aguard,v10,16,3,worst,kill,-1.00,0,30.000,42093,11,2.201171,4.217240,50.7000,0,1185.50,1205.50,340.10,0.0,100,0,0.00
lateral,100,aguard,v10,16,3,worst,kill,-1.00,0,30.000,42093,12,2.314391,5.915405,51.6333,0,980.50,980.50,370.10,0.0,100,0,0.00
lateral,100,aguard,v10,16,3,worst,kill,-1.00,0,30.000,42093,13,2.382557,4.490920,51.9333,0,1320.50,1340.50,265.10,0.0,100,0,0.00
lateral,100,aguard,v10,16,3,worst,kill,-1.00,0,30.000,42093,14,2.299667,5.010629,51.4667,0,3080.50,3100.50,330.10,0.0,100,0,0.00
lateral,100,aguard,v10,16,3,worst,kill,-1.00,0,30.000,42093,15,2.398310,3.767302,54.1333,0,1450.50,1470.50,320.10,0.0,100,0,0.00
lateral,100,aguard,v10,18,3,worst,kill,-1.00,0,30.000,57069,0,2.461923,4.696020,51.3000,0,1370.50,1390.50,375.10,0.0,100,0,0.00
lateral,100,aguard,v10,18,3,worst,kill,-1.00,0,30.000,57069,1,2.249492,4.669157,47.3333,0,2045.50,2065.50,310.10,0.0,100,0,0.00
lateral,100,aguard,v10,18,3,worst,kill,-1.00,0,30.000,57069,2,2.150183,4.777505,43.4333,0,2020.50,2040.50,350.10,0.0,100,0,0.00
lateral,100,aguard,v10,18,3,worst,kill,-1.00,0,30.000,57069,3,2.099168,4.330294,46.1000,0,1380.50,1400.50,320.10,0.0,100,0,0.00
lateral,100,aguard,v10,18,3,worst,kill,-1.00,0,30.000,57069,4,2.172646,4.113127,48.3333,0,695.50,710.50,300.10,0.0,100,0,0.00
lateral,100,aguard,v10,18,3,worst,kill,-1.00,0,30.000,57069,5,2.213889,5.881792,45.1333,0,795.50,815.50,355.10,0.0,100,0,0.00
lateral,100,aguard,v10,18,3,worst,kill,-1.00,0,30.000,57069,6,2.175136,4.444083,45.6000,0,820.50,840.50,350.10,0.0,100,0,0.00
lateral,100,aguard,v10,18,3,worst,kill,-1.00,0,30.000,57069,7,2.148057,4.553086,47.7000,0,2930.50,2970.50,185.10,0.0,100,0,0.00
lateral,100,aguard,v10,18,3,worst,kill,-1.00,0,30.000,57069,8,2.692360,7.098126,48.5333,0,1430.50,1450.50,230.10,0.0,100,0,0.00
lateral,100,aguard,v10,18,3,worst,kill,-1.00,0,30.000,57069,9,2.197422,5.192667,43.0667,0,2095.50,2110.50,195.10,0.0,100,0,0.00
lateral,100,aguard,v10,18,3,worst,kill,-1.00,0,30.000,57069,10,2.752923,5.332027,51.5333,0,1215.50,1235.50,260.10,0.0,100,0,0.00
lateral,100,aguard,v10,18,3,worst,kill,-1.00,0,30.000,57069,11,2.483856,5.341558,54.3000,0,720.50,740.50,315.10,0.0,100,0,0.00
lateral,100,aguard,v10,18,3,worst,kill,-1.00,0,30.000,57069,12,2.452289,4.961286,54.7667,0,805.50,825.50,305.10,0.0,100,0,0.00
lateral,100,aguard,v10,18,3,worst,kill,-1.00,0,30.000,57069,13,2.217879,4.839270,44.3333,0,770.50,790.50,290.10,0.0,100,0,0.00
lateral,100,aguard,v10,18,3,worst,kill,-1.00,0,30.000,57069,14,2.329552,5.332122,45.5333,0,880.50,900.50,325.10,0.0,100,0,0.00
lateral,100,aguard,v10,18,3,worst,kill,-1.00,0,30.000,57069,15,2.597395,7.518426,51.2667,0,1360.50,1385.50,305.10,0.0,100,0,0.00
lateral,100,aguard,v10,18,3,worst,kill,-1.00,0,30.000,57069,16,0.449325,6.237145,6.5333,0,26800.50,26800.50,125.10,0.0,100,0,0.00
lateral,100,aguard,v10,18,3,worst,kill,-1.00,0,30.000,57069,17,1.249316,6.244412,21.5000,0,21040.50,21040.50,115.10,0.0,100,0,0.00
lateral,150,aguard,v10,10,3,worst,kill,-1.00,0,30.000,4496,0,0.033678,0.181410,0.0000,0,105.50,105.50,-1.00,0.0,100,0,0.00
lateral,150,aguard,v10,10,3,worst,kill,-1.00,0,30.000,4496,1,0.040600,0.197187,0.0000,0,95.50,110.50,-1.00,0.0,100,0,0.00
lateral,150,aguard,v10,10,3,worst,kill,-1.00,0,30.000,4496,2,0.047068,0.276382,0.0000,0,100.50,120.50,-1.00,0.0,100,0,0.00
lateral,150,aguard,v10,10,3,worst,kill,-1.00,0,30.000,4496,3,0.040360,0.916870,0.0000,0,95.50,110.50,365.10,0.0,100,0,0.00
lateral,150,aguard,v10,10,3,worst,kill,-1.00,0,30.000,4496,4,0.033515,0.318060,0.0000,0,105.50,120.50,-1.00,0.0,100,0,0.00
lateral,150,aguard,v10,10,3,worst,kill,-1.00,0,30.000,4496,5,0.428491,2.267686,11.0333,0,90.50,125.50,455.10,0.0,100,0,0.00
lateral,150,aguard,v10,10,3,worst,kill,-1.00,0,30.000,4496,6,0.471580,2.415861,11.9667,0,105.50,105.50,450.10,0.0,100,0,0.00
lateral,150,aguard,v10,10,3,worst,kill,-1.00,0,30.000,4496,7,0.059170,0.764622,0.0000,0,105.50,110.50,415.10,0.0,100,0,0.00
lateral,150,aguard,v10,10,3,worst,kill,-1.00,0,30.000,4496,8,0.066742,0.989417,0.8667,0,105.50,105.50,245.10,0.0,100,0,0.00
lateral,150,aguard,v10,10,3,worst,kill,-1.00,0,30.000,4496,9,0.025580,0.198545,0.0000,0,95.50,115.50,-1.00,0.0,100,0,0.00
lateral,150,aguard,v10,12,3,worst,kill,-1.00,0,30.000,12005,0,0.115503,0.337618,0.0000,0,770.50,790.50,-1.00,0.0,100,0,0.00
lateral,150,aguard,v10,12,3,worst,kill,-1.00,0,30.000,12005,1,0.144475,0.694981,0.5667,0,1080.50,1100.50,-1.00,0.0,100,0,0.00
lateral,150,aguard,v10,12,3,worst,kill,-1.00,0,30.000,12005,2,0.087823,0.894245,0.5667,0,540.50,560.50,395.10,0.0,100,0,0.00
lateral,150,aguard,v10,12,3,worst,kill,-1.00,0,30.000,12005,3,0.103490,0.843263,0.9000,0,540.50,560.50,330.10,0.0,100,0,0.00
lateral,150,aguard,v10,12,3,worst,kill,-1.00,0,30.000,12005,4,0.059848,0.392291,0.0000,0,715.50,730.50,-1.00,0.0,100,0,0.00
lateral,150,aguard,v10,12,3,worst,kill,-1.00,0,30.000,12005,5,0.219876,1.680507,3.2333,0,1090.50,1110.50,480.10,0.0,100,0,0.00
lateral,150,aguard,v10,12,3,worst,kill,-1.00,0,30.000,12005,6,0.464850,2.115201,10.7333,0,1100.50,1120.50,455.10,0.0,100,0,0.00
lateral,150,aguard,v10,12,3,worst,kill,-1.00,0,30.000,12005,7,0.765673,3.157842,16.7000,0,805.50,825.50,415.10,0.0,100,0,0.00
lateral,150,aguard,v10,12,3,worst,kill,-1.00,0,30.000,12005,8,0.269179,2.012818,5.6333,0,1950.50,1970.50,365.10,0.0,100,0,0.00
lateral,150,aguard,v10,12,3,worst,kill,-1.00,0,30.000,12005,9,0.151065,0.409910,0.0000,0,630.50,650.50,-1.00,0.0,100,0,0.00
lateral,150,aguard,v10,12,3,worst,kill,-1.00,0,30.000,12005,10,0.173921,0.667377,0.0000,0,640.50,665.50,305.10,0.0,100,0,0.00
lateral,150,aguard,v10,12,3,worst,kill,-1.00,0,30.000,12005,11,0.166937,0.509026,0.0000,0,670.50,690.50,-1.00,0.0,100,0,0.00
lateral,150,aguard,v10,14,3,worst,kill,-1.00,0,30.000,27046,0,0.874754,2.568477,21.6667,0,980.50,1000.50,395.10,0.0,100,0,0.00
lateral,150,aguard,v10,14,3,worst,kill,-1.00,0,30.000,27046,1,0.629402,2.032338,15.9000,0,1230.50,1250.50,430.10,0.0,100,0,0.00
lateral,150,aguard,v10,14,3,worst,kill,-1.00,0,30.000,27046,2,0.573111,2.250572,13.0333,0,1560.50,1585.50,395.10,0.0,100,0,0.00
lateral,150,aguard,v10,14,3,worst,kill,-1.00,0,30.000,27046,3,0.561945,2.378630,12.2000,0,1080.50,1100.50,405.10,0.0,100,0,0.00
lateral,150,aguard,v10,14,3,worst,kill,-1.00,0,30.000,27046,4,0.414861,1.042584,7.3667,0,1270.50,1295.50,435.10,0.0,100,0,0.00
lateral,150,aguard,v10,14,3,worst,kill,-1.00,0,30.000,27046,5,0.461711,1.819317,5.9667,0,1110.50,1130.50,415.10,0.0,100,0,0.00
lateral,150,aguard,v10,14,3,worst,kill,-1.00,0,30.000,27046,6,0.649237,2.699251,12.5667,0,1000.50,1020.50,350.10,0.0,100,0,0.00
lateral,150,aguard,v10,14,3,worst,kill,-1.00,0,30.000,27046,7,0.916056,2.252826,22.5000,0,940.50,965.50,355.10,0.0,100,0,0.00
lateral,150,aguard,v10,14,3,worst,kill,-1.00,0,30.000,27046,8,1.036142,3.101162,26.8667,0,2540.50,2560.50,395.10,0.0,100,0,0.00
lateral,150,aguard,v10,14,3,worst,kill,-1.00,0,30.000,27046,9,0.989349,2.861707,28.0000,0,800.50,820.50,400.10,0.0,100,0,0.00
lateral,150,aguard,v10,14,3,worst,kill,-1.00,0,30.000,27046,10,0.828627,2.300082,21.4667,0,1520.50,1540.50,380.10,0.0,100,0,0.00
lateral,150,aguard,v10,14,3,worst,kill,-1.00,0,30.000,27046,11,0.770907,2.599213,18.4667,0,2080.50,2100.50,440.10,0.0,100,0,0.00
lateral,150,aguard,v10,14,3,worst,kill,-1.00,0,30.000,27046,12,0.974816,2.216039,24.0333,0,760.50,780.50,395.10,0.0,100,0,0.00
lateral,150,aguard,v10,14,3,worst,kill,-1.00,0,30.000,27046,13,0.883907,2.505162,21.7333,0,1540.50,1560.50,375.10,0.0,100,0,0.00
lateral,150,aguard,v10,16,3,worst,kill,-1.00,0,30.000,42072,0,2.115581,4.434420,50.0667,0,1670.50,1690.50,365.10,0.0,100,0,0.00
lateral,150,aguard,v10,16,3,worst,kill,-1.00,0,30.000,42072,1,2.340683,4.787544,52.7333,0,1215.50,1230.50,305.10,0.0,100,0,0.00
lateral,150,aguard,v10,16,3,worst,kill,-1.00,0,30.000,42072,2,1.983032,4.099684,45.9667,0,1240.50,1265.50,385.10,0.0,100,0,0.00
lateral,150,aguard,v10,16,3,worst,kill,-1.00,0,30.000,42072,3,2.035749,3.723923,47.9000,0,1050.50,1070.50,320.10,0.0,100,0,0.00
lateral,150,aguard,v10,16,3,worst,kill,-1.00,0,30.000,42072,4,2.195023,4.751779,50.5667,0,840.50,860.50,330.10,0.0,100,0,0.00
lateral,150,aguard,v10,16,3,worst,kill,-1.00,0,30.000,42072,5,1.881697,3.898372,44.0000,0,1870.50,1890.50,225.10,0.0,100,0,0.00
lateral,150,aguard,v10,16,3,worst,kill,-1.00,0,30.000,42072,6,2.073027,4.269023,47.4333,0,990.50,1015.50,400.10,0.0,100,0,0.00
lateral,150,aguard,v10,16,3,worst,kill,-1.00,0,30.000,42072,7,2.290747,5.953057,49.8667,0,1990.50,2010.50,330.10,0.0,100,0,0.00
lateral,150,aguard,v10,16,3,worst,kill,-1.00,0,30.000,42072,8,2.264474,5.968025,49.2667,0,1665.50,1685.50,265.10,0.0,100,0,0.00
lateral,150,aguard,v10,16,3,worst,kill,-1.00,0,30.000,42072,9,2.305708,4.495935,48.5667,0,1100.50,1120.50,290.10,0.0,100,0,0.00
lateral,150,aguard,v10,16,3,worst,kill,-1.00,0,30.000,42072,10,2.437543,3.694587,59.4667,0,1090.50,1110.50,330.10,0.0,100,0,0.00
lateral,150,aguard,v10,16,3,worst,kill,-1.00,0,30.000,42072,11,2.237380,4.818638,51.6333,0,1185.50,1205.50,385.10,0.0,100,0,0.00
lateral,150,aguard,v10,16,3,worst,kill,-1.00,0,30.000,42072,12,2.320095,5.649859,52.1000,0,980.50,980.50,320.10,0.0,100,0,0.00
lateral,150,aguard,v10,16,3,worst,kill,-1.00,0,30.000,42072,13,2.443338,6.165872,52.2333,0,1320.50,1340.50,265.10,0.0,100,0,0.00
lateral,150,aguard,v10,16,3,worst,kill,-1.00,0,30.000,42072,14,2.081370,6.589597,49.4333,0,3080.50,3100.50,280.10,0.0,100,0,0.00
lateral,150,aguard,v10,16,3,worst,kill,-1.00,0,30.000,42072,15,2.423821,5.091893,53.8000,0,1450.50,1470.50,355.10,0.0,100,0,0.00
lateral,150,aguard,v10,18,3,worst,kill,-1.00,0,30.000,57066,0,2.416312,6.492625,50.8667,0,1320.50,1340.50,215.10,0.0,100,0,0.00
lateral,150,aguard,v10,18,3,worst,kill,-1.00,0,30.000,57066,1,1.839288,4.435700,42.4333,0,2605.50,2625.50,355.10,0.0,100,0,0.00
lateral,150,aguard,v10,18,3,worst,kill,-1.00,0,30.000,57066,2,2.130466,4.958633,44.5333,0,2050.50,2070.50,340.10,0.0,100,0,0.00
lateral,150,aguard,v10,18,3,worst,kill,-1.00,0,30.000,57066,3,2.013193,3.806708,46.6333,0,1240.50,1265.50,300.10,0.0,100,0,0.00
lateral,150,aguard,v10,18,3,worst,kill,-1.00,0,30.000,57066,4,2.060820,4.479529,46.9000,0,970.50,990.50,345.10,0.0,100,0,0.00
lateral,150,aguard,v10,18,3,worst,kill,-1.00,0,30.000,57066,5,1.729955,4.007321,43.2000,0,2655.50,2655.50,380.10,0.0,100,0,0.00
lateral,150,aguard,v10,18,3,worst,kill,-1.00,0,30.000,57066,6,1.929245,4.281987,43.1333,0,820.50,840.50,385.10,0.0,100,0,0.00
lateral,150,aguard,v10,18,3,worst,kill,-1.00,0,30.000,57066,7,2.118523,5.887792,44.9333,0,805.50,820.50,375.10,0.0,100,0,0.00
lateral,150,aguard,v10,18,3,worst,kill,-1.00,0,30.000,57066,8,2.205156,6.276814,45.0667,0,1590.50,1610.50,225.10,0.0,100,0,0.00
lateral,150,aguard,v10,18,3,worst,kill,-1.00,0,30.000,57066,9,2.157261,4.823717,40.4667,0,1210.50,1230.50,315.10,0.0,100,0,0.00
lateral,150,aguard,v10,18,3,worst,kill,-1.00,0,30.000,57066,10,2.568058,5.310614,50.6333,0,1215.50,1235.50,245.10,0.0,100,0,0.00
lateral,150,aguard,v10,18,3,worst,kill,-1.00,0,30.000,57066,11,2.193672,3.878127,51.6333,0,980.50,980.50,340.10,0.0,100,0,0.00
lateral,150,aguard,v10,18,3,worst,kill,-1.00,0,30.000,57066,12,2.104952,4.030089,50.1000,0,1245.50,1265.50,325.10,0.0,100,0,0.00
lateral,150,aguard,v10,18,3,worst,kill,-1.00,0,30.000,57066,13,2.008916,4.489692,42.8333,0,860.50,880.50,300.10,0.0,100,0,0.00
lateral,150,aguard,v10,18,3,worst,kill,-1.00,0,30.000,57066,14,2.116112,6.067239,42.9667,0,1595.50,1615.50,355.10,0.0,100,0,0.00
lateral,150,aguard,v10,18,3,worst,kill,-1.00,0,30.000,57066,15,2.291143,4.247448,47.9333,0,980.50,1005.50,305.10,0.0,100,0,0.00
lateral,150,aguard,v10,18,3,worst,kill,-1.00,0,30.000,57066,16,0.415337,5.668965,6.4333,0,120.50,120.50,160.10,0.0,100,0,0.00
lateral,150,aguard,v10,18,3,worst,kill,-1.00,0,30.000,57066,17,1.067812,5.401911,19.7667,0,545.50,575.50,155.10,0.0,100,0,0.00
lateral,200,aguard,v10,10,3,worst,kill,-1.00,0,30.000,4496,0,0.033678,0.181410,0.0000,0,105.50,105.50,-1.00,0.0,100,0,0.00
lateral,200,aguard,v10,10,3,worst,kill,-1.00,0,30.000,4496,1,0.040600,0.197187,0.0000,0,95.50,110.50,-1.00,0.0,100,0,0.00
lateral,200,aguard,v10,10,3,worst,kill,-1.00,0,30.000,4496,2,0.047068,0.276382,0.0000,0,100.50,120.50,-1.00,0.0,100,0,0.00
lateral,200,aguard,v10,10,3,worst,kill,-1.00,0,30.000,4496,3,0.040360,0.916870,0.0000,0,95.50,110.50,365.10,0.0,100,0,0.00
lateral,200,aguard,v10,10,3,worst,kill,-1.00,0,30.000,4496,4,0.033515,0.318060,0.0000,0,105.50,120.50,-1.00,0.0,100,0,0.00
lateral,200,aguard,v10,10,3,worst,kill,-1.00,0,30.000,4496,5,0.428491,2.267686,11.0333,0,90.50,125.50,455.10,0.0,100,0,0.00
lateral,200,aguard,v10,10,3,worst,kill,-1.00,0,30.000,4496,6,0.471580,2.415861,11.9667,0,105.50,105.50,450.10,0.0,100,0,0.00
lateral,200,aguard,v10,10,3,worst,kill,-1.00,0,30.000,4496,7,0.059170,0.764622,0.0000,0,105.50,110.50,415.10,0.0,100,0,0.00
lateral,200,aguard,v10,10,3,worst,kill,-1.00,0,30.000,4496,8,0.066742,0.989417,0.8667,0,105.50,105.50,245.10,0.0,100,0,0.00
lateral,200,aguard,v10,10,3,worst,kill,-1.00,0,30.000,4496,9,0.025580,0.198545,0.0000,0,95.50,115.50,-1.00,0.0,100,0,0.00
lateral,200,aguard,v10,12,3,worst,kill,-1.00,0,30.000,12005,0,0.115503,0.337618,0.0000,0,770.50,790.50,-1.00,0.0,100,0,0.00
lateral,200,aguard,v10,12,3,worst,kill,-1.00,0,30.000,12005,1,0.144475,0.694981,0.5667,0,1080.50,1100.50,-1.00,0.0,100,0,0.00
lateral,200,aguard,v10,12,3,worst,kill,-1.00,0,30.000,12005,2,0.087823,0.894245,0.5667,0,540.50,560.50,395.10,0.0,100,0,0.00
lateral,200,aguard,v10,12,3,worst,kill,-1.00,0,30.000,12005,3,0.103490,0.843263,0.9000,0,540.50,560.50,330.10,0.0,100,0,0.00
lateral,200,aguard,v10,12,3,worst,kill,-1.00,0,30.000,12005,4,0.059848,0.392291,0.0000,0,715.50,730.50,-1.00,0.0,100,0,0.00
lateral,200,aguard,v10,12,3,worst,kill,-1.00,0,30.000,12005,5,0.219876,1.680507,3.2333,0,1090.50,1110.50,480.10,0.0,100,0,0.00
lateral,200,aguard,v10,12,3,worst,kill,-1.00,0,30.000,12005,6,0.464850,2.115201,10.7333,0,1100.50,1120.50,455.10,0.0,100,0,0.00
lateral,200,aguard,v10,12,3,worst,kill,-1.00,0,30.000,12005,7,0.765673,3.157842,16.7000,0,805.50,825.50,415.10,0.0,100,0,0.00
lateral,200,aguard,v10,12,3,worst,kill,-1.00,0,30.000,12005,8,0.269179,2.012818,5.6333,0,1950.50,1970.50,365.10,0.0,100,0,0.00
lateral,200,aguard,v10,12,3,worst,kill,-1.00,0,30.000,12005,9,0.151065,0.409910,0.0000,0,630.50,650.50,-1.00,0.0,100,0,0.00
lateral,200,aguard,v10,12,3,worst,kill,-1.00,0,30.000,12005,10,0.173921,0.667377,0.0000,0,640.50,665.50,305.10,0.0,100,0,0.00
lateral,200,aguard,v10,12,3,worst,kill,-1.00,0,30.000,12005,11,0.166937,0.509026,0.0000,0,670.50,690.50,-1.00,0.0,100,0,0.00
lateral,200,aguard,v10,14,3,worst,kill,-1.00,0,30.000,27043,0,0.874851,2.568477,21.6667,0,980.50,1000.50,395.10,0.0,100,0,0.00
lateral,200,aguard,v10,14,3,worst,kill,-1.00,0,30.000,27043,1,0.630131,2.032338,15.9000,0,1230.50,1250.50,420.10,0.0,100,0,0.00
lateral,200,aguard,v10,14,3,worst,kill,-1.00,0,30.000,27043,2,0.575837,2.250572,13.0333,0,1560.50,1585.50,395.10,0.0,100,0,0.00
lateral,200,aguard,v10,14,3,worst,kill,-1.00,0,30.000,27043,3,0.562292,2.369036,12.2333,0,1080.50,1100.50,405.10,0.0,100,0,0.00
lateral,200,aguard,v10,14,3,worst,kill,-1.00,0,30.000,27043,4,0.416992,1.096571,7.4000,0,1270.50,1295.50,435.10,0.0,100,0,0.00
lateral,200,aguard,v10,14,3,worst,kill,-1.00,0,30.000,27043,5,0.471904,1.988888,6.8000,0,1110.50,1130.50,415.10,0.0,100,0,0.00
lateral,200,aguard,v10,14,3,worst,kill,-1.00,0,30.000,27043,6,0.648545,2.679307,12.6333,0,1000.50,1020.50,290.10,0.0,100,0,0.00
lateral,200,aguard,v10,14,3,worst,kill,-1.00,0,30.000,27043,7,0.915907,2.252826,22.5333,0,940.50,965.50,355.10,0.0,100,0,0.00
lateral,200,aguard,v10,14,3,worst,kill,-1.00,0,30.000,27043,8,1.038540,3.101162,27.3667,0,2540.50,2560.50,395.10,0.0,100,0,0.00
lateral,200,aguard,v10,14,3,worst,kill,-1.00,0,30.000,27043,9,0.988660,2.861707,28.0000,0,800.50,820.50,395.10,0.0,100,0,0.00
lateral,200,aguard,v10,14,3,worst,kill,-1.00,0,30.000,27043,10,0.828562,2.300082,21.4667,0,1520.50,1540.50,380.10,0.0,100,0,0.00
lateral,200,aguard,v10,14,3,worst,kill,-1.00,0,30.000,27043,11,0.770945,2.599213,18.4667,0,2080.50,2100.50,440.10,0.0,100,0,0.00
lateral,200,aguard,v10,14,3,worst,kill,-1.00,0,30.000,27043,12,0.974766,2.216039,24.0333,0,760.50,780.50,395.10,0.0,100,0,0.00
lateral,200,aguard,v10,14,3,worst,kill,-1.00,0,30.000,27043,13,0.882683,2.505162,21.6000,0,1540.50,1560.50,375.10,0.0,100,0,0.00
lateral,200,aguard,v10,16,3,worst,kill,-1.00,0,30.000,42069,0,2.378660,5.354854,53.1667,0,940.50,965.50,390.10,0.0,100,0,0.00
lateral,200,aguard,v10,16,3,worst,kill,-1.00,0,30.000,42069,1,2.517845,6.261600,52.7667,0,1155.50,1175.50,345.10,0.0,100,0,0.00
lateral,200,aguard,v10,16,3,worst,kill,-1.00,0,30.000,42069,2,2.138545,4.544752,47.7667,0,1240.50,1265.50,345.10,0.0,100,0,0.00
lateral,200,aguard,v10,16,3,worst,kill,-1.00,0,30.000,42069,3,2.132446,3.712147,48.7000,0,1045.50,1060.50,395.10,0.0,100,0,0.00
lateral,200,aguard,v10,16,3,worst,kill,-1.00,0,30.000,42069,4,2.175315,4.679380,50.9667,0,840.50,860.50,330.10,0.0,100,0,0.00
lateral,200,aguard,v10,16,3,worst,kill,-1.00,0,30.000,42069,5,2.083411,4.723206,46.1333,0,1870.50,1890.50,225.10,0.0,100,0,0.00
lateral,200,aguard,v10,16,3,worst,kill,-1.00,0,30.000,42069,6,2.268587,5.298012,48.9333,0,990.50,1015.50,395.10,0.0,100,0,0.00
lateral,200,aguard,v10,16,3,worst,kill,-1.00,0,30.000,42069,7,2.195955,4.868640,50.6000,0,1990.50,2010.50,345.10,0.0,100,0,0.00
lateral,200,aguard,v10,16,3,worst,kill,-1.00,0,30.000,42069,8,2.273929,6.745665,47.2667,0,1650.50,1670.50,250.10,0.0,100,0,0.00
lateral,200,aguard,v10,16,3,worst,kill,-1.00,0,30.000,42069,9,2.403891,4.053420,49.3000,0,1100.50,1120.50,335.10,0.0,100,0,0.00
lateral,200,aguard,v10,16,3,worst,kill,-1.00,0,30.000,42069,10,2.528248,4.090618,59.0000,0,980.50,980.50,385.10,0.0,100,0,0.00
lateral,200,aguard,v10,16,3,worst,kill,-1.00,0,30.000,42069,11,2.348305,4.760274,52.0333,0,1185.50,1205.50,390.10,0.0,100,0,0.00
lateral,200,aguard,v10,16,3,worst,kill,-1.00,0,30.000,42069,12,2.409511,6.001011,53.0333,0,1160.50,1170.50,300.10,0.0,100,0,0.00
lateral,200,aguard,v10,16,3,worst,kill,-1.00,0,30.000,42069,13,2.543257,6.058396,52.8333,0,1320.50,1340.50,265.10,0.0,100,0,0.00
lateral,200,aguard,v10,16,3,worst,kill,-1.00,0,30.000,42069,14,2.472670,7.174164,52.2000,0,3080.50,3100.50,380.10,0.0,100,0,0.00
lateral,200,aguard,v10,16,3,worst,kill,-1.00,0,30.000,42069,15,2.369776,4.048531,53.4000,0,1450.50,1470.50,400.10,0.0,100,0,0.00
lateral,200,aguard,v10,18,3,worst,kill,-1.00,0,30.000,57045,0,2.057014,4.669148,45.2333,0,1450.50,1470.50,380.10,0.0,100,0,0.00
lateral,200,aguard,v10,18,3,worst,kill,-1.00,0,30.000,57045,1,2.007731,4.207398,45.0667,0,975.50,975.50,395.10,0.0,100,0,0.00
lateral,200,aguard,v10,18,3,worst,kill,-1.00,0,30.000,57045,2,1.716394,4.835304,38.7333,0,2020.50,2040.50,355.10,0.0,100,0,0.00
lateral,200,aguard,v10,18,3,worst,kill,-1.00,0,30.000,57045,3,1.840884,4.096644,44.8667,0,1360.50,1375.50,385.10,0.0,100,0,0.00
lateral,200,aguard,v10,18,3,worst,kill,-1.00,0,30.000,57045,4,1.823823,4.834948,44.4333,0,1220.50,1245.50,395.10,0.0,100,0,0.00
lateral,200,aguard,v10,18,3,worst,kill,-1.00,0,30.000,57045,5,1.785351,3.354912,43.1333,0,720.50,745.50,375.10,0.0,100,0,0.00
lateral,200,aguard,v10,18,3,worst,kill,-1.00,0,30.000,57045,6,1.718169,5.044030,40.0667,0,980.50,1000.50,340.10,0.0,100,0,0.00
lateral,200,aguard,v10,18,3,worst,kill,-1.00,0,30.000,57045,7,1.796961,4.006960,42.9000,0,805.50,820.50,385.10,0.0,100,0,0.00
lateral,200,aguard,v10,18,3,worst,kill,-1.00,0,30.000,57045,8,1.937864,5.165754,43.2333,0,1200.50,1220.50,310.10,0.0,100,0,0.00
lateral,200,aguard,v10,18,3,worst,kill,-1.00,0,30.000,57045,9,1.984803,5.058475,38.9000,0,1300.50,1320.50,325.10,0.0,100,0,0.00
lateral,200,aguard,v10,18,3,worst,kill,-1.00,0,30.000,57045,10,2.417343,4.948237,50.7000,0,1215.50,1235.50,345.10,0.0,100,0,0.00
lateral,200,aguard,v10,18,3,worst,kill,-1.00,0,30.000,57045,11,2.150722,3.665517,52.1667,0,780.50,795.50,340.10,0.0,100,0,0.00
lateral,200,aguard,v10,18,3,worst,kill,-1.00,0,30.000,57045,12,2.088085,4.773265,51.2667,0,720.50,740.50,325.10,0.0,100,0,0.00
lateral,200,aguard,v10,18,3,worst,kill,-1.00,0,30.000,57045,13,1.846694,5.071251,42.2000,0,1360.50,1385.50,300.10,0.0,100,0,0.00
lateral,200,aguard,v10,18,3,worst,kill,-1.00,0,30.000,57045,14,1.790614,5.721953,38.2333,0,3820.50,3840.50,345.10,0.0,100,0,0.00
lateral,200,aguard,v10,18,3,worst,kill,-1.00,0,30.000,57045,15,2.171471,4.911815,46.0000,0,960.50,960.50,305.10,0.0,100,0,0.00
lateral,200,aguard,v10,18,3,worst,kill,-1.00,0,30.000,57045,16,0.395274,5.134595,6.5667,0,260.50,280.50,220.10,0.0,100,0,0.00
lateral,200,aguard,v10,18,3,worst,kill,-1.00,0,30.000,57045,17,0.979000,4.812889,19.7333,0,665.50,20650.50,385.10,0.0,100,0,0.00
lateral,300,aguard,v10,10,3,worst,kill,-1.00,0,30.000,4496,0,0.033678,0.181410,0.0000,0,105.50,105.50,-1.00,0.0,100,0,0.00
lateral,300,aguard,v10,10,3,worst,kill,-1.00,0,30.000,4496,1,0.040600,0.197187,0.0000,0,95.50,110.50,-1.00,0.0,100,0,0.00
lateral,300,aguard,v10,10,3,worst,kill,-1.00,0,30.000,4496,2,0.047068,0.276382,0.0000,0,100.50,120.50,-1.00,0.0,100,0,0.00
lateral,300,aguard,v10,10,3,worst,kill,-1.00,0,30.000,4496,3,0.040360,0.916870,0.0000,0,95.50,110.50,365.10,0.0,100,0,0.00
lateral,300,aguard,v10,10,3,worst,kill,-1.00,0,30.000,4496,4,0.033515,0.318060,0.0000,0,105.50,120.50,-1.00,0.0,100,0,0.00
lateral,300,aguard,v10,10,3,worst,kill,-1.00,0,30.000,4496,5,0.428491,2.267686,11.0333,0,90.50,125.50,455.10,0.0,100,0,0.00
lateral,300,aguard,v10,10,3,worst,kill,-1.00,0,30.000,4496,6,0.471580,2.415861,11.9667,0,105.50,105.50,450.10,0.0,100,0,0.00
lateral,300,aguard,v10,10,3,worst,kill,-1.00,0,30.000,4496,7,0.059170,0.764622,0.0000,0,105.50,110.50,415.10,0.0,100,0,0.00
lateral,300,aguard,v10,10,3,worst,kill,-1.00,0,30.000,4496,8,0.066742,0.989417,0.8667,0,105.50,105.50,245.10,0.0,100,0,0.00
lateral,300,aguard,v10,10,3,worst,kill,-1.00,0,30.000,4496,9,0.025580,0.198545,0.0000,0,95.50,115.50,-1.00,0.0,100,0,0.00
lateral,300,aguard,v10,12,3,worst,kill,-1.00,0,30.000,12006,0,0.108285,0.228914,0.0000,0,920.50,940.50,-1.00,0.0,100,0,0.00
lateral,300,aguard,v10,12,3,worst,kill,-1.00,0,30.000,12006,1,0.115263,0.695940,0.5667,0,1300.50,1320.50,-1.00,0.0,100,0,0.00
lateral,300,aguard,v10,12,3,worst,kill,-1.00,0,30.000,12006,2,0.089076,0.894244,0.5667,0,540.50,560.50,395.10,0.0,100,0,0.00
lateral,300,aguard,v10,12,3,worst,kill,-1.00,0,30.000,12006,3,0.145807,0.843263,1.9000,0,885.50,900.50,330.10,0.0,100,0,0.00
lateral,300,aguard,v10,12,3,worst,kill,-1.00,0,30.000,12006,4,0.057112,0.390570,0.0000,0,685.50,700.50,-1.00,0.0,100,0,0.00
lateral,300,aguard,v10,12,3,worst,kill,-1.00,0,30.000,12006,5,0.229024,1.796579,3.3667,0,965.50,985.50,480.10,0.0,100,0,0.00
lateral,300,aguard,v10,12,3,worst,kill,-1.00,0,30.000,12006,6,0.464939,2.147978,10.8333,0,1190.50,1210.50,455.10,0.0,100,0,0.00
lateral,300,aguard,v10,12,3,worst,kill,-1.00,0,30.000,12006,7,0.735016,3.151204,16.5667,0,805.50,825.50,415.10,0.0,100,0,0.00
lateral,300,aguard,v10,12,3,worst,kill,-1.00,0,30.000,12006,8,0.287542,2.026280,5.5000,0,940.50,960.50,365.10,0.0,100,0,0.00
lateral,300,aguard,v10,12,3,worst,kill,-1.00,0,30.000,12006,9,0.169920,0.430680,0.0000,0,680.50,705.50,-1.00,0.0,100,0,0.00
lateral,300,aguard,v10,12,3,worst,kill,-1.00,0,30.000,12006,10,0.188077,0.667379,0.0000,0,690.50,710.50,305.10,0.0,100,0,0.00
lateral,300,aguard,v10,12,3,worst,kill,-1.00,0,30.000,12006,11,0.194619,0.572285,0.1667,0,670.50,690.50,-1.00,0.0,100,0,0.00
lateral,300,aguard,v10,14,3,worst,kill,-1.00,0,30.000,27043,0,0.878428,2.568477,21.8333,0,980.50,1000.50,395.10,0.0,100,0,0.00
lateral,300,aguard,v10,14,3,worst,kill,-1.00,0,30.000,27043,1,0.631169,2.032338,15.9333,0,1230.50,1250.50,430.10,0.0,100,0,0.00
lateral,300,aguard,v10,14,3,worst,kill,-1.00,0,30.000,27043,2,0.580847,2.250572,13.0333,0,1560.50,1585.50,395.10,0.0,100,0,0.00
lateral,300,aguard,v10,14,3,worst,kill,-1.00,0,30.000,27043,3,0.562433,2.389154,12.2000,0,1080.50,1100.50,405.10,0.0,100,0,0.00
lateral,300,aguard,v10,14,3,worst,kill,-1.00,0,30.000,27043,4,0.421368,1.219086,7.4667,0,1270.50,1295.50,435.10,0.0,100,0,0.00
lateral,300,aguard,v10,14,3,worst,kill,-1.00,0,30.000,27043,5,0.464085,1.865462,5.9667,0,1110.50,1130.50,415.10,0.0,100,0,0.00
lateral,300,aguard,v10,14,3,worst,kill,-1.00,0,30.000,27043,6,0.634986,2.516497,12.4000,0,1000.50,1020.50,400.10,0.0,100,0,0.00
lateral,300,aguard,v10,14,3,worst,kill,-1.00,0,30.000,27043,7,0.938515,2.252826,23.5000,0,940.50,965.50,355.10,0.0,100,0,0.00
lateral,300,aguard,v10,14,3,worst,kill,-1.00,0,30.000,27043,8,1.037797,3.101162,27.0667,0,2540.50,2560.50,395.10,0.0,100,0,0.00
lateral,300,aguard,v10,14,3,worst,kill,-1.00,0,30.000,27043,9,0.998558,2.861707,28.0000,0,800.50,820.50,400.10,0.0,100,0,0.00
lateral,300,aguard,v10,14,3,worst,kill,-1.00,0,30.000,27043,10,0.827625,2.300082,21.5000,0,1520.50,1540.50,380.10,0.0,100,0,0.00
lateral,300,aguard,v10,14,3,worst,kill,-1.00,0,30.000,27043,11,0.793260,2.599213,19.0333,0,2080.50,2100.50,440.10,0.0,100,0,0.00
lateral,300,aguard,v10,14,3,worst,kill,-1.00,0,30.000,27043,12,0.975542,2.216039,24.0667,0,760.50,780.50,395.10,0.0,100,0,0.00
lateral,300,aguard,v10,14,3,worst,kill,-1.00,0,30.000,27043,13,0.884348,2.505162,21.7000,0,1540.50,1560.50,375.10,0.0,100,0,0.00
lateral,300,aguard,v10,16,3,worst,kill,-1.00,0,30.000,42071,0,2.265688,4.607714,52.1000,0,960.50,980.50,375.10,0.0,100,0,0.00
lateral,300,aguard,v10,16,3,worst,kill,-1.00,0,30.000,42071,1,2.488754,5.795540,52.4667,0,1155.50,1175.50,345.10,0.0,100,0,0.00
lateral,300,aguard,v10,16,3,worst,kill,-1.00,0,30.000,42071,2,2.126270,5.137285,47.8333,0,1240.50,1265.50,355.10,0.0,100,0,0.00
lateral,300,aguard,v10,16,3,worst,kill,-1.00,0,30.000,42071,3,2.073106,3.567086,49.2333,0,1045.50,1060.50,335.10,0.0,100,0,0.00
lateral,300,aguard,v10,16,3,worst,kill,-1.00,0,30.000,42071,4,2.138284,4.027354,50.6333,0,840.50,860.50,330.10,0.0,100,0,0.00
lateral,300,aguard,v10,16,3,worst,kill,-1.00,0,30.000,42071,5,2.014371,4.083040,46.8000,0,1870.50,1890.50,225.10,0.0,100,0,0.00
lateral,300,aguard,v10,16,3,worst,kill,-1.00,0,30.000,42071,6,2.161260,5.080731,47.9000,0,990.50,1015.50,400.10,0.0,100,0,0.00
lateral,300,aguard,v10,16,3,worst,kill,-1.00,0,30.000,42071,7,2.428080,8.032803,51.1000,0,1990.50,2010.50,205.10,0.0,100,0,0.00
lateral,300,aguard,v10,16,3,worst,kill,-1.00,0,30.000,42071,8,2.160282,4.787403,48.9333,0,1650.50,1670.50,335.10,0.0,100,0,0.00
lateral,300,aguard,v10,16,3,worst,kill,-1.00,0,30.000,42071,9,2.305121,4.596341,49.2667,0,1100.50,1120.50,380.10,0.0,100,0,0.00
lateral,300,aguard,v10,16,3,worst,kill,-1.00,0,30.000,42071,10,2.478634,4.090618,58.9333,0,980.50,980.50,390.10,0.0,100,0,0.00
lateral,300,aguard,v10,16,3,worst,kill,-1.00,0,30.000,42071,11,2.310693,4.843145,51.8667,0,1185.50,1205.50,390.10,0.0,100,0,0.00
lateral,300,aguard,v10,16,3,worst,kill,-1.00,0,30.000,42071,12,2.295212,4.190763,51.3667,0,980.50,980.50,390.10,0.0,100,0,0.00
lateral,300,aguard,v10,16,3,worst,kill,-1.00,0,30.000,42071,13,2.408317,4.445761,51.6667,0,1320.50,1340.50,265.10,0.0,100,0,0.00
lateral,300,aguard,v10,16,3,worst,kill,-1.00,0,30.000,42071,14,2.307200,5.289369,50.6000,0,3080.50,3100.50,390.10,0.0,100,0,0.00
lateral,300,aguard,v10,16,3,worst,kill,-1.00,0,30.000,42071,15,2.362303,3.680588,53.2667,0,1450.50,1470.50,395.10,0.0,100,0,0.00
lateral,300,aguard,v10,18,3,worst,kill,-1.00,0,30.000,57047,0,1.966350,4.282612,44.7000,0,1190.50,1210.50,335.10,0.0,100,0,0.00
lateral,300,aguard,v10,18,3,worst,kill,-1.00,0,30.000,57047,1,2.008237,4.626172,45.4000,0,1520.50,1540.50,320.10,0.0,100,0,0.00
lateral,300,aguard,v10,18,3,worst,kill,-1.00,0,30.000,57047,2,1.876433,4.192434,43.1333,0,945.50,965.50,395.10,0.0,100,0,0.00
lateral,300,aguard,v10,18,3,worst,kill,-1.00,0,30.000,57047,3,1.803640,4.445473,43.9333,0,880.50,900.50,360.10,0.0,100,0,0.00
lateral,300,aguard,v10,18,3,worst,kill,-1.00,0,30.000,57047,4,1.750439,4.179870,40.2333,0,1575.50,1595.50,350.10,0.0,100,0,0.00
lateral,300,aguard,v10,18,3,worst,kill,-1.00,0,30.000,57047,5,1.747312,3.554598,42.3667,0,905.50,925.50,400.10,0.0,100,0,0.00
lateral,300,aguard,v10,18,3,worst,kill,-1.00,0,30.000,57047,6,1.831045,3.698263,41.2667,0,850.50,870.50,390.10,0.0,100,0,0.00
lateral,300,aguard,v10,18,3,worst,kill,-1.00,0,30.000,57047,7,1.978198,4.265602,45.8000,0,905.50,905.50,365.10,0.0,100,0,0.00
lateral,300,aguard,v10,18,3,worst,kill,-1.00,0,30.000,57047,8,1.916683,5.871305,42.2000,0,1785.50,1805.50,315.10,0.0,100,0,0.00
lateral,300,aguard,v10,18,3,worst,kill,-1.00,0,30.000,57047,9,2.004892,4.587362,40.4000,0,960.50,980.50,250.10,0.0,100,0,0.00
lateral,300,aguard,v10,18,3,worst,kill,-1.00,0,30.000,57047,10,2.215280,4.346739,51.7000,0,1060.50,1080.50,355.10,0.0,100,0,0.00
lateral,300,aguard,v10,18,3,worst,kill,-1.00,0,30.000,57047,11,2.094974,4.097168,50.3000,0,840.50,865.50,400.10,0.0,100,0,0.00
lateral,300,aguard,v10,18,3,worst,kill,-1.00,0,30.000,57047,12,2.053389,3.949602,50.3000,0,1585.50,1585.50,330.10,0.0,100,0,0.00
lateral,300,aguard,v10,18,3,worst,kill,-1.00,0,30.000,57047,13,1.808488,4.798888,41.1000,0,6580.50,6580.50,330.10,0.0,100,0,0.00
lateral,300,aguard,v10,18,3,worst,kill,-1.00,0,30.000,57047,14,1.991249,4.826019,43.0000,0,1575.50,1595.50,340.10,0.0,100,0,0.00
lateral,300,aguard,v10,18,3,worst,kill,-1.00,0,30.000,57047,15,2.307063,4.612445,48.9667,0,1250.50,1280.50,305.10,0.0,100,0,0.00
lateral,300,aguard,v10,18,3,worst,kill,-1.00,0,30.000,57047,16,0.328224,4.076722,6.4667,0,190.50,190.50,310.10,0.0,100,0,0.00
lateral,300,aguard,v10,18,3,worst,kill,-1.00,0,30.000,57047,17,0.817235,3.304317,17.9000,0,770.50,790.50,335.10,0.0,100,0,0.00
