plant,scheduler,profile,vehicles,cores,exec,overrun,net_delay_ms,seed,duration_s,missed_jobs,veh,avg_perf,max_roll,soft_pct,hard,max_age_fresh_ms,max_age_path_ms,min_ttpnr_ms,past_pnr_ms,tau_crit_ms,max_sim_crit,sim_crit_over_cores_pct
lateral,rm,v10,10,3,worst,kill,-1.00,0,30.000,0,0,0.021676,0.182397,0.0000,0,90.50,90.50,-1.00,0.0,100,0,0.00
lateral,rm,v10,10,3,worst,kill,-1.00,0,30.000,0,1,0.039162,0.182397,0.0000,0,90.50,90.50,-1.00,0.0,100,0,0.00
lateral,rm,v10,10,3,worst,kill,-1.00,0,30.000,0,2,0.046246,0.268366,0.0000,0,90.50,90.50,-1.00,0.0,100,0,0.00
lateral,rm,v10,10,3,worst,kill,-1.00,0,30.000,0,3,0.037394,0.914847,0.0000,0,90.50,90.50,365.10,0.0,100,0,0.00
lateral,rm,v10,10,3,worst,kill,-1.00,0,30.000,0,4,0.030718,0.300585,0.0000,0,90.50,90.50,-1.00,0.0,100,0,0.00
lateral,rm,v10,10,3,worst,kill,-1.00,0,30.000,0,5,0.514382,2.763037,13.5333,0,90.50,90.50,435.10,0.0,100,0,0.00
lateral,rm,v10,10,3,worst,kill,-1.00,0,30.000,0,6,0.647685,3.278419,15.4333,0,85.50,95.50,410.10,0.0,100,0,0.00
lateral,rm,v10,10,3,worst,kill,-1.00,0,30.000,0,7,0.055494,0.833165,0.0000,0,85.50,85.50,410.10,0.0,100,0,0.00
lateral,rm,v10,10,3,worst,kill,-1.00,0,30.000,0,8,0.065153,0.973726,0.9333,0,85.50,85.50,215.10,0.0,100,0,0.00
lateral,rm,v10,10,3,worst,kill,-1.00,0,30.000,0,9,0.015012,0.175398,0.0000,0,85.50,85.50,-1.00,0.0,100,0,0.00
lateral,rm,v10,11,3,worst,kill,-1.00,0,30.000,4497,0,0.021676,0.182397,0.0000,0,90.50,90.50,-1.00,0.0,100,1,0.00
lateral,rm,v10,11,3,worst,kill,-1.00,0,30.000,4497,1,0.046972,0.182397,0.0000,0,90.50,90.50,-1.00,0.0,100,1,0.00
lateral,rm,v10,11,3,worst,kill,-1.00,0,30.000,4497,2,0.098398,1.063856,0.6333,0,90.50,90.50,435.10,0.0,100,1,0.00
lateral,rm,v10,11,3,worst,kill,-1.00,0,30.000,4497,3,0.034163,0.416791,0.0000,0,90.50,90.50,-1.00,0.0,100,1,0.00
lateral,rm,v10,11,3,worst,kill,-1.00,0,30.000,4497,4,0.025538,0.300585,0.0000,0,90.50,90.50,-1.00,0.0,100,1,0.00
lateral,rm,v10,11,3,worst,kill,-1.00,0,30.000,4497,5,0.534853,3.696630,12.1333,0,100.50,100.50,405.10,0.0,100,1,0.00
lateral,rm,v10,11,3,worst,kill,-1.00,0,30.000,4497,6,0.557921,2.947338,14.1667,0,85.50,85.50,425.10,0.0,100,1,0.00
lateral,rm,v10,11,3,worst,kill,-1.00,0,30.000,4497,7,0.603192,3.279302,14.6667,0,85.50,85.50,425.10,0.0,100,1,0.00
lateral,rm,v10,11,3,worst,kill,-1.00,0,30.000,4497,8,0.021174,0.167768,0.0000,0,85.50,85.50,-1.00,0.0,100,1,0.00
lateral,rm,v10,11,3,worst,kill,-1.00,0,30.000,4497,9,1.660704,15.985658,19.6000,266,85.50,85.50,0.00,3405.0,100,1,0.00
lateral,rm,v10,11,3,worst,kill,-1.00,0,30.000,4497,10,169.830506,3541.925738,15.9333,387,-1.00,-1.00,0.00,4130.0,100,1,0.00
lateral,rm,v10,12,3,worst,kill,-1.00,0,30.000,11992,0,0.023119,0.193611,0.0000,0,90.50,110.50,-1.00,0.0,100,3,0.00
lateral,rm,v10,12,3,worst,kill,-1.00,0,30.000,11992,1,0.040704,0.182397,0.0000,0,90.50,90.50,-1.00,0.0,100,3,0.00
lateral,rm,v10,12,3,worst,kill,-1.00,0,30.000,11992,2,0.075666,0.913404,0.5667,0,90.50,90.50,395.10,0.0,100,3,0.00
lateral,rm,v10,12,3,worst,kill,-1.00,0,30.000,11992,3,0.092938,0.850810,0.9333,0,90.50,90.50,330.10,0.0,100,3,0.00
lateral,rm,v10,12,3,worst,kill,-1.00,0,30.000,11992,4,0.029709,0.372205,0.0000,0,90.50,90.50,-1.00,0.0,100,3,0.00
lateral,rm,v10,12,3,worst,kill,-1.00,0,30.000,11992,5,0.145453,2.137507,2.5667,0,100.50,100.50,455.10,0.0,100,3,0.00
lateral,rm,v10,12,3,worst,kill,-1.00,0,30.000,11992,6,0.606260,3.245486,15.1333,0,85.50,85.50,425.10,0.0,100,3,0.00
lateral,rm,v10,12,3,worst,kill,-1.00,0,30.000,11992,7,0.581233,3.029576,14.4333,0,85.50,85.50,430.10,0.0,100,3,0.00
lateral,rm,v10,12,3,worst,kill,-1.00,0,30.000,11992,8,7.401093,39.302210,61.0333,676,85.50,85.50,0.00,8450.0,100,3,0.00
lateral,rm,v10,12,3,worst,kill,-1.00,0,30.000,11992,9,2.558619,16.235346,31.7000,445,85.50,85.50,0.00,5180.0,100,3,0.00
lateral,rm,v10,12,3,worst,kill,-1.00,0,30.000,11992,10,169650.081511,523892.552163,99.0000,2922,-1.00,-1.00,0.00,29655.0,100,3,0.00
lateral,rm,v10,12,3,worst,kill,-1.00,0,30.000,11992,11,408.974655,7733.650085,18.9000,476,-1.00,-1.00,0.00,5025.0,100,3,0.00
lateral,rm,v10,13,3,worst,kill,-1.00,0,30.000,17988,0,0.021676,0.182397,0.0000,0,90.50,90.50,-1.00,0.0,100,5,54.45
lateral,rm,v10,13,3,worst,kill,-1.00,0,30.000,17988,1,0.041475,0.182397,0.0000,0,90.50,90.50,-1.00,0.0,100,5,54.45
lateral,rm,v10,13,3,worst,kill,-1.00,0,30.000,17988,2,0.091688,0.913404,0.5667,0,90.50,90.50,395.10,0.0,100,5,54.45
lateral,rm,v10,13,3,worst,kill,-1.00,0,30.000,17988,3,0.050334,0.274208,0.0000,0,90.50,90.50,-1.00,0.0,100,5,54.45
lateral,rm,v10,13,3,worst,kill,-1.00,0,30.000,17988,4,0.011095,0.315023,0.0000,0,90.50,90.50,-1.00,0.0,100,5,54.45
lateral,rm,v10,13,3,worst,kill,-1.00,0,30.000,17988,5,0.028821,0.326828,0.0000,0,90.50,100.50,-1.00,0.0,100,5,54.45
lateral,rm,v10,13,3,worst,kill,-1.00,0,30.000,17988,6,0.436353,2.673536,12.2333,0,85.50,85.50,440.10,0.0,100,5,54.45
lateral,rm,v10,13,3,worst,kill,-1.00,0,30.000,17988,7,0.519271,2.741068,13.5333,0,85.50,85.50,440.10,0.0,100,5,54.45
lateral,rm,v10,13,3,worst,kill,-1.00,0,30.000,17988,8,13.837140,61.085406,69.7667,976,85.50,85.50,0.00,12540.0,100,5,54.45
lateral,rm,v10,13,3,worst,kill,-1.00,0,30.000,17988,9,263928.141532,1376047.577854,98.7000,2915,-1.00,-1.00,0.00,29490.0,100,5,54.45
lateral,rm,v10,13,3,worst,kill,-1.00,0,30.000,17988,10,663793.725693,2444968.339760,92.0333,2695,-1.00,-1.00,0.00,27310.0,100,5,54.45
lateral,rm,v10,13,3,worst,kill,-1.00,0,30.000,17988,11,63221.654735,190709.717207,98.9667,2919,-1.00,-1.00,0.00,29630.0,100,5,54.45
lateral,rm,v10,13,3,worst,kill,-1.00,0,30.000,17988,12,779.718084,13616.680100,21.4000,552,-1.00,-1.00,0.00,5780.0,100,5,54.45
lateral,rm,v10,14,3,worst,kill,-1.00,0,30.000,25483,0,0.021676,0.182397,0.0000,0,90.50,90.50,-1.00,0.0,100,7,73.56
lateral,rm,v10,14,3,worst,kill,-1.00,0,30.000,25483,1,0.035371,0.182397,0.0000,0,90.50,90.50,-1.00,0.0,100,7,73.56
lateral,rm,v10,14,3,worst,kill,-1.00,0,30.000,25483,2,0.079986,0.913404,0.5667,0,90.50,90.50,395.10,0.0,100,7,73.56
lateral,rm,v10,14,3,worst,kill,-1.00,0,30.000,25483,3,0.032279,0.182397,0.0000,0,90.50,90.50,-1.00,0.0,100,7,73.56
lateral,rm,v10,14,3,worst,kill,-1.00,0,30.000,25483,4,0.044784,0.477326,0.0000,0,90.50,90.50,435.10,0.0,100,7,73.56
lateral,rm,v10,14,3,worst,kill,-1.00,0,30.000,25483,5,0.027335,0.309563,0.0000,0,90.50,90.50,-1.00,0.0,100,7,73.56
lateral,rm,v10,14,3,worst,kill,-1.00,0,30.000,25483,6,0.202105,1.878714,4.5667,0,85.50,85.50,445.10,0.0,100,7,73.56
lateral,rm,v10,14,3,worst,kill,-1.00,0,30.000,25483,7,12.565621,61.414975,65.0333,724,85.50,85.50,0.00,9765.0,100,7,73.56
lateral,rm,v10,14,3,worst,kill,-1.00,0,30.000,25483,8,12.800199,61.104528,58.2667,758,85.50,85.50,0.00,10170.0,100,7,73.56
lateral,rm,v10,14,3,worst,kill,-1.00,0,30.000,25483,9,32818.130132,297562.197136,60.7000,1678,-1.00,-1.00,0.00,17490.0,100,7,73.56
lateral,rm,v10,14,3,worst,kill,-1.00,0,30.000,25483,10,251593.711658,1256368.375666,70.4667,2048,-1.00,-1.00,0.00,20835.0,100,7,73.56
lateral,rm,v10,14,3,worst,kill,-1.00,0,30.000,25483,11,837082.032227,2858920.875621,98.2333,2885,-1.00,-1.00,0.00,29210.0,100,7,73.56
lateral,rm,v10,14,3,worst,kill,-1.00,0,30.000,25483,12,13229.984284,39161.867870,98.9000,2910,-1.00,-1.00,0.00,29475.0,100,7,73.56
lateral,rm,v10,14,3,worst,kill,-1.00,0,30.000,25483,13,1281.106738,20959.360123,23.5667,616,-1.00,-1.00,0.00,6425.0,100,7,73.56
lateral,rm,v10,15,3,worst,kill,-1.00,0,30.000,31479,0,0.023119,0.193611,0.0000,0,90.50,110.50,-1.00,0.0,100,8,94.90
lateral,rm,v10,15,3,worst,kill,-1.00,0,30.000,31479,1,0.049348,0.189477,0.0000,0,90.50,90.50,-1.00,0.0,100,8,94.90
lateral,rm,v10,15,3,worst,kill,-1.00,0,30.000,31479,2,0.075950,0.651140,0.0000,0,90.50,90.50,440.10,0.0,100,8,94.90
lateral,rm,v10,15,3,worst,kill,-1.00,0,30.000,31479,3,0.047141,0.267607,0.0000,0,90.50,90.50,-1.00,0.0,100,8,94.90
lateral,rm,v10,15,3,worst,kill,-1.00,0,30.000,31479,4,0.056061,0.739022,0.0000,0,90.50,100.50,460.10,0.0,100,8,94.90
lateral,rm,v10,15,3,worst,kill,-1.00,0,30.000,31479,5,0.031217,0.387705,0.0000,0,90.50,90.50,455.10,0.0,100,8,94.90
lateral,rm,v10,15,3,worst,kill,-1.00,0,30.000,31479,6,0.032882,0.299580,0.0000,0,85.50,85.50,-1.00,0.0,100,8,94.90
lateral,rm,v10,15,3,worst,kill,-1.00,0,30.000,31479,7,11.124150,61.387904,64.3667,496,85.50,85.50,0.00,6655.0,100,8,94.90
lateral,rm,v10,15,3,worst,kill,-1.00,0,30.000,31479,8,155304.246741,491378.187265,98.1667,2904,-1.00,-1.00,0.00,29425.0,100,8,94.90
lateral,rm,v10,15,3,worst,kill,-1.00,0,30.000,31479,9,3163.657537,45972.360595,43.9000,1173,-1.00,-1.00,0.00,12440.0,100,8,94.90
lateral,rm,v10,15,3,worst,kill,-1.00,0,30.000,31479,10,54145.055955,417077.844431,98.0000,2856,-1.00,-1.00,0.00,28925.0,100,8,94.90
lateral,rm,v10,15,3,worst,kill,-1.00,0,30.000,31479,11,365198.476970,1623946.710634,77.9333,2272,-1.00,-1.00,0.00,23080.0,100,8,94.90
lateral,rm,v10,15,3,worst,kill,-1.00,0,30.000,31479,12,701791.395188,2303466.772572,99.1000,2930,-1.00,-1.00,0.00,29715.0,100,8,94.90
lateral,rm,v10,15,3,worst,kill,-1.00,0,30.000,31479,13,620.671032,1806.042093,98.3667,2817,-1.00,-1.00,0.00,28370.0,100,8,94.90
lateral,rm,v10,15,3,worst,kill,-1.00,0,30.000,31479,14,1901.424766,29457.994848,25.4333,672,-1.00,-1.00,0.00,6985.0,100,8,94.90
lateral,rm,v10,16,3,worst,kill,-1.00,0,30.000,40473,0,0.021676,0.182397,0.0000,0,90.50,90.50,-1.00,0.0,100,9,97.05
lateral,rm,v10,16,3,worst,kill,-1.00,0,30.000,40473,1,0.042889,0.182397,0.0000,0,90.50,90.50,-1.00,0.0,100,9,97.05
lateral,rm,v10,16,3,worst,kill,-1.00,0,30.000,40473,2,0.041435,0.230337,0.0000,0,90.50,90.50,-1.00,0.0,100,9,97.05
lateral,rm,v10,16,3,worst,kill,-1.00,0,30.000,40473,3,0.075084,0.807424,0.0000,0,90.50,90.50,445.10,0.0,100,9,97.05
lateral,rm,v10,16,3,worst,kill,-1.00,0,30.000,40473,4,0.096905,0.916277,0.9667,0,90.50,100.50,300.10,0.0,100,9,97.05
lateral,rm,v10,16,3,worst,kill,-1.00,0,30.000,40473,5,0.007342,0.107894,0.0000,0,90.50,90.50,-1.00,0.0,100,9,97.05
lateral,rm,v10,16,3,worst,kill,-1.00,0,30.000,40473,6,2.030136,5.632072,66.5333,0,85.50,85.50,415.10,0.0,100,9,97.05
lateral,rm,v10,16,3,worst,kill,-1.00,0,30.000,40473,7,208459.024149,946693.845518,98.2667,2835,-1.00,-1.00,0.00,28795.0,100,9,97.05
lateral,rm,v10,16,3,worst,kill,-1.00,0,30.000,40473,8,441729.935335,1494657.547121,97.8667,2892,-1.00,-1.00,0.00,29285.0,100,9,97.05
lateral,rm,v10,16,3,worst,kill,-1.00,0,30.000,40473,9,12453.184817,33407.589895,97.7000,2877,-1.00,-1.00,0.00,29075.0,100,9,97.05
lateral,rm,v10,16,3,worst,kill,-1.00,0,30.000,40473,10,14635.530001,161955.837614,53.7333,1466,-1.00,-1.00,0.00,15380.0,100,9,97.05
lateral,rm,v10,16,3,worst,kill,-1.00,0,30.000,40473,11,221972.092167,1211237.654756,95.6667,2835,-1.00,-1.00,0.00,28695.0,100,9,97.05
lateral,rm,v10,16,3,worst,kill,-1.00,0,30.000,40473,12,489132.496682,1984304.629958,84.4667,2469,-1.00,-1.00,0.00,25045.0,100,9,97.05
lateral,rm,v10,16,3,worst,kill,-1.00,0,30.000,40473,13,457350.190048,1467436.252235,99.0667,2927,-1.00,-1.00,0.00,29695.0,100,9,97.05
lateral,rm,v10,16,3,worst,kill,-1.00,0,30.000,40473,14,0.190001,2.756351,2.5333,0,-1.00,-1.00,0.00,115.0,100,9,97.05
lateral,rm,v10,16,3,worst,kill,-1.00,0,30.000,40473,15,2622.087518,38750.035824,27.0667,721,-1.00,-1.00,0.00,7480.0,100,9,97.05
lateral,rm,v10,17,3,worst,kill,-1.00,0,30.000,47968,0,0.021676,0.182397,0.0000,0,90.50,90.50,-1.00,0.0,100,10,98.42
lateral,rm,v10,17,3,worst,kill,-1.00,0,30.000,47968,1,0.046707,0.182397,0.0000,0,90.50,90.50,-1.00,0.0,100,10,98.42
lateral,rm,v10,17,3,worst,kill,-1.00,0,30.000,47968,2,0.036590,0.185882,0.0000,0,90.50,90.50,-1.00,0.0,100,10,98.42
lateral,rm,v10,17,3,worst,kill,-1.00,0,30.000,47968,3,0.120053,1.003230,1.3000,0,100.50,100.50,365.10,0.0,100,10,98.42
lateral,rm,v10,17,3,worst,kill,-1.00,0,30.000,47968,4,0.035346,0.197462,0.0000,0,90.50,90.50,-1.00,0.0,100,10,98.42
lateral,rm,v10,17,3,worst,kill,-1.00,0,30.000,47968,5,4.394129,26.683782,84.6667,161,90.50,90.50,0.00,2185.0,100,10,98.42
lateral,rm,v10,17,3,worst,kill,-1.00,0,30.000,47968,6,2.208847,5.645770,75.3333,0,85.50,85.50,415.10,0.0,100,10,98.42
lateral,rm,v10,17,3,worst,kill,-1.00,0,30.000,47968,7,31018.058793,183534.489471,98.5333,2882,-1.00,-1.00,0.00,29380.0,100,10,98.42
lateral,rm,v10,17,3,worst,kill,-1.00,0,30.000,47968,8,439914.232437,1651454.080795,94.6000,2771,-1.00,-1.00,0.00,27995.0,100,10,98.42
lateral,rm,v10,17,3,worst,kill,-1.00,0,30.000,47968,9,189659.181228,603711.572068,98.2000,2906,-1.00,-1.00,0.00,29445.0,100,10,98.42
lateral,rm,v10,17,3,worst,kill,-1.00,0,30.000,47968,10,1231.313976,20461.927858,39.3000,1033,-1.00,-1.00,0.00,11050.0,100,10,98.42
lateral,rm,v10,17,3,worst,kill,-1.00,0,30.000,47968,11,38432.719435,333877.298812,69.0667,1707,-1.00,-1.00,0.00,17825.0,100,10,98.42
lateral,rm,v10,17,3,worst,kill,-1.00,0,30.000,47968,12,210112.456084,1109205.895049,67.1667,1949,-1.00,-1.00,0.00,19845.0,100,10,98.42
lateral,rm,v10,17,3,worst,kill,-1.00,0,30.000,47968,13,619467.545061,2332251.911009,90.2667,2642,-1.00,-1.00,0.00,26775.0,100,10,98.42
lateral,rm,v10,17,3,worst,kill,-1.00,0,30.000,47968,14,286936.977293,902219.351060,99.0333,2924,-1.00,-1.00,0.00,29670.0,100,10,98.42
lateral,rm,v10,17,3,worst,kill,-1.00,0,30.000,47968,15,1.158119,30.105631,5.4333,72,-1.00,-1.00,0.00,980.0,100,10,98.42
lateral,rm,v10,17,3,worst,kill,-1.00,0,30.000,47968,16,3420.553505,48453.298665,28.5333,765,-1.00,-1.00,0.00,7910.0,100,10,98.42
lateral,rm,v10,18,3,worst,kill,-1.00,0,30.000,55463,0,0.023119,0.193611,0.0000,0,90.50,110.50,-1.00,0.0,100,12,97.95
lateral,rm,v10,18,3,worst,kill,-1.00,0,30.000,55463,1,0.041408,0.182397,0.0000,0,90.50,90.50,-1.00,0.0,100,12,97.95
lateral,rm,v10,18,3,worst,kill,-1.00,0,30.000,55463,2,0.053571,0.179407,0.0000,0,90.50,90.50,-1.00,0.0,100,12,97.95
lateral,rm,v10,18,3,worst,kill,-1.00,0,30.000,55463,3,0.079627,0.988364,0.6667,0,90.50,100.50,365.10,0.0,100,12,97.95
lateral,rm,v10,18,3,worst,kill,-1.00,0,30.000,55463,4,3.922303,17.770265,73.3333,373,90.50,90.50,0.00,4285.0,100,12,97.95
lateral,rm,v10,18,3,worst,kill,-1.00,0,30.000,55463,5,3.174089,15.756975,81.7000,199,90.50,90.50,0.00,2275.0,100,12,97.95
lateral,rm,v10,18,3,worst,kill,-1.00,0,30.000,55463,6,334024.122030,824694.252006,98.8000,2904,-1.00,-1.00,0.00,29475.0,100,12,97.95
lateral,rm,v10,18,3,worst,kill,-1.00,0,30.000,55463,7,33225.544476,85867.165367,98.5333,2879,-1.00,-1.00,0.00,29400.0,100,12,97.95
lateral,rm,v10,18,3,worst,kill,-1.00,0,30.000,55463,8,280313.908258,1206030.338219,94.2667,2426,-1.00,-1.00,0.00,24585.0,100,12,97.95
lateral,rm,v10,18,3,worst,kill,-1.00,0,30.000,55463,9,441729.935335,1494657.547121,97.8667,2892,-1.00,-1.00,0.00,29285.0,100,12,97.95
lateral,rm,v10,18,3,worst,kill,-1.00,0,30.000,55463,10,29720.879068,84105.066731,97.9000,2889,-1.00,-1.00,0.00,29225.0,100,12,97.95
lateral,rm,v10,18,3,worst,kill,-1.00,0,30.000,55463,11,6686.467208,86100.373647,48.2667,1304,-1.00,-1.00,0.00,13750.0,100,12,97.95
lateral,rm,v10,18,3,worst,kill,-1.00,0,30.000,55463,12,54145.055955,417077.844431,98.0000,2856,-1.00,-1.00,0.00,28925.0,100,12,97.95
lateral,rm,v10,18,3,worst,kill,-1.00,0,30.000,55463,13,295503.443001,1403788.140675,73.5667,2142,-1.00,-1.00,0.00,21770.0,100,12,97.95
lateral,rm,v10,18,3,worst,kill,-1.00,0,30.000,55463,14,753220.023143,2665169.936668,95.4000,2796,-1.00,-1.00,0.00,28315.0,100,12,97.95
lateral,rm,v10,18,3,worst,kill,-1.00,0,30.000,55463,15,169650.081511,523892.552163,99.0000,2922,-1.00,-1.00,0.00,29655.0,100,12,97.95
lateral,rm,v10,18,3,worst,kill,-1.00,0,30.000,55463,16,5.827889,154.355276,8.0000,149,-1.00,-1.00,0.00,1750.0,100,12,97.95
lateral,rm,v10,18,3,worst,kill,-1.00,0,30.000,55463,17,4275.629613,58264.761741,29.8000,803,-1.00,-1.00,0.00,8295.0,100,12,97.95
lateral,context,v10,10,3,worst,kill,-1.00,0,30.000,4496,0,0.033678,0.181410,0.0000,0,105.50,105.50,-1.00,0.0,100,0,0.00
lateral,context,v10,10,3,worst,kill,-1.00,0,30.000,4496,1,0.040600,0.197187,0.0000,0,95.50,110.50,-1.00,0.0,100,0,0.00
lateral,context,v10,10,3,worst,kill,-1.00,0,30.000,4496,2,0.047068,0.276382,0.0000,0,100.50,120.50,-1.00,0.0,100,0,0.00
lateral,context,v10,10,3,worst,kill,-1.00,0,30.000,4496,3,0.040360,0.916870,0.0000,0,95.50,110.50,365.10,0.0,100,0,0.00
lateral,context,v10,10,3,worst,kill,-1.00,0,30.000,4496,4,0.033515,0.318060,0.0000,0,105.50,120.50,-1.00,0.0,100,0,0.00
lateral,context,v10,10,3,worst,kill,-1.00,0,30.000,4496,5,0.428491,2.267686,11.0333,0,90.50,125.50,455.10,0.0,100,0,0.00
lateral,context,v10,10,3,worst,kill,-1.00,0,30.000,4496,6,0.471580,2.415861,11.9667,0,105.50,105.50,450.10,0.0,100,0,0.00
lateral,context,v10,10,3,worst,kill,-1.00,0,30.000,4496,7,0.059170,0.764622,0.0000,0,105.50,110.50,415.10,0.0,100,0,0.00
lateral,context,v10,10,3,worst,kill,-1.00,0,30.000,4496,8,0.066742,0.989417,0.8667,0,105.50,105.50,245.10,0.0,100,0,0.00
lateral,context,v10,10,3,worst,kill,-1.00,0,30.000,4496,9,0.025580,0.198545,0.0000,0,95.50,115.50,-1.00,0.0,100,0,0.00
lateral,context,v10,11,3,worst,kill,-1.00,0,30.000,7490,0,0.042269,0.182854,0.0000,0,90.50,110.50,-1.00,0.0,100,0,0.00
lateral,context,v10,11,3,worst,kill,-1.00,0,30.000,7490,1,0.058623,0.189319,0.0000,0,105.50,125.50,-1.00,0.0,100,0,0.00
lateral,context,v10,11,3,worst,kill,-1.00,0,30.000,7490,2,0.112511,1.060932,0.8000,0,110.50,110.50,420.10,0.0,100,0,0.00
lateral,context,v10,11,3,worst,kill,-1.00,0,30.000,7490,3,0.034037,0.421302,0.0000,0,100.50,105.50,-1.00,0.0,100,0,0.00
lateral,context,v10,11,3,worst,kill,-1.00,0,30.000,7490,4,0.026688,0.299028,0.0000,0,105.50,120.50,-1.00,0.0,100,0,0.00
lateral,context,v10,11,3,worst,kill,-1.00,0,30.000,7490,5,0.390506,2.519712,10.4667,0,105.50,110.50,440.10,0.0,100,0,0.00
lateral,context,v10,11,3,worst,kill,-1.00,0,30.000,7490,6,0.582610,2.936864,14.2000,0,100.50,105.50,425.10,0.0,100,0,0.00
lateral,context,v10,11,3,worst,kill,-1.00,0,30.000,7490,7,0.421842,2.244722,10.0000,0,105.50,105.50,455.10,0.0,100,0,0.00
lateral,context,v10,11,3,worst,kill,-1.00,0,30.000,7490,8,0.050015,0.184326,0.0000,0,95.50,105.50,-1.00,0.0,100,0,0.00
lateral,context,v10,11,3,worst,kill,-1.00,0,30.000,7490,9,0.051556,0.804291,0.5333,0,100.50,105.50,280.10,0.0,100,0,0.00
lateral,context,v10,11,3,worst,kill,-1.00,0,30.000,7490,10,0.036888,0.203730,0.0000,0,105.50,115.50,-1.00,0.0,100,0,0.00
lateral,context,v10,12,3,worst,kill,-1.00,0,30.000,12005,0,0.115503,0.337618,0.0000,0,770.50,790.50,-1.00,0.0,100,0,0.00
lateral,context,v10,12,3,worst,kill,-1.00,0,30.000,12005,1,0.144475,0.694981,0.5667,0,1080.50,1100.50,-1.00,0.0,100,0,0.00
lateral,context,v10,12,3,worst,kill,-1.00,0,30.000,12005,2,0.087823,0.894245,0.5667,0,540.50,560.50,395.10,0.0,100,0,0.00
lateral,context,v10,12,3,worst,kill,-1.00,0,30.000,12005,3,0.103490,0.843263,0.9000,0,540.50,560.50,330.10,0.0,100,0,0.00
lateral,context,v10,12,3,worst,kill,-1.00,0,30.000,12005,4,0.059848,0.392291,0.0000,0,715.50,730.50,-1.00,0.0,100,0,0.00
lateral,context,v10,12,3,worst,kill,-1.00,0,30.000,12005,5,0.219876,1.680507,3.2333,0,1090.50,1110.50,480.10,0.0,100,0,0.00
lateral,context,v10,12,3,worst,kill,-1.00,0,30.000,12005,6,0.464850,2.115201,10.7333,0,1100.50,1120.50,455.10,0.0,100,0,0.00
lateral,context,v10,12,3,worst,kill,-1.00,0,30.000,12005,7,0.765673,3.157842,16.7000,0,805.50,825.50,415.10,0.0,100,0,0.00
lateral,context,v10,12,3,worst,kill,-1.00,0,30.000,12005,8,0.269179,2.012818,5.6333,0,1950.50,1970.50,365.10,0.0,100,0,0.00
lateral,context,v10,12,3,worst,kill,-1.00,0,30.000,12005,9,0.151065,0.409910,0.0000,0,630.50,650.50,-1.00,0.0,100,0,0.00
lateral,context,v10,12,3,worst,kill,-1.00,0,30.000,12005,10,0.173921,0.667377,0.0000,0,640.50,665.50,305.10,0.0,100,0,0.00
lateral,context,v10,12,3,worst,kill,-1.00,0,30.000,12005,11,0.166937,0.509026,0.0000,0,670.50,690.50,-1.00,0.0,100,0,0.00
lateral,context,v10,13,3,worst,kill,-1.00,0,30.000,19495,0,0.396855,1.234270,6.3333,0,1305.50,1325.50,-1.00,0.0,100,0,0.00
lateral,context,v10,13,3,worst,kill,-1.00,0,30.000,19495,1,0.363840,1.575903,6.9000,0,1120.50,1140.50,-1.00,0.0,100,0,0.00
lateral,context,v10,13,3,worst,kill,-1.00,0,30.000,19495,2,0.200187,1.308252,2.8667,0,1010.50,1030.50,395.10,0.0,100,0,0.00
lateral,context,v10,13,3,worst,kill,-1.00,0,30.000,19495,3,0.184632,1.178565,2.3333,0,955.50,970.50,-1.00,0.0,100,0,0.00
lateral,context,v10,13,3,worst,kill,-1.00,0,30.000,19495,4,0.146942,1.310575,2.2667,0,785.50,800.50,-1.00,0.0,100,0,0.00
lateral,context,v10,13,3,worst,kill,-1.00,0,30.000,19495,5,0.287209,1.342574,4.1333,0,1235.50,1250.50,-1.00,0.0,100,0,0.00
lateral,context,v10,13,3,worst,kill,-1.00,0,30.000,19495,6,0.459865,2.522382,9.7000,0,1040.50,1060.50,440.10,0.0,100,0,0.00
lateral,context,v10,13,3,worst,kill,-1.00,0,30.000,19495,7,0.724388,2.599142,14.8333,0,790.50,810.50,425.10,0.0,100,0,0.00
lateral,context,v10,13,3,worst,kill,-1.00,0,30.000,19495,8,0.685167,3.102175,17.9000,0,1700.50,1720.50,425.10,0.0,100,0,0.00
lateral,context,v10,13,3,worst,kill,-1.00,0,30.000,19495,9,0.381711,1.109881,6.0000,0,1255.50,1275.50,470.10,0.0,100,0,0.00
lateral,context,v10,13,3,worst,kill,-1.00,0,30.000,19495,10,0.344641,1.403474,4.2667,0,1455.50,1475.50,-1.00,0.0,100,0,0.00
lateral,context,v10,13,3,worst,kill,-1.00,0,30.000,19495,11,0.564622,1.655796,11.0667,0,1310.50,1330.50,330.10,0.0,100,0,0.00
lateral,context,v10,13,3,worst,kill,-1.00,0,30.000,19495,12,0.420248,1.397903,6.9000,0,1725.50,1745.50,-1.00,0.0,100,0,0.00
lateral,context,v10,14,3,worst,kill,-1.00,0,30.000,27045,0,1.159184,4.485270,29.2000,0,1730.50,1750.50,210.10,0.0,100,1,0.00
lateral,context,v10,14,3,worst,kill,-1.00,0,30.000,27045,1,0.792483,3.451447,18.3667,0,1130.50,1150.50,215.10,0.0,100,1,0.00
lateral,context,v10,14,3,worst,kill,-1.00,0,30.000,27045,2,0.900910,3.461157,21.3000,0,1070.50,1095.50,280.10,0.0,100,1,0.00
lateral,context,v10,14,3,worst,kill,-1.00,0,30.000,27045,3,0.708830,2.028848,18.0333,0,1060.50,1080.50,385.10,0.0,100,1,0.00
lateral,context,v10,14,3,worst,kill,-1.00,0,30.000,27045,4,0.507536,1.412778,8.9667,0,940.50,960.50,435.10,0.0,100,1,0.00
lateral,context,v10,14,3,worst,kill,-1.00,0,30.000,27045,5,0.623026,2.121005,11.2333,0,1050.50,1070.50,330.10,0.0,100,1,0.00
lateral,context,v10,14,3,worst,kill,-1.00,0,30.000,27045,6,1.009433,3.377801,23.0000,0,1075.50,1095.50,315.10,0.0,100,1,0.00
lateral,context,v10,14,3,worst,kill,-1.00,0,30.000,27045,7,0.988690,3.694693,21.4667,0,1040.50,1055.50,155.10,0.0,100,1,0.00
lateral,context,v10,14,3,worst,kill,-1.00,0,30.000,27045,8,1.546959,7.791521,30.8667,0,730.50,750.50,5.10,0.0,100,1,0.00
lateral,context,v10,14,3,worst,kill,-1.00,0,30.000,27045,9,1.146652,3.180255,30.4667,0,1360.50,1380.50,210.10,0.0,100,1,0.00
lateral,context,v10,14,3,worst,kill,-1.00,0,30.000,27045,10,1.095800,4.090896,25.0667,0,1520.50,1540.50,185.10,0.0,100,1,0.00
lateral,context,v10,14,3,worst,kill,-1.00,0,30.000,27045,11,1.188600,3.332347,30.7000,0,700.50,720.50,250.10,0.0,100,1,0.00
lateral,context,v10,14,3,worst,kill,-1.00,0,30.000,27045,12,1.251564,5.029038,28.8000,0,985.50,1005.50,200.10,0.0,100,1,0.00
lateral,context,v10,14,3,worst,kill,-1.00,0,30.000,27045,13,1.071258,3.453566,28.9333,0,1780.50,1800.50,310.10,0.0,100,1,0.00
lateral,context,v10,15,3,worst,kill,-1.00,0,30.000,34497,0,4.032499,22.927852,52.1667,88,1419.90,1444.90,0.00,1285.0,100,9,18.13
lateral,context,v10,15,3,worst,kill,-1.00,0,30.000,34497,1,4.678998,27.381096,49.0333,122,1070.50,1090.50,0.00,2155.0,100,9,18.13
lateral,context,v10,15,3,worst,kill,-1.00,0,30.000,34497,2,5.472902,21.479273,50.7667,201,1200.50,1220.50,0.00,3360.0,100,9,18.13
lateral,context,v10,15,3,worst,kill,-1.00,0,30.000,34497,3,4.074211,13.965443,51.0667,101,1435.50,1455.50,0.00,2515.0,100,9,18.13
lateral,context,v10,15,3,worst,kill,-1.00,0,30.000,34497,4,5.737934,29.643197,50.9333,249,930.50,950.50,0.00,3800.0,100,9,18.13
lateral,context,v10,15,3,worst,kill,-1.00,0,30.000,34497,5,4.289142,16.292016,43.5667,124,1290.50,1315.50,0.00,2355.0,100,9,18.13
lateral,context,v10,15,3,worst,kill,-1.00,0,30.000,34497,6,5.833255,42.827658,50.1667,167,1340.50,1360.50,0.00,2270.0,100,9,18.13
lateral,context,v10,15,3,worst,kill,-1.00,0,30.000,34497,7,6.004901,31.548961,46.2667,223,760.50,780.50,0.00,3500.0,100,9,18.13
lateral,context,v10,15,3,worst,kill,-1.00,0,30.000,34497,8,4.235800,18.375069,50.3667,85,1220.50,1240.50,0.00,1540.0,100,9,18.13
lateral,context,v10,15,3,worst,kill,-1.00,0,30.000,34497,9,4.930750,18.897065,61.6667,171,2070.50,2090.50,0.00,2865.0,100,9,18.13
lateral,context,v10,15,3,worst,kill,-1.00,0,30.000,34497,10,4.679877,28.986420,49.0667,158,2010.50,2030.50,0.00,3015.0,100,9,18.13
lateral,context,v10,15,3,worst,kill,-1.00,0,30.000,34497,11,5.854279,28.468918,51.2667,258,2360.50,2380.50,0.00,3975.0,100,9,18.13
lateral,context,v10,15,3,worst,kill,-1.00,0,30.000,34497,12,4.747841,14.335553,51.0000,101,1225.50,1245.50,0.00,1835.0,100,9,18.13
lateral,context,v10,15,3,worst,kill,-1.00,0,30.000,34497,13,4.956283,28.975708,51.1333,180,2420.50,2440.50,0.00,2595.0,100,9,18.13
lateral,context,v10,15,3,worst,kill,-1.00,0,30.000,34497,14,5.370561,20.598758,53.6333,198,2450.50,2470.50,0.00,2935.0,100,9,18.13
lateral,context,v10,16,3,worst,kill,-1.00,0,30.000,41982,0,98.560444,583.382546,76.2667,1257,990.50,1010.50,0.00,15085.0,100,16,64.17
lateral,context,v10,16,3,worst,kill,-1.00,0,30.000,41982,1,138.654493,1044.811537,74.4000,1165,3100.50,3120.50,0.00,14235.0,100,16,64.17
lateral,context,v10,16,3,worst,kill,-1.00,0,30.000,41982,2,129.742671,976.316701,70.7667,1131,2120.50,2140.50,0.00,13665.0,100,16,64.17
lateral,context,v10,16,3,worst,kill,-1.00,0,30.000,41982,3,126.127762,1127.437346,74.8000,1289,1385.50,1405.50,0.00,15890.0,100,16,64.17
lateral,context,v10,16,3,worst,kill,-1.00,0,30.000,41982,4,101.591945,891.231618,72.8333,1209,1280.50,1300.50,0.00,15715.0,100,16,64.17
lateral,context,v10,16,3,worst,kill,-1.00,0,30.000,41982,5,83.736708,496.655009,69.2333,1182,3459.90,3484.90,0.00,14625.0,100,16,64.17
lateral,context,v10,16,3,worst,kill,-1.00,0,30.000,41982,6,148.484747,1481.405836,70.6000,1169,4020.50,4040.50,0.00,14165.0,100,16,64.17
lateral,context,v10,16,3,worst,kill,-1.00,0,30.000,41982,7,116.073959,1281.037250,75.1000,1257,1890.50,1910.50,0.00,15090.0,100,16,64.17
lateral,context,v10,16,3,worst,kill,-1.00,0,30.000,41982,8,128.415080,1194.639666,67.5333,1164,2390.50,2415.50,0.00,13825.0,100,16,64.17
lateral,context,v10,16,3,worst,kill,-1.00,0,30.000,41982,9,102.993298,775.823077,73.1667,1221,1384.90,1404.90,0.00,14695.0,100,16,64.17
lateral,context,v10,16,3,worst,kill,-1.00,0,30.000,41982,10,102.322503,634.190403,78.6333,1154,3560.50,3580.50,0.00,13960.0,100,16,64.17
lateral,context,v10,16,3,worst,kill,-1.00,0,30.000,41982,11,128.019463,994.641199,74.0667,1223,2020.50,2040.50,0.00,15090.0,100,16,64.17
lateral,context,v10,16,3,worst,kill,-1.00,0,30.000,41982,12,116.636856,676.498186,75.4000,1126,2480.50,2500.50,0.00,13630.0,100,16,64.17
lateral,context,v10,16,3,worst,kill,-1.00,0,30.000,41982,13,142.277313,1606.324609,70.1000,1285,1740.50,1765.50,0.00,15550.0,100,16,64.17
lateral,context,v10,16,3,worst,kill,-1.00,0,30.000,41982,14,122.851147,890.601268,76.3000,1240,1825.50,1845.50,0.00,14955.0,100,16,64.17
lateral,context,v10,16,3,worst,kill,-1.00,0,30.000,41982,15,107.437638,704.014701,74.6000,1246,1450.50,1470.50,0.00,15225.0,100,16,64.17
lateral,context,v10,17,3,worst,kill,-1.00,0,30.000,49486,0,893.701101,6789.111581,79.2667,1713,3730.50,3755.50,0.00,19515.0,100,17,73.85
lateral,context,v10,17,3,worst,kill,-1.00,0,30.000,49486,1,593.049932,3698.288464,78.4667,1722,4410.50,4430.50,0.00,19060.0,100,17,73.85
lateral,context,v10,17,3,worst,kill,-1.00,0,30.000,49486,2,753.175764,6706.041758,81.5000,1735,1520.50,1545.50,0.00,19560.0,100,17,73.85
lateral,context,v10,17,3,worst,kill,-1.00,0,30.000,49486,3,739.862479,5390.692417,83.0667,1717,2980.50,3000.50,0.00,19200.0,100,17,73.85
lateral,context,v10,17,3,worst,kill,-1.00,0,30.000,49486,4,810.319774,6992.814344,81.9000,1806,1340.50,1360.50,0.00,20600.0,100,17,73.85
lateral,context,v10,17,3,worst,kill,-1.00,0,30.000,49486,5,763.911106,5987.590135,79.7000,1701,2180.50,2200.50,0.00,19435.0,100,17,73.85
lateral,context,v10,17,3,worst,kill,-1.00,0,30.000,49486,6,1085.686855,10884.704534,80.8667,1701,2300.50,2325.50,0.00,19325.0,100,17,73.85
lateral,context,v10,17,3,worst,kill,-1.00,0,30.000,49486,7,1006.106267,8798.379004,80.9667,1678,1340.50,1360.50,0.00,18540.0,100,17,73.85
lateral,context,v10,17,3,worst,kill,-1.00,0,30.000,49486,8,1096.011967,8877.500801,81.0333,1743,1940.50,1960.50,0.00,19625.0,100,17,73.85
lateral,context,v10,17,3,worst,kill,-1.00,0,30.000,49486,9,797.415454,4659.761875,82.2667,1714,2060.50,2080.50,0.00,19245.0,100,17,73.85
lateral,context,v10,17,3,worst,kill,-1.00,0,30.000,49486,10,710.592068,6431.872696,83.4333,1687,10580.50,10600.50,0.00,18580.0,100,17,73.85
lateral,context,v10,17,3,worst,kill,-1.00,0,30.000,49486,11,570.821328,5901.139393,84.7333,1715,2860.50,2880.50,0.00,19385.0,100,17,73.85
lateral,context,v10,17,3,worst,kill,-1.00,0,30.000,49486,12,500.659289,3812.482362,83.7667,1681,3700.50,3720.50,0.00,18700.0,100,17,73.85
lateral,context,v10,17,3,worst,kill,-1.00,0,30.000,49486,13,1032.358015,14509.808362,83.3000,1648,1325.50,1345.50,0.00,18730.0,100,17,73.85
lateral,context,v10,17,3,worst,kill,-1.00,0,30.000,49486,14,675.825674,9409.779512,81.1667,1646,6940.50,6965.50,0.00,18945.0,100,17,73.85
lateral,context,v10,17,3,worst,kill,-1.00,0,30.000,49486,15,818.440594,6807.984439,83.7000,1735,1740.50,1760.50,0.00,19555.0,100,17,73.85
lateral,context,v10,17,3,worst,kill,-1.00,0,30.000,49486,16,1133.750256,11602.518830,83.9333,1740,1390.50,1410.50,0.00,19555.0,100,17,73.85
lateral,context,v10,18,3,worst,kill,-1.00,0,30.000,56984,0,61.039616,396.540731,68.8000,973,3170.50,3195.50,0.00,11930.0,100,18,53.50
lateral,context,v10,18,3,worst,kill,-1.00,0,30.000,56984,1,67.735625,670.816281,68.4333,946,1050.50,1070.50,0.00,11210.0,100,18,53.50
lateral,context,v10,18,3,worst,kill,-1.00,0,30.000,56984,2,58.391185,421.070380,63.6667,1010,2600.50,2625.50,0.00,12295.0,100,18,53.50
lateral,context,v10,18,3,worst,kill,-1.00,0,30.000,56984,3,74.623287,515.370073,69.1333,1085,1630.50,1650.50,0.00,13160.0,100,18,53.50
lateral,context,v10,18,3,worst,kill,-1.00,0,30.000,56984,4,67.564813,649.694442,66.1000,1038,2300.50,2320.50,0.00,13225.0,100,18,53.50
lateral,context,v10,18,3,worst,kill,-1.00,0,30.000,56984,5,66.389164,569.263484,65.5333,867,3360.50,3380.50,0.00,10615.0,100,18,53.50
lateral,context,v10,18,3,worst,kill,-1.00,0,30.000,56984,6,58.756055,483.998271,64.6333,989,1800.50,1820.50,0.00,12380.0,100,18,53.50
lateral,context,v10,18,3,worst,kill,-1.00,0,30.000,56984,7,67.608228,515.434066,64.9333,951,1740.50,1760.50,0.00,12080.0,100,18,53.50
lateral,context,v10,18,3,worst,kill,-1.00,0,30.000,56984,8,70.133254,718.409785,67.5000,988,1540.50,1560.50,0.00,12415.0,100,18,53.50
lateral,context,v10,18,3,worst,kill,-1.00,0,30.000,56984,9,61.213205,512.162498,62.0000,1013,1820.50,1845.50,0.00,12640.0,100,18,53.50
lateral,context,v10,18,3,worst,kill,-1.00,0,30.000,56984,10,55.641803,406.654585,68.3000,910,2220.50,2240.50,0.00,11695.0,100,18,53.50
lateral,context,v10,18,3,worst,kill,-1.00,0,30.000,56984,11,68.981148,570.008154,69.2000,975,880.50,900.50,0.00,12310.0,100,18,53.50
lateral,context,v10,18,3,worst,kill,-1.00,0,30.000,56984,12,80.686435,826.511920,71.3000,1001,1020.50,1040.50,0.00,12885.0,100,18,53.50
lateral,context,v10,18,3,worst,kill,-1.00,0,30.000,56984,13,40.603217,237.009135,61.6667,888,2059.90,2079.90,0.00,11990.0,100,18,53.50
lateral,context,v10,18,3,worst,kill,-1.00,0,30.000,56984,14,81.509283,866.117362,63.7667,1006,4600.50,4615.50,0.00,12070.0,100,18,53.50
lateral,context,v10,18,3,worst,kill,-1.00,0,30.000,56984,15,13.160709,89.899841,62.2333,552,6239.90,6259.90,0.00,7150.0,100,18,53.50
lateral,context,v10,18,3,worst,kill,-1.00,0,30.000,56984,16,5.827889,154.355276,8.0000,149,-1.00,-1.00,0.00,1750.0,100,18,53.50
lateral,context,v10,18,3,worst,kill,-1.00,0,30.000,56984,17,50.153872,435.478683,29.1333,680,1840.50,22120.50,0.00,7785.0,100,18,53.50
lateral,ttu,v10,10,3,worst,kill,-1.00,0,30.000,9,0,0.021645,0.181998,0.0000,0,90.50,90.50,-1.00,0.0,100,0,0.00
lateral,ttu,v10,10,3,worst,kill,-1.00,0,30.000,9,1,0.039137,0.181998,0.0000,0,90.50,90.50,-1.00,0.0,100,0,0.00
lateral,ttu,v10,10,3,worst,kill,-1.00,0,30.000,9,2,0.046070,0.265627,0.0000,0,90.50,90.50,-1.00,0.0,100,0,0.00
lateral,ttu,v10,10,3,worst,kill,-1.00,0,30.000,9,3,0.038248,0.923089,0.0000,0,90.50,90.50,365.10,0.0,100,0,0.00
lateral,ttu,v10,10,3,worst,kill,-1.00,0,30.000,9,4,0.030611,0.299813,0.0000,0,95.50,95.50,-1.00,0.0,100,0,0.00
lateral,ttu,v10,10,3,worst,kill,-1.00,0,30.000,9,5,0.512900,2.757600,13.5333,0,100.50,100.50,445.10,0.0,100,0,0.00
lateral,ttu,v10,10,3,worst,kill,-1.00,0,30.000,9,6,0.623937,3.109264,15.0667,0,100.50,110.50,430.10,0.0,100,0,0.00
lateral,ttu,v10,10,3,worst,kill,-1.00,0,30.000,9,7,0.057222,0.851306,0.0000,0,100.50,110.50,415.10,0.0,100,0,0.00
lateral,ttu,v10,10,3,worst,kill,-1.00,0,30.000,9,8,0.063226,0.952503,0.8667,0,90.50,90.50,245.10,0.0,100,0,0.00
lateral,ttu,v10,10,3,worst,kill,-1.00,0,30.000,9,9,0.015012,0.175398,0.0000,0,85.50,85.50,-1.00,0.0,100,0,0.00
lateral,ttu,v10,11,3,worst,kill,-1.00,0,30.000,4465,0,0.021676,0.182397,0.0000,0,90.50,90.50,-1.00,0.0,100,0,0.00
lateral,ttu,v10,11,3,worst,kill,-1.00,0,30.000,4465,1,0.046976,0.182397,0.0000,0,90.50,90.50,-1.00,0.0,100,0,0.00
lateral,ttu,v10,11,3,worst,kill,-1.00,0,30.000,4465,2,0.102682,1.090021,0.8667,0,100.50,100.50,425.10,0.0,100,0,0.00
lateral,ttu,v10,11,3,worst,kill,-1.00,0,30.000,4465,3,0.033459,0.404234,0.0000,0,95.50,95.50,-1.00,0.0,100,0,0.00
lateral,ttu,v10,11,3,worst,kill,-1.00,0,30.000,4465,4,0.026224,0.303944,0.0000,0,100.50,100.50,-1.00,0.0,100,0,0.00
lateral,ttu,v10,11,3,worst,kill,-1.00,0,30.000,4465,5,0.507879,3.457811,11.8333,0,100.50,110.50,430.10,0.0,100,0,0.00
lateral,ttu,v10,11,3,worst,kill,-1.00,0,30.000,4465,6,0.565105,2.990288,14.3333,0,100.50,110.50,425.10,0.0,100,0,0.00
lateral,ttu,v10,11,3,worst,kill,-1.00,0,30.000,4465,7,0.572942,3.080941,14.2000,0,100.50,110.50,450.10,0.0,100,0,0.00
lateral,ttu,v10,11,3,worst,kill,-1.00,0,30.000,4465,8,0.021780,0.167768,0.0000,0,95.50,95.50,-1.00,0.0,100,0,0.00
lateral,ttu,v10,11,3,worst,kill,-1.00,0,30.000,4465,9,1.974142,2.978653,80.5667,0,135.50,135.50,280.10,0.0,100,0,0.00
lateral,ttu,v10,11,3,worst,kill,-1.00,0,30.000,4465,10,4.558004,7.058967,73.5667,0,1710.50,1710.50,435.10,0.0,100,0,0.00
lateral,ttu,v10,12,3,worst,kill,-1.00,0,30.000,11992,0,0.022912,0.195477,0.0000,0,90.50,110.50,-1.00,0.0,100,0,0.00
lateral,ttu,v10,12,3,worst,kill,-1.00,0,30.000,11992,1,0.040702,0.182306,0.0000,0,95.50,95.50,-1.00,0.0,100,0,0.00
lateral,ttu,v10,12,3,worst,kill,-1.00,0,30.000,11992,2,0.074748,0.911729,0.5667,0,90.50,90.50,395.10,0.0,100,0,0.00
lateral,ttu,v10,12,3,worst,kill,-1.00,0,30.000,11992,3,0.092864,0.847771,0.9333,0,95.50,95.50,330.10,0.0,100,0,0.00
lateral,ttu,v10,12,3,worst,kill,-1.00,0,30.000,11992,4,0.031330,0.388283,0.0000,0,100.50,100.50,455.10,0.0,100,0,0.00
lateral,ttu,v10,12,3,worst,kill,-1.00,0,30.000,11992,5,0.142909,2.075540,2.6000,0,100.50,100.50,460.10,0.0,100,0,0.00
lateral,ttu,v10,12,3,worst,kill,-1.00,0,30.000,11992,6,0.589915,3.137218,14.9000,0,100.50,110.50,435.10,0.0,100,0,0.00
lateral,ttu,v10,12,3,worst,kill,-1.00,0,30.000,11992,7,0.603691,3.075554,14.6333,0,90.50,110.50,430.10,0.0,100,0,0.00
lateral,ttu,v10,12,3,worst,kill,-1.00,0,30.000,11992,8,1.293975,5.751305,46.5333,0,100.50,110.50,315.10,0.0,100,0,0.00
lateral,ttu,v10,12,3,worst,kill,-1.00,0,30.000,11992,9,0.574079,3.367222,26.9333,0,135.50,135.50,425.10,0.0,100,0,0.00
lateral,ttu,v10,12,3,worst,kill,-1.00,0,30.000,11992,10,4.210936,6.245343,75.9667,0,3460.50,3460.50,305.10,0.0,100,0,0.00
lateral,ttu,v10,12,3,worst,kill,-1.00,0,30.000,11992,11,0.835649,5.715025,13.8667,0,1240.50,1240.50,435.10,0.0,100,0,0.00
lateral,ttu,v10,13,3,worst,kill,-1.00,0,30.000,17988,0,0.021680,0.182501,0.0000,0,90.50,90.50,-1.00,0.0,100,0,0.00
lateral,ttu,v10,13,3,worst,kill,-1.00,0,30.000,17988,1,0.041547,0.182501,0.0000,0,90.50,90.50,-1.00,0.0,100,0,0.00
lateral,ttu,v10,13,3,worst,kill,-1.00,0,30.000,17988,2,0.091179,0.911781,0.5667,0,90.50,95.50,395.10,0.0,100,0,0.00
lateral,ttu,v10,13,3,worst,kill,-1.00,0,30.000,17988,3,0.050339,0.273981,0.0000,0,100.50,100.50,-1.00,0.0,100,0,0.00
lateral,ttu,v10,13,3,worst,kill,-1.00,0,30.000,17988,4,0.010322,0.298976,0.0000,0,100.50,100.50,-1.00,0.0,100,0,0.00
lateral,ttu,v10,13,3,worst,kill,-1.00,0,30.000,17988,5,0.028576,0.327667,0.0000,0,90.50,100.50,-1.00,0.0,100,0,0.00
lateral,ttu,v10,13,3,worst,kill,-1.00,0,30.000,17988,6,0.448516,2.771517,12.4000,0,115.50,115.50,440.10,0.0,100,0,0.00
lateral,ttu,v10,13,3,worst,kill,-1.00,0,30.000,17988,7,0.660180,3.393737,15.5333,0,145.50,145.50,375.10,0.0,100,0,0.00
lateral,ttu,v10,13,3,worst,kill,-1.00,0,30.000,17988,8,1.675510,6.424379,40.6000,0,325.50,325.50,265.10,0.0,100,0,0.00
lateral,ttu,v10,13,3,worst,kill,-1.00,0,30.000,17988,9,3.988233,5.871786,74.2333,0,4200.50,4200.50,325.10,0.0,100,0,0.00
lateral,ttu,v10,13,3,worst,kill,-1.00,0,30.000,17988,10,3.939617,9.381960,67.9333,0,4920.50,4920.50,405.10,0.0,100,0,0.00
lateral,ttu,v10,13,3,worst,kill,-1.00,0,30.000,17988,11,4.333839,5.745631,73.4667,0,2280.50,2280.50,310.10,0.0,100,0,0.00
lateral,ttu,v10,13,3,worst,kill,-1.00,0,30.000,17988,12,0.902342,5.650044,16.3333,0,1269.90,1269.90,435.10,0.0,100,0,0.00
lateral,ttu,v10,14,3,worst,kill,-1.00,0,30.000,25484,0,0.021688,0.182501,0.0000,0,90.50,105.50,-1.00,0.0,100,0,0.00
lateral,ttu,v10,14,3,worst,kill,-1.00,0,30.000,25484,1,0.035305,0.182501,0.0000,0,95.50,95.50,-1.00,0.0,100,0,0.00
lateral,ttu,v10,14,3,worst,kill,-1.00,0,30.000,25484,2,0.080587,0.937743,0.5667,0,100.50,100.50,395.10,0.0,100,0,0.00
lateral,ttu,v10,14,3,worst,kill,-1.00,0,30.000,25484,3,0.033343,0.183676,0.0000,0,100.50,100.50,-1.00,0.0,100,0,0.00
lateral,ttu,v10,14,3,worst,kill,-1.00,0,30.000,25484,4,0.044185,0.447345,0.0000,0,100.50,100.50,-1.00,0.0,100,0,0.00
lateral,ttu,v10,14,3,worst,kill,-1.00,0,30.000,25484,5,0.027298,0.307327,0.0000,0,90.50,90.50,-1.00,0.0,100,0,0.00
lateral,ttu,v10,14,3,worst,kill,-1.00,0,30.000,25484,6,0.237854,2.254028,5.1333,0,105.50,105.50,445.10,0.0,100,0,0.00
lateral,ttu,v10,14,3,worst,kill,-1.00,0,30.000,25484,7,2.698845,6.495331,60.3000,0,145.50,145.50,315.10,0.0,100,0,0.00
lateral,ttu,v10,14,3,worst,kill,-1.00,0,30.000,25484,8,1.989374,7.119958,42.6333,0,455.50,455.50,185.10,0.0,100,0,0.00
lateral,ttu,v10,14,3,worst,kill,-1.00,0,30.000,25484,9,4.501007,10.915174,72.1333,0,2570.50,2580.50,340.10,0.0,100,0,0.00
lateral,ttu,v10,14,3,worst,kill,-1.00,0,30.000,25484,10,3.404257,8.661915,54.5000,0,2960.50,2970.50,320.10,0.0,100,0,0.00
lateral,ttu,v10,14,3,worst,kill,-1.00,0,30.000,25484,11,4.591030,9.006392,74.6667,0,8320.50,8320.50,355.10,0.0,100,0,0.00
lateral,ttu,v10,14,3,worst,kill,-1.00,0,30.000,25484,12,4.158676,5.850973,73.9000,0,3250.50,3250.50,435.10,0.0,100,0,0.00
lateral,ttu,v10,14,3,worst,kill,-1.00,0,30.000,25484,13,0.980684,5.567220,17.6333,0,1630.50,1630.50,435.10,0.0,100,0,0.00
lateral,ttu,v10,15,3,worst,kill,-1.00,0,30.000,32189,0,0.022226,0.190345,0.0000,0,90.50,110.50,-1.00,0.0,100,0,0.00
lateral,ttu,v10,15,3,worst,kill,-1.00,0,30.000,32189,1,0.044626,0.182501,0.0000,0,100.50,100.50,-1.00,0.0,100,0,0.00
lateral,ttu,v10,15,3,worst,kill,-1.00,0,30.000,32189,2,0.075932,0.643528,0.0000,0,100.50,100.50,440.10,0.0,100,0,0.00
lateral,ttu,v10,15,3,worst,kill,-1.00,0,30.000,32189,3,0.049689,0.278647,0.0000,0,100.50,100.50,-1.00,0.0,100,0,0.00
lateral,ttu,v10,15,3,worst,kill,-1.00,0,30.000,32189,4,0.055313,0.741442,0.0000,0,100.50,100.50,460.10,0.0,100,0,0.00
lateral,ttu,v10,15,3,worst,kill,-1.00,0,30.000,32189,5,0.031892,0.384280,0.0000,0,140.50,140.50,455.10,0.0,100,0,0.00
lateral,ttu,v10,15,3,worst,kill,-1.00,0,30.000,32189,6,0.065071,0.526832,0.8667,0,245.50,245.50,-1.00,0.0,100,0,0.00
lateral,ttu,v10,15,3,worst,kill,-1.00,0,30.000,32189,7,2.851538,8.213087,59.6333,0,355.50,355.50,240.10,0.0,100,0,0.00
lateral,ttu,v10,15,3,worst,kill,-1.00,0,30.000,32189,8,4.722457,10.122593,72.6000,0,3970.50,3970.50,290.10,0.0,100,0,0.00
lateral,ttu,v10,15,3,worst,kill,-1.00,0,30.000,32189,9,3.731493,10.748553,59.5333,0,1800.50,1810.50,340.10,0.0,100,0,0.00
lateral,ttu,v10,15,3,worst,kill,-1.00,0,30.000,32189,10,3.833830,5.628399,67.4000,0,3420.50,3420.50,400.10,0.0,100,0,0.00
lateral,ttu,v10,15,3,worst,kill,-1.00,0,30.000,32189,11,2.199479,5.988015,55.3667,0,8920.50,8920.50,435.10,0.0,100,0,0.00
lateral,ttu,v10,15,3,worst,kill,-1.00,0,30.000,32189,12,4.195131,5.844354,74.5000,0,2910.50,2910.50,245.10,0.0,100,0,0.00
lateral,ttu,v10,15,3,worst,kill,-1.00,0,30.000,32189,13,4.645957,6.443114,75.9667,0,2640.50,2650.50,435.10,0.0,100,0,0.00
lateral,ttu,v10,15,3,worst,kill,-1.00,0,30.000,32189,14,1.088461,5.662018,19.1333,0,1680.50,1690.50,440.10,0.0,100,0,0.00
lateral,ttu,v10,16,3,worst,kill,-1.00,0,30.000,40473,0,0.021713,0.182268,0.0000,0,100.50,100.50,-1.00,0.0,100,0,0.00
lateral,ttu,v10,16,3,worst,kill,-1.00,0,30.000,40473,1,0.043620,0.182268,0.0000,0,100.50,100.50,-1.00,0.0,100,0,0.00
lateral,ttu,v10,16,3,worst,kill,-1.00,0,30.000,40473,2,0.042791,0.237033,0.0000,0,100.50,100.50,-1.00,0.0,100,0,0.00
lateral,ttu,v10,16,3,worst,kill,-1.00,0,30.000,40473,3,0.075748,0.836298,0.0000,0,100.50,100.50,460.10,0.0,100,0,0.00
lateral,ttu,v10,16,3,worst,kill,-1.00,0,30.000,40473,4,0.089049,0.861438,0.9000,0,115.50,115.50,330.10,0.0,100,0,0.00
lateral,ttu,v10,16,3,worst,kill,-1.00,0,30.000,40473,5,0.009010,0.134823,0.0000,0,245.50,245.50,-1.00,0.0,100,0,0.00
lateral,ttu,v10,16,3,worst,kill,-1.00,0,30.000,40473,6,1.303609,4.195382,50.4333,0,525.50,525.50,430.10,0.0,100,0,0.00
lateral,ttu,v10,16,3,worst,kill,-1.00,0,30.000,40473,7,3.743919,7.498346,72.4667,0,2340.50,2340.50,165.10,0.0,100,0,0.00
lateral,ttu,v10,16,3,worst,kill,-1.00,0,30.000,40473,8,4.498652,10.791775,71.7667,0,2830.50,2830.50,125.10,0.0,100,0,0.00
lateral,ttu,v10,16,3,worst,kill,-1.00,0,30.000,40473,9,5.681400,10.967567,75.7333,0,1690.50,1690.50,345.10,0.0,100,0,0.00
lateral,ttu,v10,16,3,worst,kill,-1.00,0,30.000,40473,10,4.330123,11.233225,68.7667,0,1770.50,1770.50,335.10,0.0,100,0,0.00
lateral,ttu,v10,16,3,worst,kill,-1.00,0,30.000,40473,11,4.205022,7.049934,73.3667,0,2695.50,2695.50,335.10,0.0,100,0,0.00
lateral,ttu,v10,16,3,worst,kill,-1.00,0,30.000,40473,12,3.868058,6.842902,63.2667,0,2450.50,2460.50,395.10,0.0,100,0,0.00
lateral,ttu,v10,16,3,worst,kill,-1.00,0,30.000,40473,13,4.004505,6.162660,75.9000,0,3180.50,3180.50,265.10,0.0,100,0,0.00
lateral,ttu,v10,16,3,worst,kill,-1.00,0,30.000,40473,14,0.149334,1.536331,2.5333,0,609.90,609.90,445.10,0.0,100,0,0.00
lateral,ttu,v10,16,3,worst,kill,-1.00,0,30.000,40473,15,1.128934,5.357050,20.8000,0,1410.50,1410.50,435.10,0.0,100,0,0.00
lateral,ttu,v10,17,3,worst,kill,-1.00,0,30.000,48078,0,0.021849,0.179094,0.0000,0,100.50,120.50,-1.00,0.0,100,0,0.00
lateral,ttu,v10,17,3,worst,kill,-1.00,0,30.000,48078,1,0.048450,0.182920,0.0000,0,100.50,100.50,-1.00,0.0,100,0,0.00
lateral,ttu,v10,17,3,worst,kill,-1.00,0,30.000,48078,2,0.037131,0.178933,0.0000,0,100.50,100.50,-1.00,0.0,100,0,0.00
lateral,ttu,v10,17,3,worst,kill,-1.00,0,30.000,48078,3,0.112800,0.966810,0.5667,0,130.50,130.50,395.10,0.0,100,0,0.00
lateral,ttu,v10,17,3,worst,kill,-1.00,0,30.000,48078,4,0.050210,0.271170,0.0000,0,165.50,165.50,-1.00,0.0,100,0,0.00
lateral,ttu,v10,17,3,worst,kill,-1.00,0,30.000,48078,5,1.654448,5.778855,50.2000,0,240.50,240.50,295.10,0.0,100,0,0.00
lateral,ttu,v10,17,3,worst,kill,-1.00,0,30.000,48078,6,1.576727,5.920768,49.5333,0,535.50,535.50,445.10,0.0,100,0,0.00
lateral,ttu,v10,17,3,worst,kill,-1.00,0,30.000,48078,7,4.410127,8.376609,70.3667,0,3570.50,3570.50,340.10,0.0,100,0,0.00
lateral,ttu,v10,17,3,worst,kill,-1.00,0,30.000,48078,8,5.027998,10.667873,72.4333,0,2600.50,2610.50,265.10,0.0,100,0,0.00
lateral,ttu,v10,17,3,worst,kill,-1.00,0,30.000,48078,9,3.601870,6.505390,69.1333,0,4360.50,4360.50,345.10,0.0,100,0,0.00
lateral,ttu,v10,17,3,worst,kill,-1.00,0,30.000,48078,10,3.943904,11.563003,58.5667,0,1870.50,1870.50,185.10,0.0,100,0,0.00
lateral,ttu,v10,17,3,worst,kill,-1.00,0,30.000,48078,11,4.596617,9.463580,70.9000,0,3040.50,3040.50,285.10,0.0,100,0,0.00
lateral,ttu,v10,17,3,worst,kill,-1.00,0,30.000,48078,12,2.346567,7.848957,45.8000,0,3760.50,3760.50,435.10,0.0,100,0,0.00
lateral,ttu,v10,17,3,worst,kill,-1.00,0,30.000,48078,13,3.521248,6.094617,65.9667,0,2960.50,2970.50,435.10,0.0,100,0,0.00
lateral,ttu,v10,17,3,worst,kill,-1.00,0,30.000,48078,14,4.334242,6.310287,76.7667,0,4570.50,4570.50,290.10,0.0,100,0,0.00
lateral,ttu,v10,17,3,worst,kill,-1.00,0,30.000,48078,15,0.267726,3.942433,4.1333,0,1020.50,1020.50,430.10,0.0,100,0,0.00
lateral,ttu,v10,17,3,worst,kill,-1.00,0,30.000,48078,16,1.211336,5.832899,21.7333,0,1630.50,1630.50,435.10,0.0,100,0,0.00
lateral,ttu,v10,18,3,worst,kill,-1.00,0,30.000,55478,0,0.022252,0.187891,0.0000,0,100.50,120.50,-1.00,0.0,100,0,0.00
lateral,ttu,v10,18,3,worst,kill,-1.00,0,30.000,55478,1,0.042856,0.181485,0.0000,0,100.50,100.50,-1.00,0.0,100,0,0.00
lateral,ttu,v10,18,3,worst,kill,-1.00,0,30.000,55478,2,0.057646,0.194089,0.0000,0,105.50,105.50,-1.00,0.0,100,0,0.00
lateral,ttu,v10,18,3,worst,kill,-1.00,0,30.000,55478,3,0.115002,0.943774,0.5667,0,180.50,180.50,395.10,0.0,100,0,0.00
lateral,ttu,v10,18,3,worst,kill,-1.00,0,30.000,55478,4,0.800886,2.942600,34.4333,0,250.50,250.50,395.10,0.0,100,0,0.00
lateral,ttu,v10,18,3,worst,kill,-1.00,0,30.000,55478,5,1.358035,5.585949,39.9333,0,560.50,560.50,380.10,0.0,100,0,0.00
lateral,ttu,v10,18,3,worst,kill,-1.00,0,30.000,55478,6,4.049526,6.158907,75.4333,0,4380.50,4380.50,365.10,0.0,100,0,0.00
lateral,ttu,v10,18,3,worst,kill,-1.00,0,30.000,55478,7,4.067616,7.827798,68.1000,0,3450.50,3450.50,315.10,0.0,100,0,0.00
lateral,ttu,v10,18,3,worst,kill,-1.00,0,30.000,55478,8,4.644471,11.671929,77.4000,0,2610.50,2610.50,305.10,0.0,100,0,0.00
lateral,ttu,v10,18,3,worst,kill,-1.00,0,30.000,55478,9,5.122745,11.219412,75.1333,0,2400.50,2410.50,120.10,0.0,100,0,0.00
lateral,ttu,v10,18,3,worst,kill,-1.00,0,30.000,55478,10,4.879096,12.899805,73.7667,0,3670.50,3670.50,295.10,0.0,100,0,0.00
lateral,ttu,v10,18,3,worst,kill,-1.00,0,30.000,55478,11,3.462199,11.207704,64.7333,0,3750.50,3760.50,250.10,0.0,100,0,0.00
lateral,ttu,v10,18,3,worst,kill,-1.00,0,30.000,55478,12,4.216638,5.857528,72.4000,0,2550.50,2560.50,395.10,0.0,100,0,0.00
lateral,ttu,v10,18,3,worst,kill,-1.00,0,30.000,55478,13,3.282239,8.901719,55.5667,0,5490.50,5500.50,300.10,0.0,100,0,0.00
lateral,ttu,v10,18,3,worst,kill,-1.00,0,30.000,55478,14,3.724729,6.456218,68.6000,0,3190.50,3190.50,435.10,0.0,100,0,0.00
lateral,ttu,v10,18,3,worst,kill,-1.00,0,30.000,55478,15,4.261319,5.816720,75.1667,0,3430.50,3430.50,305.10,0.0,100,0,0.00
lateral,ttu,v10,18,3,worst,kill,-1.00,0,30.000,55478,16,0.321143,3.764385,6.2000,0,1070.50,1080.50,445.10,0.0,100,0,0.00
lateral,ttu,v10,18,3,worst,kill,-1.00,0,30.000,55478,17,1.268398,5.559881,22.3667,0,1680.50,1680.50,435.10,0.0,100,0,0.00
lateral,aguard,v10,10,3,worst,kill,-1.00,0,30.000,4496,0,0.033678,0.181410,0.0000,0,105.50,105.50,-1.00,0.0,100,0,0.00
lateral,aguard,v10,10,3,worst,kill,-1.00,0,30.000,4496,1,0.040600,0.197187,0.0000,0,95.50,110.50,-1.00,0.0,100,0,0.00
lateral,aguard,v10,10,3,worst,kill,-1.00,0,30.000,4496,2,0.047068,0.276382,0.0000,0,100.50,120.50,-1.00,0.0,100,0,0.00
lateral,aguard,v10,10,3,worst,kill,-1.00,0,30.000,4496,3,0.040360,0.916870,0.0000,0,95.50,110.50,365.10,0.0,100,0,0.00
lateral,aguard,v10,10,3,worst,kill,-1.00,0,30.000,4496,4,0.033515,0.318060,0.0000,0,105.50,120.50,-1.00,0.0,100,0,0.00
lateral,aguard,v10,10,3,worst,kill,-1.00,0,30.000,4496,5,0.428491,2.267686,11.0333,0,90.50,125.50,455.10,0.0,100,0,0.00
lateral,aguard,v10,10,3,worst,kill,-1.00,0,30.000,4496,6,0.471580,2.415861,11.9667,0,105.50,105.50,450.10,0.0,100,0,0.00
lateral,aguard,v10,10,3,worst,kill,-1.00,0,30.000,4496,7,0.059170,0.764622,0.0000,0,105.50,110.50,415.10,0.0,100,0,0.00
lateral,aguard,v10,10,3,worst,kill,-1.00,0,30.000,4496,8,0.066742,0.989417,0.8667,0,105.50,105.50,245.10,0.0,100,0,0.00
lateral,aguard,v10,10,3,worst,kill,-1.00,0,30.000,4496,9,0.025580,0.198545,0.0000,0,95.50,115.50,-1.00,0.0,100,0,0.00
lateral,aguard,v10,11,3,worst,kill,-1.00,0,30.000,7490,0,0.042269,0.182854,0.0000,0,90.50,110.50,-1.00,0.0,100,0,0.00
lateral,aguard,v10,11,3,worst,kill,-1.00,0,30.000,7490,1,0.058623,0.189319,0.0000,0,105.50,125.50,-1.00,0.0,100,0,0.00
lateral,aguard,v10,11,3,worst,kill,-1.00,0,30.000,7490,2,0.112511,1.060932,0.8000,0,110.50,110.50,420.10,0.0,100,0,0.00
lateral,aguard,v10,11,3,worst,kill,-1.00,0,30.000,7490,3,0.034037,0.421302,0.0000,0,100.50,105.50,-1.00,0.0,100,0,0.00
lateral,aguard,v10,11,3,worst,kill,-1.00,0,30.000,7490,4,0.026688,0.299028,0.0000,0,105.50,120.50,-1.00,0.0,100,0,0.00
lateral,aguard,v10,11,3,worst,kill,-1.00,0,30.000,7490,5,0.390506,2.519712,10.4667,0,105.50,110.50,440.10,0.0,100,0,0.00
lateral,aguard,v10,11,3,worst,kill,-1.00,0,30.000,7490,6,0.582610,2.936864,14.2000,0,100.50,105.50,425.10,0.0,100,0,0.00
lateral,aguard,v10,11,3,worst,kill,-1.00,0,30.000,7490,7,0.421842,2.244722,10.0000,0,105.50,105.50,455.10,0.0,100,0,0.00
lateral,aguard,v10,11,3,worst,kill,-1.00,0,30.000,7490,8,0.050015,0.184326,0.0000,0,95.50,105.50,-1.00,0.0,100,0,0.00
lateral,aguard,v10,11,3,worst,kill,-1.00,0,30.000,7490,9,0.051556,0.804291,0.5333,0,100.50,105.50,280.10,0.0,100,0,0.00
lateral,aguard,v10,11,3,worst,kill,-1.00,0,30.000,7490,10,0.036888,0.203730,0.0000,0,105.50,115.50,-1.00,0.0,100,0,0.00
lateral,aguard,v10,12,3,worst,kill,-1.00,0,30.000,12005,0,0.115503,0.337618,0.0000,0,770.50,790.50,-1.00,0.0,100,0,0.00
lateral,aguard,v10,12,3,worst,kill,-1.00,0,30.000,12005,1,0.144475,0.694981,0.5667,0,1080.50,1100.50,-1.00,0.0,100,0,0.00
lateral,aguard,v10,12,3,worst,kill,-1.00,0,30.000,12005,2,0.087823,0.894245,0.5667,0,540.50,560.50,395.10,0.0,100,0,0.00
lateral,aguard,v10,12,3,worst,kill,-1.00,0,30.000,12005,3,0.103490,0.843263,0.9000,0,540.50,560.50,330.10,0.0,100,0,0.00
lateral,aguard,v10,12,3,worst,kill,-1.00,0,30.000,12005,4,0.059848,0.392291,0.0000,0,715.50,730.50,-1.00,0.0,100,0,0.00
lateral,aguard,v10,12,3,worst,kill,-1.00,0,30.000,12005,5,0.219876,1.680507,3.2333,0,1090.50,1110.50,480.10,0.0,100,0,0.00
lateral,aguard,v10,12,3,worst,kill,-1.00,0,30.000,12005,6,0.464850,2.115201,10.7333,0,1100.50,1120.50,455.10,0.0,100,0,0.00
lateral,aguard,v10,12,3,worst,kill,-1.00,0,30.000,12005,7,0.765673,3.157842,16.7000,0,805.50,825.50,415.10,0.0,100,0,0.00
lateral,aguard,v10,12,3,worst,kill,-1.00,0,30.000,12005,8,0.269179,2.012818,5.6333,0,1950.50,1970.50,365.10,0.0,100,0,0.00
lateral,aguard,v10,12,3,worst,kill,-1.00,0,30.000,12005,9,0.151065,0.409910,0.0000,0,630.50,650.50,-1.00,0.0,100,0,0.00
lateral,aguard,v10,12,3,worst,kill,-1.00,0,30.000,12005,10,0.173921,0.667377,0.0000,0,640.50,665.50,305.10,0.0,100,0,0.00
lateral,aguard,v10,12,3,worst,kill,-1.00,0,30.000,12005,11,0.166937,0.509026,0.0000,0,670.50,690.50,-1.00,0.0,100,0,0.00
lateral,aguard,v10,13,3,worst,kill,-1.00,0,30.000,19503,0,0.527092,1.757276,9.4667,0,785.50,790.50,-1.00,0.0,100,0,0.00
lateral,aguard,v10,13,3,worst,kill,-1.00,0,30.000,19503,1,0.279496,1.575903,3.4333,0,2020.50,2040.50,-1.00,0.0,100,0,0.00
lateral,aguard,v10,13,3,worst,kill,-1.00,0,30.000,19503,2,0.208258,1.308252,2.8667,0,1010.50,1030.50,395.10,0.0,100,0,0.00
lateral,aguard,v10,13,3,worst,kill,-1.00,0,30.000,19503,3,0.161922,0.809058,1.1667,0,665.50,685.50,-1.00,0.0,100,0,0.00
lateral,aguard,v10,13,3,worst,kill,-1.00,0,30.000,19503,4,0.163677,1.458944,2.4000,0,630.50,650.50,-1.00,0.0,100,0,0.00
lateral,aguard,v10,13,3,worst,kill,-1.00,0,30.000,19503,5,0.305189,1.342574,5.4333,0,1235.50,1250.50,-1.00,0.0,100,0,0.00
lateral,aguard,v10,13,3,worst,kill,-1.00,0,30.000,19503,6,0.578633,3.138282,16.8333,0,1780.50,1800.50,445.10,0.0,100,0,0.00
lateral,aguard,v10,13,3,worst,kill,-1.00,0,30.000,19503,7,0.767386,2.702124,15.6667,0,800.50,820.50,425.10,0.0,100,0,0.00
lateral,aguard,v10,13,3,worst,kill,-1.00,0,30.000,19503,8,0.673810,3.102175,17.1000,0,1700.50,1720.50,425.10,0.0,100,0,0.00
lateral,aguard,v10,13,3,worst,kill,-1.00,0,30.000,19503,9,0.381496,1.109881,5.5333,0,1930.50,1950.50,470.10,0.0,100,0,0.00
lateral,aguard,v10,13,3,worst,kill,-1.00,0,30.000,19503,10,0.441724,1.523698,7.7333,0,1440.50,1460.50,-1.00,0.0,100,0,0.00
lateral,aguard,v10,13,3,worst,kill,-1.00,0,30.000,19503,11,0.591269,1.643071,11.5333,0,930.50,945.50,330.10,0.0,100,0,0.00
lateral,aguard,v10,13,3,worst,kill,-1.00,0,30.000,19503,12,0.332493,0.855727,2.9000,0,1560.50,1585.50,-1.00,0.0,100,0,0.00
lateral,aguard,v10,14,3,worst,kill,-1.00,0,30.000,27042,0,0.765006,2.339260,18.8667,0,860.50,880.50,415.10,0.0,100,0,0.00
lateral,aguard,v10,14,3,worst,kill,-1.00,0,30.000,27042,1,0.631837,2.032338,16.3000,0,1230.50,1250.50,430.10,0.0,100,0,0.00
lateral,aguard,v10,14,3,worst,kill,-1.00,0,30.000,27042,2,0.588034,2.250572,14.3333,0,1560.50,1585.50,395.10,0.0,100,0,0.00
lateral,aguard,v10,14,3,worst,kill,-1.00,0,30.000,27042,3,0.554534,2.142612,12.1333,0,1060.50,1080.50,405.10,0.0,100,0,0.00
lateral,aguard,v10,14,3,worst,kill,-1.00,0,30.000,27042,4,0.411710,0.856100,7.5667,0,1270.50,1295.50,435.10,0.0,100,0,0.00
lateral,aguard,v10,14,3,worst,kill,-1.00,0,30.000,27042,5,0.457575,1.922457,5.6000,0,1110.50,1130.50,415.10,0.0,100,0,0.00
lateral,aguard,v10,14,3,worst,kill,-1.00,0,30.000,27042,6,0.629870,2.510693,11.1333,0,1000.50,1020.50,280.10,0.0,100,0,0.00
lateral,aguard,v10,14,3,worst,kill,-1.00,0,30.000,27042,7,0.896936,2.252826,20.7333,0,940.50,965.50,355.10,0.0,100,0,0.00
lateral,aguard,v10,14,3,worst,kill,-1.00,0,30.000,27042,8,1.000973,3.101162,25.7667,0,2600.50,2625.50,395.10,0.0,100,0,0.00
lateral,aguard,v10,14,3,worst,kill,-1.00,0,30.000,27042,9,0.961459,2.861707,27.1333,0,800.50,820.50,395.10,0.0,100,0,0.00
lateral,aguard,v10,14,3,worst,kill,-1.00,0,30.000,27042,10,0.809688,2.300082,20.9667,0,1520.50,1540.50,380.10,0.0,100,0,0.00
lateral,aguard,v10,14,3,worst,kill,-1.00,0,30.000,27042,11,0.790406,2.597394,16.8333,0,2080.50,2100.50,405.10,0.0,100,0,0.00
lateral,aguard,v10,14,3,worst,kill,-1.00,0,30.000,27042,12,0.950031,2.346248,24.0667,0,1604.90,1624.90,395.10,0.0,100,0,0.00
lateral,aguard,v10,14,3,worst,kill,-1.00,0,30.000,27042,13,0.869658,2.505162,21.0667,0,1540.50,1560.50,375.10,0.0,100,0,0.00
lateral,aguard,v10,15,3,worst,kill,-1.00,0,30.000,34541,0,1.614830,4.248241,39.2667,0,805.50,810.50,360.10,0.0,100,0,0.00
lateral,aguard,v10,15,3,worst,kill,-1.00,0,30.000,34541,1,1.327517,3.543732,33.8333,0,1490.50,1510.50,390.10,0.0,100,0,0.00
lateral,aguard,v10,15,3,worst,kill,-1.00,0,30.000,34541,2,1.461740,3.562539,36.4667,0,1720.50,1745.50,395.10,0.0,100,0,0.00
lateral,aguard,v10,15,3,worst,kill,-1.00,0,30.000,34541,3,1.262749,3.430666,32.5333,0,1435.50,1455.50,395.10,0.0,100,0,0.00
lateral,aguard,v10,15,3,worst,kill,-1.00,0,30.000,34541,4,1.338450,3.463194,33.7333,0,910.50,930.50,385.10,0.0,100,0,0.00
lateral,aguard,v10,15,3,worst,kill,-1.00,0,30.000,34541,5,1.284648,3.472924,29.9333,0,930.50,950.50,395.10,0.0,100,0,0.00
lateral,aguard,v10,15,3,worst,kill,-1.00,0,30.000,34541,6,1.599447,4.575827,36.3333,0,1510.50,1530.50,320.10,0.0,100,0,0.00
lateral,aguard,v10,15,3,worst,kill,-1.00,0,30.000,34541,7,1.516206,4.171555,34.5333,0,1070.50,1090.50,200.10,0.0,100,0,0.00
lateral,aguard,v10,15,3,worst,kill,-1.00,0,30.000,34541,8,1.659935,3.642799,41.4333,0,1560.50,1590.50,350.10,0.0,100,0,0.00
lateral,aguard,v10,15,3,worst,kill,-1.00,0,30.000,34541,9,1.872464,3.265794,49.8000,0,1140.50,1160.50,405.10,0.0,100,0,0.00
lateral,aguard,v10,15,3,worst,kill,-1.00,0,30.000,34541,10,1.626964,4.043015,40.9333,0,880.50,900.50,335.10,0.0,100,0,0.00
lateral,aguard,v10,15,3,worst,kill,-1.00,0,30.000,34541,11,1.661512,4.205983,39.9667,0,2360.50,2380.50,355.10,0.0,100,0,0.00
lateral,aguard,v10,15,3,worst,kill,-1.00,0,30.000,34541,12,1.579452,3.667814,36.0000,0,1950.50,1965.50,245.10,0.0,100,0,0.00
lateral,aguard,v10,15,3,worst,kill,-1.00,0,30.000,34541,13,1.665043,4.110381,40.1667,0,2500.50,2520.50,385.10,0.0,100,0,0.00
lateral,aguard,v10,15,3,worst,kill,-1.00,0,30.000,34541,14,1.716252,3.739775,43.5667,0,1230.50,1250.50,365.10,0.0,100,0,0.00
lateral,aguard,v10,16,3,worst,kill,-1.00,0,30.000,42093,0,2.258455,4.895939,51.7000,0,1690.50,1710.50,380.10,0.0,100,0,0.00
lateral,aguard,v10,16,3,worst,kill,-1.00,0,30.000,42093,1,2.293129,4.914899,49.4667,0,1155.50,1175.50,285.10,0.0,100,0,0.00
lateral,aguard,v10,16,3,worst,kill,-1.00,0,30.000,42093,2,2.076023,4.450131,46.9000,0,1240.50,1265.50,275.10,0.0,100,0,0.00
lateral,aguard,v10,16,3,worst,kill,-1.00,0,30.000,42093,3,1.949513,3.342016,47.8333,0,970.50,990.50,325.10,0.0,100,0,0.00
lateral,aguard,v10,16,3,worst,kill,-1.00,0,30.000,42093,4,2.133463,4.307362,50.2667,0,840.50,860.50,330.10,0.0,100,0,0.00
lateral,aguard,v10,16,3,worst,kill,-1.00,0,30.000,42093,5,1.881401,3.898454,45.1000,0,1870.50,1890.50,225.10,0.0,100,0,0.00
lateral,aguard,v10,16,3,worst,kill,-1.00,0,30.000,42093,6,2.061374,4.521654,46.5667,0,1620.50,1645.50,300.10,0.0,100,0,0.00
lateral,aguard,v10,16,3,worst,kill,-1.00,0,30.000,42093,7,2.049691,6.053714,42.9667,0,1990.50,2010.50,330.10,0.0,100,0,0.00
lateral,aguard,v10,16,3,worst,kill,-1.00,0,30.000,42093,8,2.243034,5.215913,46.5000,0,1650.50,1670.50,235.10,0.0,100,0,0.00
lateral,aguard,v10,16,3,worst,kill,-1.00,0,30.000,42093,9,2.297155,4.281281,48.4667,0,1100.50,1120.50,370.10,0.0,100,0,0.00
lateral,aguard,v10,16,3,worst,kill,-1.00,0,30.000,42093,10,2.451569,3.887350,59.2333,0,980.50,980.50,300.10,0.0,100,0,0.00
lateral,aguard,v10,16,3,worst,kill,-1.00,0,30.000,42093,11,2.201171,4.217240,50.7000,0,1185.50,1205.50,340.10,0.0,100,0,0.00
lateral,aguard,v10,16,3,worst,kill,-1.00,0,30.000,42093,12,2.314391,5.915405,51.6333,0,980.50,980.50,370.10,0.0,100,0,0.00
lateral,aguard,v10,16,3,worst,kill,-1.00,0,30.000,42093,13,2.382557,4.490920,51.9333,0,1320.50,1340.50,265.10,0.0,100,0,0.00
lateral,aguard,v10,16,3,worst,kill,-1.00,0,30.000,42093,14,2.299667,5.010629,51.4667,0,3080.50,3100.50,330.10,0.0,100,0,0.00
lateral,aguard,v10,16,3,worst,kill,-1.00,0,30.000,42093,15,2.398310,3.767302,54.1333,0,1450.50,1470.50,320.10,0.0,100,0,0.00
lateral,aguard,v10,17,3,worst,kill,-1.00,0,30.000,49613,0,2.673430,6.352827,51.9667,0,5970.50,5995.50,320.10,0.0,100,1,0.00
lateral,aguard,v10,17,3,worst,kill,-1.00,0,30.000,49613,1,2.623876,5.092151,55.4000,0,1810.50,1835.50,230.10,0.0,100,1,0.00
lateral,aguard,v10,17,3,worst,kill,-1.00,0,30.000,49613,2,2.942355,5.695923,58.2667,0,1095.50,1115.50,315.10,0.0,100,1,0.00
lateral,aguard,v10,17,3,worst,kill,-1.00,0,30.000,49613,3,2.980714,6.644080,60.0000,0,1490.50,1510.50,0.00,5.0,100,1,0.00
lateral,aguard,v10,17,3,worst,kill,-1.00,0,30.000,49613,4,2.911582,5.412262,58.1667,0,1040.50,1040.50,310.10,0.0,100,1,0.00
lateral,aguard,v10,17,3,worst,kill,-1.00,0,30.000,49613,5,2.832582,6.239164,56.6333,0,1600.50,1620.50,250.10,0.0,100,1,0.00
lateral,aguard,v10,17,3,worst,kill,-1.00,0,30.000,49613,6,2.901126,5.389101,57.4667,0,730.50,750.50,320.10,0.0,100,1,0.00
lateral,aguard,v10,17,3,worst,kill,-1.00,0,30.000,49613,7,3.060695,5.191055,60.7000,0,1160.50,1180.50,270.10,0.0,100,1,0.00
lateral,aguard,v10,17,3,worst,kill,-1.00,0,30.000,49613,8,3.518639,8.867209,60.8667,0,1190.50,1210.50,150.10,0.0,100,1,0.00
lateral,aguard,v10,17,3,worst,kill,-1.00,0,30.000,49613,9,3.128967,6.983478,58.3667,0,1560.50,1580.50,290.10,0.0,100,1,0.00
lateral,aguard,v10,17,3,worst,kill,-1.00,0,30.000,49613,10,3.243885,7.430872,60.4667,0,1325.50,1345.50,260.10,0.0,100,1,0.00
lateral,aguard,v10,17,3,worst,kill,-1.00,0,30.000,49613,11,3.047441,4.400858,62.8667,0,820.50,840.50,265.10,0.0,100,1,0.00
lateral,aguard,v10,17,3,worst,kill,-1.00,0,30.000,49613,12,3.065913,5.382591,60.4667,0,1385.50,1385.50,255.10,0.0,100,1,0.00
lateral,aguard,v10,17,3,worst,kill,-1.00,0,30.000,49613,13,3.125862,7.402275,62.3000,0,2505.50,2525.50,260.10,0.0,100,1,0.00
lateral,aguard,v10,17,3,worst,kill,-1.00,0,30.000,49613,14,3.131966,7.602899,58.0333,0,2105.50,2125.50,285.10,0.0,100,1,0.00
lateral,aguard,v10,17,3,worst,kill,-1.00,0,30.000,49613,15,3.345609,6.538321,59.9000,0,985.50,985.50,320.10,0.0,100,1,0.00
lateral,aguard,v10,17,3,worst,kill,-1.00,0,30.000,49613,16,3.021333,6.664045,58.2333,0,1755.50,1775.50,255.10,0.0,100,1,0.00
lateral,aguard,v10,18,3,worst,kill,-1.00,0,30.000,57069,0,2.461923,4.696020,51.3000,0,1370.50,1390.50,375.10,0.0,100,0,0.00
lateral,aguard,v10,18,3,worst,kill,-1.00,0,30.000,57069,1,2.249492,4.669157,47.3333,0,2045.50,2065.50,310.10,0.0,100,0,0.00
lateral,aguard,v10,18,3,worst,kill,-1.00,0,30.000,57069,2,2.150183,4.777505,43.4333,0,2020.50,2040.50,350.10,0.0,100,0,0.00
lateral,aguard,v10,18,3,worst,kill,-1.00,0,30.000,57069,3,2.099168,4.330294,46.1000,0,1380.50,1400.50,320.10,0.0,100,0,0.00
lateral,aguard,v10,18,3,worst,kill,-1.00,0,30.000,57069,4,2.172646,4.113127,48.3333,0,695.50,710.50,300.10,0.0,100,0,0.00
lateral,aguard,v10,18,3,worst,kill,-1.00,0,30.000,57069,5,2.213889,5.881792,45.1333,0,795.50,815.50,355.10,0.0,100,0,0.00
lateral,aguard,v10,18,3,worst,kill,-1.00,0,30.000,57069,6,2.175136,4.444083,45.6000,0,820.50,840.50,350.10,0.0,100,0,0.00
lateral,aguard,v10,18,3,worst,kill,-1.00,0,30.000,57069,7,2.148057,4.553086,47.7000,0,2930.50,2970.50,185.10,0.0,100,0,0.00
lateral,aguard,v10,18,3,worst,kill,-1.00,0,30.000,57069,8,2.692360,7.098126,48.5333,0,1430.50,1450.50,230.10,0.0,100,0,0.00
lateral,aguard,v10,18,3,worst,kill,-1.00,0,30.000,57069,9,2.197422,5.192667,43.0667,0,2095.50,2110.50,195.10,0.0,100,0,0.00
lateral,aguard,v10,18,3,worst,kill,-1.00,0,30.000,57069,10,2.752923,5.332027,51.5333,0,1215.50,1235.50,260.10,0.0,100,0,0.00
lateral,aguard,v10,18,3,worst,kill,-1.00,0,30.000,57069,11,2.483856,5.341558,54.3000,0,720.50,740.50,315.10,0.0,100,0,0.00
lateral,aguard,v10,18,3,worst,kill,-1.00,0,30.000,57069,12,2.452289,4.961286,54.7667,0,805.50,825.50,305.10,0.0,100,0,0.00
lateral,aguard,v10,18,3,worst,kill,-1.00,0,30.000,57069,13,2.217879,4.839270,44.3333,0,770.50,790.50,290.10,0.0,100,0,0.00
lateral,aguard,v10,18,3,worst,kill,-1.00,0,30.000,57069,14,2.329552,5.332122,45.5333,0,880.50,900.50,325.10,0.0,100,0,0.00
lateral,aguard,v10,18,3,worst,kill,-1.00,0,30.000,57069,15,2.597395,7.518426,51.2667,0,1360.50,1385.50,305.10,0.0,100,0,0.00
lateral,aguard,v10,18,3,worst,kill,-1.00,0,30.000,57069,16,0.449325,6.237145,6.5333,0,26800.50,26800.50,125.10,0.0,100,0,0.00
lateral,aguard,v10,18,3,worst,kill,-1.00,0,30.000,57069,17,1.249316,6.244412,21.5000,0,21040.50,21040.50,115.10,0.0,100,0,0.00
cartpole,rm,v10,10,3,worst,kill,-1.00,0,20.000,0,0,0.000443,0.004136,5.8000,0,90.50,90.50,105.10,0.0,100,1,0.00
cartpole,rm,v10,10,3,worst,kill,-1.00,0,20.000,0,1,0.000443,0.004136,5.8000,0,90.50,90.50,105.10,0.0,100,1,0.00
cartpole,rm,v10,10,3,worst,kill,-1.00,0,20.000,0,2,0.000443,0.004136,5.8000,0,90.50,90.50,105.10,0.0,100,1,0.00
cartpole,rm,v10,10,3,worst,kill,-1.00,0,20.000,0,3,0.000443,0.004136,5.8000,0,90.50,90.50,105.10,0.0,100,1,0.00
cartpole,rm,v10,10,3,worst,kill,-1.00,0,20.000,0,4,0.000443,0.004136,5.8000,0,90.50,90.50,105.10,0.0,100,1,0.00
cartpole,rm,v10,10,3,worst,kill,-1.00,0,20.000,0,5,0.000443,0.004136,5.8000,0,90.50,90.50,105.10,0.0,100,1,0.00
cartpole,rm,v10,10,3,worst,kill,-1.00,0,20.000,0,6,0.000581,0.004335,9.5500,0,85.50,95.50,95.10,0.0,100,1,0.00
cartpole,rm,v10,10,3,worst,kill,-1.00,0,20.000,0,7,0.000342,0.003715,5.1000,0,85.50,85.50,115.10,0.0,100,1,0.00
cartpole,rm,v10,10,3,worst,kill,-1.00,0,20.000,0,8,0.000342,0.003715,5.1000,0,85.50,85.50,115.10,0.0,100,1,0.00
cartpole,rm,v10,10,3,worst,kill,-1.00,0,20.000,0,9,0.000342,0.003715,5.1000,0,85.50,85.50,115.10,0.0,100,1,0.00
cartpole,rm,v10,11,3,worst,kill,-1.00,0,20.000,2997,0,0.000443,0.004136,5.8000,0,90.50,90.50,105.10,0.0,100,2,0.00
cartpole,rm,v10,11,3,worst,kill,-1.00,0,20.000,2997,1,0.000443,0.004136,5.8000,0,90.50,90.50,105.10,0.0,100,2,0.00
cartpole,rm,v10,11,3,worst,kill,-1.00,0,20.000,2997,2,0.000443,0.004136,5.8000,0,90.50,90.50,105.10,0.0,100,2,0.00
cartpole,rm,v10,11,3,worst,kill,-1.00,0,20.000,2997,3,0.000443,0.004136,5.8000,0,90.50,90.50,105.10,0.0,100,2,0.00
cartpole,rm,v10,11,3,worst,kill,-1.00,0,20.000,2997,4,0.000443,0.004136,5.8000,0,90.50,90.50,105.10,0.0,100,2,0.00
cartpole,rm,v10,11,3,worst,kill,-1.00,0,20.000,2997,5,0.000931,0.005897,11.3000,0,100.50,100.50,90.10,0.0,100,2,0.00
cartpole,rm,v10,11,3,worst,kill,-1.00,0,20.000,2997,6,0.000342,0.003715,5.1000,0,85.50,85.50,115.10,0.0,100,2,0.00
cartpole,rm,v10,11,3,worst,kill,-1.00,0,20.000,2997,7,0.000342,0.003715,5.1000,0,85.50,85.50,115.10,0.0,100,2,0.00
cartpole,rm,v10,11,3,worst,kill,-1.00,0,20.000,2997,8,0.000342,0.003715,5.1000,0,85.50,85.50,115.10,0.0,100,2,0.00
cartpole,rm,v10,11,3,worst,kill,-1.00,0,20.000,2997,9,0.000342,0.003715,5.1000,0,85.50,85.50,115.10,0.0,100,2,0.00
cartpole,rm,v10,11,3,worst,kill,-1.00,0,20.000,2997,10,332.979216,612.814703,99.4500,1968,-1.00,-1.00,0.00,19725.0,100,2,0.00
cartpole,rm,v10,12,3,worst,kill,-1.00,0,20.000,7992,0,0.014539,0.106534,78.7500,174,90.50,110.50,0.00,2900.0,100,4,0.07
cartpole,rm,v10,12,3,worst,kill,-1.00,0,20.000,7992,1,0.000443,0.004136,5.8000,0,90.50,90.50,105.10,0.0,100,4,0.07
cartpole,rm,v10,12,3,worst,kill,-1.00,0,20.000,7992,2,0.000443,0.004136,5.8000,0,90.50,90.50,105.10,0.0,100,4,0.07
cartpole,rm,v10,12,3,worst,kill,-1.00,0,20.000,7992,3,0.000443,0.004136,5.8000,0,90.50,90.50,105.10,0.0,100,4,0.07
cartpole,rm,v10,12,3,worst,kill,-1.00,0,20.000,7992,4,0.000443,0.004136,5.8000,0,90.50,90.50,105.10,0.0,100,4,0.07
cartpole,rm,v10,12,3,worst,kill,-1.00,0,20.000,7992,5,0.000931,0.005897,11.3000,0,100.50,100.50,90.10,0.0,100,4,0.07
cartpole,rm,v10,12,3,worst,kill,-1.00,0,20.000,7992,6,0.000342,0.003715,5.1000,0,85.50,85.50,115.10,0.0,100,4,0.07
cartpole,rm,v10,12,3,worst,kill,-1.00,0,20.000,7992,7,0.000342,0.003715,5.1000,0,85.50,85.50,115.10,0.0,100,4,0.07
cartpole,rm,v10,12,3,worst,kill,-1.00,0,20.000,7992,8,0.000342,0.003715,5.1000,0,85.50,85.50,115.10,0.0,100,4,0.07
cartpole,rm,v10,12,3,worst,kill,-1.00,0,20.000,7992,9,0.000342,0.003715,5.1000,0,85.50,85.50,115.10,0.0,100,4,0.07
cartpole,rm,v10,12,3,worst,kill,-1.00,0,20.000,7992,10,332.979216,612.814703,99.4500,1968,-1.00,-1.00,0.00,19725.0,100,4,0.07
cartpole,rm,v10,12,3,worst,kill,-1.00,0,20.000,7992,11,332.979216,612.814703,99.4500,1968,-1.00,-1.00,0.00,19725.0,100,4,0.07
cartpole,rm,v10,13,3,worst,kill,-1.00,0,20.000,11988,0,0.000443,0.004136,5.8000,0,90.50,90.50,105.10,0.0,100,5,99.12
cartpole,rm,v10,13,3,worst,kill,-1.00,0,20.000,11988,1,0.000443,0.004136,5.8000,0,90.50,90.50,105.10,0.0,100,5,99.12
cartpole,rm,v10,13,3,worst,kill,-1.00,0,20.000,11988,2,0.000443,0.004136,5.8000,0,90.50,90.50,105.10,0.0,100,5,99.12
cartpole,rm,v10,13,3,worst,kill,-1.00,0,20.000,11988,3,0.000443,0.004136,5.8000,0,90.50,90.50,105.10,0.0,100,5,99.12
cartpole,rm,v10,13,3,worst,kill,-1.00,0,20.000,11988,4,0.000443,0.004136,5.8000,0,90.50,90.50,105.10,0.0,100,5,99.12
cartpole,rm,v10,13,3,worst,kill,-1.00,0,20.000,11988,5,0.000931,0.005897,11.3000,0,90.50,100.50,90.10,0.0,100,5,99.12
cartpole,rm,v10,13,3,worst,kill,-1.00,0,20.000,11988,6,0.000342,0.003715,5.1000,0,85.50,85.50,115.10,0.0,100,5,99.12
cartpole,rm,v10,13,3,worst,kill,-1.00,0,20.000,11988,7,0.000342,0.003715,5.1000,0,85.50,85.50,115.10,0.0,100,5,99.12
cartpole,rm,v10,13,3,worst,kill,-1.00,0,20.000,11988,8,0.000342,0.003715,5.1000,0,85.50,85.50,115.10,0.0,100,5,99.12
cartpole,rm,v10,13,3,worst,kill,-1.00,0,20.000,11988,9,332.979216,612.814703,99.4500,1968,-1.00,-1.00,0.00,19725.0,100,5,99.12
cartpole,rm,v10,13,3,worst,kill,-1.00,0,20.000,11988,10,332.979216,612.814703,99.4500,1968,-1.00,-1.00,0.00,19725.0,100,5,99.12
cartpole,rm,v10,13,3,worst,kill,-1.00,0,20.000,11988,11,332.979216,612.814703,99.4500,1968,-1.00,-1.00,0.00,19725.0,100,5,99.12
cartpole,rm,v10,13,3,worst,kill,-1.00,0,20.000,11988,12,332.979216,612.814703,99.4500,1968,-1.00,-1.00,0.00,19725.0,100,5,99.12
cartpole,rm,v10,14,3,worst,kill,-1.00,0,20.000,16983,0,0.000443,0.004136,5.8000,0,90.50,90.50,105.10,0.0,100,5,99.12
cartpole,rm,v10,14,3,worst,kill,-1.00,0,20.000,16983,1,0.000443,0.004136,5.8000,0,90.50,90.50,105.10,0.0,100,5,99.12
cartpole,rm,v10,14,3,worst,kill,-1.00,0,20.000,16983,2,0.000443,0.004136,5.8000,0,90.50,90.50,105.10,0.0,100,5,99.12
cartpole,rm,v10,14,3,worst,kill,-1.00,0,20.000,16983,3,0.000443,0.004136,5.8000,0,90.50,90.50,105.10,0.0,100,5,99.12
cartpole,rm,v10,14,3,worst,kill,-1.00,0,20.000,16983,4,0.000443,0.004136,5.8000,0,90.50,90.50,105.10,0.0,100,5,99.12
cartpole,rm,v10,14,3,worst,kill,-1.00,0,20.000,16983,5,0.000427,0.003911,5.3500,0,90.50,90.50,110.10,0.0,100,5,99.12
cartpole,rm,v10,14,3,worst,kill,-1.00,0,20.000,16983,6,0.000342,0.003715,5.1000,0,85.50,85.50,115.10,0.0,100,5,99.12
cartpole,rm,v10,14,3,worst,kill,-1.00,0,20.000,16983,7,0.000342,0.003715,5.1000,0,85.50,85.50,115.10,0.0,100,5,99.12
cartpole,rm,v10,14,3,worst,kill,-1.00,0,20.000,16983,8,0.000342,0.003715,5.1000,0,85.50,85.50,115.10,0.0,100,5,99.12
cartpole,rm,v10,14,3,worst,kill,-1.00,0,20.000,16983,9,332.979216,612.814703,99.4500,1968,-1.00,-1.00,0.00,19725.0,100,5,99.12
cartpole,rm,v10,14,3,worst,kill,-1.00,0,20.000,16983,10,332.979216,612.814703,99.4500,1968,-1.00,-1.00,0.00,19725.0,100,5,99.12
cartpole,rm,v10,14,3,worst,kill,-1.00,0,20.000,16983,11,332.979216,612.814703,99.4500,1968,-1.00,-1.00,0.00,19725.0,100,5,99.12
cartpole,rm,v10,14,3,worst,kill,-1.00,0,20.000,16983,12,332.979216,612.814703,99.4500,1968,-1.00,-1.00,0.00,19725.0,100,5,99.12
cartpole,rm,v10,14,3,worst,kill,-1.00,0,20.000,16983,13,332.979216,612.814703,99.4500,1968,-1.00,-1.00,0.00,19725.0,100,5,99.12
cartpole,rm,v10,15,3,worst,kill,-1.00,0,20.000,20979,0,0.014539,0.106534,78.7500,174,90.50,110.50,0.00,2900.0,100,9,99.12
cartpole,rm,v10,15,3,worst,kill,-1.00,0,20.000,20979,1,0.000443,0.004136,5.8000,0,90.50,90.50,105.10,0.0,100,9,99.12
cartpole,rm,v10,15,3,worst,kill,-1.00,0,20.000,20979,2,0.000443,0.004136,5.8000,0,90.50,90.50,105.10,0.0,100,9,99.12
cartpole,rm,v10,15,3,worst,kill,-1.00,0,20.000,20979,3,0.000443,0.004136,5.8000,0,90.50,90.50,105.10,0.0,100,9,99.12
cartpole,rm,v10,15,3,worst,kill,-1.00,0,20.000,20979,4,0.000931,0.005897,11.3000,0,90.50,100.50,90.10,0.0,100,9,99.12
cartpole,rm,v10,15,3,worst,kill,-1.00,0,20.000,20979,5,0.000427,0.003911,5.3500,0,90.50,90.50,110.10,0.0,100,9,99.12
cartpole,rm,v10,15,3,worst,kill,-1.00,0,20.000,20979,6,0.000342,0.003715,5.1000,0,85.50,85.50,115.10,0.0,100,9,99.12
cartpole,rm,v10,15,3,worst,kill,-1.00,0,20.000,20979,7,0.000342,0.003715,5.1000,0,85.50,85.50,115.10,0.0,100,9,99.12
cartpole,rm,v10,15,3,worst,kill,-1.00,0,20.000,20979,8,332.979216,612.814703,99.4500,1968,-1.00,-1.00,0.00,19725.0,100,9,99.12
cartpole,rm,v10,15,3,worst,kill,-1.00,0,20.000,20979,9,332.979216,612.814703,99.4500,1968,-1.00,-1.00,0.00,19725.0,100,9,99.12
cartpole,rm,v10,15,3,worst,kill,-1.00,0,20.000,20979,10,332.979216,612.814703,99.4500,1968,-1.00,-1.00,0.00,19725.0,100,9,99.12
cartpole,rm,v10,15,3,worst,kill,-1.00,0,20.000,20979,11,332.979216,612.814703,99.4500,1968,-1.00,-1.00,0.00,19725.0,100,9,99.12
cartpole,rm,v10,15,3,worst,kill,-1.00,0,20.000,20979,12,332.979216,612.814703,99.4500,1968,-1.00,-1.00,0.00,19725.0,100,9,99.12
cartpole,rm,v10,15,3,worst,kill,-1.00,0,20.000,20979,13,332.979216,612.814703,99.4500,1968,-1.00,-1.00,0.00,19725.0,100,9,99.12
cartpole,rm,v10,15,3,worst,kill,-1.00,0,20.000,20979,14,332.979216,612.814703,99.4500,1968,-1.00,-1.00,0.00,19725.0,100,9,99.12
cartpole,rm,v10,16,3,worst,kill,-1.00,0,20.000,26973,0,0.000443,0.004136,5.8000,0,90.50,90.50,105.10,0.0,100,10,99.12
cartpole,rm,v10,16,3,worst,kill,-1.00,0,20.000,26973,1,0.000443,0.004136,5.8000,0,90.50,90.50,105.10,0.0,100,10,99.12
cartpole,rm,v10,16,3,worst,kill,-1.00,0,20.000,26973,2,0.000443,0.004136,5.8000,0,90.50,90.50,105.10,0.0,100,10,99.12
cartpole,rm,v10,16,3,worst,kill,-1.00,0,20.000,26973,3,0.000443,0.004136,5.8000,0,90.50,90.50,105.10,0.0,100,10,99.12
cartpole,rm,v10,16,3,worst,kill,-1.00,0,20.000,26973,4,0.000931,0.005897,11.3000,0,90.50,100.50,90.10,0.0,100,10,99.12
cartpole,rm,v10,16,3,worst,kill,-1.00,0,20.000,26973,5,0.000427,0.003911,5.3500,0,90.50,90.50,110.10,0.0,100,10,99.12
cartpole,rm,v10,16,3,worst,kill,-1.00,0,20.000,26973,6,0.000342,0.003715,5.1000,0,85.50,85.50,115.10,0.0,100,10,99.12
cartpole,rm,v10,16,3,worst,kill,-1.00,0,20.000,26973,7,332.979216,612.814703,99.4500,1968,-1.00,-1.00,0.00,19725.0,100,10,99.12
cartpole,rm,v10,16,3,worst,kill,-1.00,0,20.000,26973,8,332.979216,612.814703,99.4500,1968,-1.00,-1.00,0.00,19725.0,100,10,99.12
cartpole,rm,v10,16,3,worst,kill,-1.00,0,20.000,26973,9,332.979216,612.814703,99.4500,1968,-1.00,-1.00,0.00,19725.0,100,10,99.12
cartpole,rm,v10,16,3,worst,kill,-1.00,0,20.000,26973,10,332.979216,612.814703,99.4500,1968,-1.00,-1.00,0.00,19725.0,100,10,99.12
cartpole,rm,v10,16,3,worst,kill,-1.00,0,20.000,26973,11,332.979216,612.814703,99.4500,1968,-1.00,-1.00,0.00,19725.0,100,10,99.12
cartpole,rm,v10,16,3,worst,kill,-1.00,0,20.000,26973,12,332.979216,612.814703,99.4500,1968,-1.00,-1.00,0.00,19725.0,100,10,99.12
cartpole,rm,v10,16,3,worst,kill,-1.00,0,20.000,26973,13,332.979216,612.814703,99.4500,1968,-1.00,-1.00,0.00,19725.0,100,10,99.12
cartpole,rm,v10,16,3,worst,kill,-1.00,0,20.000,26973,14,332.979216,612.814703,99.4500,1968,-1.00,-1.00,0.00,19725.0,100,10,99.12
cartpole,rm,v10,16,3,worst,kill,-1.00,0,20.000,26973,15,332.979216,612.814703,99.4500,1968,-1.00,-1.00,0.00,19725.0,100,10,99.12
cartpole,rm,v10,17,3,worst,kill,-1.00,0,20.000,31968,0,0.000443,0.004136,5.8000,0,90.50,90.50,105.10,0.0,100,11,99.12
cartpole,rm,v10,17,3,worst,kill,-1.00,0,20.000,31968,1,0.000443,0.004136,5.8000,0,90.50,90.50,105.10,0.0,100,11,99.12
cartpole,rm,v10,17,3,worst,kill,-1.00,0,20.000,31968,2,0.000443,0.004136,5.8000,0,90.50,90.50,105.10,0.0,100,11,99.12
cartpole,rm,v10,17,3,worst,kill,-1.00,0,20.000,31968,3,0.000931,0.005897,11.3000,0,100.50,100.50,90.10,0.0,100,11,99.12
cartpole,rm,v10,17,3,worst,kill,-1.00,0,20.000,31968,4,0.000427,0.003911,5.3500,0,90.50,90.50,110.10,0.0,100,11,99.12
cartpole,rm,v10,17,3,worst,kill,-1.00,0,20.000,31968,5,0.000427,0.003911,5.3500,0,90.50,90.50,110.10,0.0,100,11,99.12
cartpole,rm,v10,17,3,worst,kill,-1.00,0,20.000,31968,6,0.000342,0.003715,5.1000,0,85.50,85.50,115.10,0.0,100,11,99.12
cartpole,rm,v10,17,3,worst,kill,-1.00,0,20.000,31968,7,332.979216,612.814703,99.4500,1968,-1.00,-1.00,0.00,19725.0,100,11,99.12
cartpole,rm,v10,17,3,worst,kill,-1.00,0,20.000,31968,8,332.979216,612.814703,99.4500,1968,-1.00,-1.00,0.00,19725.0,100,11,99.12
cartpole,rm,v10,17,3,worst,kill,-1.00,0,20.000,31968,9,332.979216,612.814703,99.4500,1968,-1.00,-1.00,0.00,19725.0,100,11,99.12
cartpole,rm,v10,17,3,worst,kill,-1.00,0,20.000,31968,10,332.979216,612.814703,99.4500,1968,-1.00,-1.00,0.00,19725.0,100,11,99.12
cartpole,rm,v10,17,3,worst,kill,-1.00,0,20.000,31968,11,332.979216,612.814703,99.4500,1968,-1.00,-1.00,0.00,19725.0,100,11,99.12
cartpole,rm,v10,17,3,worst,kill,-1.00,0,20.000,31968,12,332.979216,612.814703,99.4500,1968,-1.00,-1.00,0.00,19725.0,100,11,99.12
cartpole,rm,v10,17,3,worst,kill,-1.00,0,20.000,31968,13,332.979216,612.814703,99.4500,1968,-1.00,-1.00,0.00,19725.0,100,11,99.12
cartpole,rm,v10,17,3,worst,kill,-1.00,0,20.000,31968,14,332.979216,612.814703,99.4500,1968,-1.00,-1.00,0.00,19725.0,100,11,99.12
cartpole,rm,v10,17,3,worst,kill,-1.00,0,20.000,31968,15,332.979216,612.814703,99.4500,1968,-1.00,-1.00,0.00,19725.0,100,11,99.12
cartpole,rm,v10,17,3,worst,kill,-1.00,0,20.000,31968,16,332.979216,612.814703,99.4500,1968,-1.00,-1.00,0.00,19725.0,100,11,99.12
cartpole,rm,v10,18,3,worst,kill,-1.00,0,20.000,36963,0,0.014539,0.106534,78.7500,174,90.50,110.50,0.00,2900.0,100,14,99.12
cartpole,rm,v10,18,3,worst,kill,-1.00,0,20.000,36963,1,0.000443,0.004136,5.8000,0,90.50,90.50,105.10,0.0,100,14,99.12
cartpole,rm,v10,18,3,worst,kill,-1.00,0,20.000,36963,2,0.000443,0.004136,5.8000,0,90.50,90.50,105.10,0.0,100,14,99.12
cartpole,rm,v10,18,3,worst,kill,-1.00,0,20.000,36963,3,0.000931,0.005897,11.3000,0,90.50,100.50,90.10,0.0,100,14,99.12
cartpole,rm,v10,18,3,worst,kill,-1.00,0,20.000,36963,4,0.000427,0.003911,5.3500,0,90.50,90.50,110.10,0.0,100,14,99.12
cartpole,rm,v10,18,3,worst,kill,-1.00,0,20.000,36963,5,0.000427,0.003911,5.3500,0,90.50,90.50,110.10,0.0,100,14,99.12
cartpole,rm,v10,18,3,worst,kill,-1.00,0,20.000,36963,6,332.979216,612.814703,99.4500,1968,-1.00,-1.00,0.00,19725.0,100,14,99.12
cartpole,rm,v10,18,3,worst,kill,-1.00,0,20.000,36963,7,332.979216,612.814703,99.4500,1968,-1.00,-1.00,0.00,19725.0,100,14,99.12
cartpole,rm,v10,18,3,worst,kill,-1.00,0,20.000,36963,8,332.979216,612.814703,99.4500,1968,-1.00,-1.00,0.00,19725.0,100,14,99.12
cartpole,rm,v10,18,3,worst,kill,-1.00,0,20.000,36963,9,332.979216,612.814703,99.4500,1968,-1.00,-1.00,0.00,19725.0,100,14,99.12
cartpole,rm,v10,18,3,worst,kill,-1.00,0,20.000,36963,10,332.979216,612.814703,99.4500,1968,-1.00,-1.00,0.00,19725.0,100,14,99.12
cartpole,rm,v10,18,3,worst,kill,-1.00,0,20.000,36963,11,332.979216,612.814703,99.4500,1968,-1.00,-1.00,0.00,19725.0,100,14,99.12
cartpole,rm,v10,18,3,worst,kill,-1.00,0,20.000,36963,12,332.979216,612.814703,99.4500,1968,-1.00,-1.00,0.00,19725.0,100,14,99.12
cartpole,rm,v10,18,3,worst,kill,-1.00,0,20.000,36963,13,332.979216,612.814703,99.4500,1968,-1.00,-1.00,0.00,19725.0,100,14,99.12
cartpole,rm,v10,18,3,worst,kill,-1.00,0,20.000,36963,14,332.979216,612.814703,99.4500,1968,-1.00,-1.00,0.00,19725.0,100,14,99.12
cartpole,rm,v10,18,3,worst,kill,-1.00,0,20.000,36963,15,332.979216,612.814703,99.4500,1968,-1.00,-1.00,0.00,19725.0,100,14,99.12
cartpole,rm,v10,18,3,worst,kill,-1.00,0,20.000,36963,16,332.979216,612.814703,99.4500,1968,-1.00,-1.00,0.00,19725.0,100,14,99.12
cartpole,rm,v10,18,3,worst,kill,-1.00,0,20.000,36963,17,332.979216,612.814703,99.4500,1968,-1.00,-1.00,0.00,19725.0,100,14,99.12
cartpole,aguard,v10,10,3,worst,kill,-1.00,0,20.000,3040,0,0.000779,0.005057,11.3500,0,110.50,130.50,100.10,0.0,100,2,0.00
cartpole,aguard,v10,10,3,worst,kill,-1.00,0,20.000,3040,1,0.000789,0.005502,11.0000,0,110.50,110.50,100.10,0.0,100,2,0.00
cartpole,aguard,v10,10,3,worst,kill,-1.00,0,20.000,3040,2,0.000776,0.005478,10.7000,0,110.50,115.50,100.10,0.0,100,2,0.00
cartpole,aguard,v10,10,3,worst,kill,-1.00,0,20.000,3040,3,0.000779,0.005020,11.1500,0,110.50,120.50,95.10,0.0,100,2,0.00
cartpole,aguard,v10,10,3,worst,kill,-1.00,0,20.000,3040,4,0.000757,0.005095,10.7000,0,110.50,120.50,100.10,0.0,100,2,0.00
cartpole,aguard,v10,10,3,worst,kill,-1.00,0,20.000,3040,5,0.000800,0.004937,11.3500,0,110.50,120.50,95.10,0.0,100,2,0.00
cartpole,aguard,v10,10,3,worst,kill,-1.00,0,20.000,3040,6,0.000764,0.004770,10.4000,0,105.50,115.50,105.10,0.0,100,2,0.00
cartpole,aguard,v10,10,3,worst,kill,-1.00,0,20.000,3040,7,0.000804,0.005420,11.0000,0,110.50,125.50,90.10,0.0,100,2,0.00
cartpole,aguard,v10,10,3,worst,kill,-1.00,0,20.000,3040,8,0.000758,0.005084,11.0500,0,110.50,130.50,100.10,0.0,100,2,0.00
cartpole,aguard,v10,10,3,worst,kill,-1.00,0,20.000,3040,9,0.000798,0.005226,11.2500,0,110.50,120.50,100.10,0.0,100,2,0.00
cartpole,aguard,v10,11,3,worst,kill,-1.00,0,20.000,4992,0,0.000854,0.005796,12.6000,0,110.50,130.50,95.10,0.0,100,2,0.00
cartpole,aguard,v10,11,3,worst,kill,-1.00,0,20.000,4992,1,0.000829,0.005188,11.4000,0,110.50,120.50,95.10,0.0,100,2,0.00
cartpole,aguard,v10,11,3,worst,kill,-1.00,0,20.000,4992,2,0.000808,0.005325,11.3000,0,110.50,130.50,95.10,0.0,100,2,0.00
cartpole,aguard,v10,11,3,worst,kill,-1.00,0,20.000,4992,3,0.000819,0.005428,11.3500,0,110.50,130.50,90.10,0.0,100,2,0.00
cartpole,aguard,v10,11,3,worst,kill,-1.00,0,20.000,4992,4,0.000821,0.005787,10.6500,0,110.50,120.50,95.10,0.0,100,2,0.00
cartpole,aguard,v10,11,3,worst,kill,-1.00,0,20.000,4992,5,0.000797,0.004840,11.3500,0,110.50,120.50,95.10,0.0,100,2,0.00
cartpole,aguard,v10,11,3,worst,kill,-1.00,0,20.000,4992,6,0.000784,0.006048,11.5000,0,110.50,130.50,95.10,0.0,100,2,0.00
cartpole,aguard,v10,11,3,worst,kill,-1.00,0,20.000,4992,7,0.000803,0.005237,10.9000,0,110.50,130.50,95.10,0.0,100,2,0.00
cartpole,aguard,v10,11,3,worst,kill,-1.00,0,20.000,4992,8,0.000816,0.005305,10.8500,0,110.50,120.50,95.10,0.0,100,2,0.00
cartpole,aguard,v10,11,3,worst,kill,-1.00,0,20.000,4992,9,0.000778,0.005194,10.7500,0,105.50,110.50,100.10,0.0,100,2,0.00
cartpole,aguard,v10,11,3,worst,kill,-1.00,0,20.000,4992,10,0.000847,0.004822,12.1000,0,110.50,115.50,100.10,0.0,100,2,0.00
cartpole,aguard,v10,12,3,worst,kill,-1.00,0,20.000,8217,0,0.001245,0.007353,16.3000,0,210.50,210.50,75.10,0.0,100,8,1.04
cartpole,aguard,v10,12,3,worst,kill,-1.00,0,20.000,8217,1,0.001213,0.008088,16.2500,0,190.50,230.50,75.10,0.0,100,8,1.04
cartpole,aguard,v10,12,3,worst,kill,-1.00,0,20.000,8217,2,0.001318,0.009507,19.0000,0,300.50,300.50,75.10,0.0,100,8,1.04
cartpole,aguard,v10,12,3,worst,kill,-1.00,0,20.000,8217,3,0.001212,0.007689,15.9500,0,260.50,270.50,75.10,0.0,100,8,1.04
cartpole,aguard,v10,12,3,worst,kill,-1.00,0,20.000,8217,4,0.001238,0.008559,17.5500,0,270.50,270.50,75.10,0.0,100,8,1.04
cartpole,aguard,v10,12,3,worst,kill,-1.00,0,20.000,8217,5,0.001265,0.007033,17.7500,0,250.50,280.50,85.10,0.0,100,8,1.04
cartpole,aguard,v10,12,3,worst,kill,-1.00,0,20.000,8217,6,0.001214,0.010789,15.9500,0,240.50,240.50,85.10,0.0,100,8,1.04
cartpole,aguard,v10,12,3,worst,kill,-1.00,0,20.000,8217,7,0.001250,0.007816,16.1000,0,175.50,185.50,70.10,0.0,100,8,1.04
cartpole,aguard,v10,12,3,worst,kill,-1.00,0,20.000,8217,8,0.001258,0.007592,16.3000,0,200.50,210.50,75.10,0.0,100,8,1.04
cartpole,aguard,v10,12,3,worst,kill,-1.00,0,20.000,8217,9,0.001238,0.006669,17.2000,0,180.50,190.50,80.10,0.0,100,8,1.04
cartpole,aguard,v10,12,3,worst,kill,-1.00,0,20.000,8217,10,0.001269,0.008219,17.4500,0,170.50,170.50,80.10,0.0,100,8,1.04
cartpole,aguard,v10,12,3,worst,kill,-1.00,0,20.000,8217,11,0.001211,0.009774,16.8000,0,240.50,250.50,75.10,0.0,100,8,1.04
cartpole,aguard,v10,13,3,worst,kill,-1.00,0,20.000,13201,0,0.001579,0.012710,21.7500,0,280.50,285.50,60.10,0.0,100,10,2.88
cartpole,aguard,v10,13,3,worst,kill,-1.00,0,20.000,13201,1,0.001545,0.010516,22.6000,0,285.50,310.50,60.10,0.0,100,10,2.88
cartpole,aguard,v10,13,3,worst,kill,-1.00,0,20.000,13201,2,0.001721,0.013739,23.7500,0,265.50,280.50,55.10,0.0,100,10,2.88
cartpole,aguard,v10,13,3,worst,kill,-1.00,0,20.000,13201,3,0.001711,0.011458,21.9500,0,290.50,300.50,65.10,0.0,100,10,2.88
cartpole,aguard,v10,13,3,worst,kill,-1.00,0,20.000,13201,4,0.001505,0.010731,21.2000,0,260.50,285.50,70.10,0.0,100,10,2.88
cartpole,aguard,v10,13,3,worst,kill,-1.00,0,20.000,13201,5,0.001522,0.012567,20.5000,0,295.50,310.50,65.10,0.0,100,10,2.88
cartpole,aguard,v10,13,3,worst,kill,-1.00,0,20.000,13201,6,0.001639,0.012806,22.5500,0,290.50,300.50,55.10,0.0,100,10,2.88
cartpole,aguard,v10,13,3,worst,kill,-1.00,0,20.000,13201,7,0.001580,0.011646,21.2000,0,300.50,300.50,60.10,0.0,100,10,2.88
cartpole,aguard,v10,13,3,worst,kill,-1.00,0,20.000,13201,8,0.001503,0.014615,20.1500,0,315.50,330.50,65.10,0.0,100,10,2.88
cartpole,aguard,v10,13,3,worst,kill,-1.00,0,20.000,13201,9,0.001458,0.010658,20.5500,0,300.50,310.50,70.10,0.0,100,10,2.88
cartpole,aguard,v10,13,3,worst,kill,-1.00,0,20.000,13201,10,0.001709,0.011462,21.5000,0,250.50,280.50,60.10,0.0,100,10,2.88
cartpole,aguard,v10,13,3,worst,kill,-1.00,0,20.000,13201,11,0.001640,0.011332,20.6000,0,230.50,250.50,60.10,0.0,100,10,2.88
cartpole,aguard,v10,13,3,worst,kill,-1.00,0,20.000,13201,12,0.001505,0.012382,21.2000,0,300.50,310.50,55.10,0.0,100,10,2.88
cartpole,aguard,v10,14,3,worst,kill,-1.00,0,20.000,18198,0,0.001323,0.009923,16.5500,0,350.50,430.50,60.10,0.0,100,10,2.11
cartpole,aguard,v10,14,3,worst,kill,-1.00,0,20.000,18198,1,0.001386,0.010467,18.0000,0,385.50,405.50,65.10,0.0,100,10,2.11
cartpole,aguard,v10,14,3,worst,kill,-1.00,0,20.000,18198,2,0.001233,0.009002,17.9500,0,295.50,300.50,55.10,0.0,100,10,2.11
cartpole,aguard,v10,14,3,worst,kill,-1.00,0,20.000,18198,3,0.001311,0.011819,18.3000,0,295.50,310.50,65.10,0.0,100,10,2.11
cartpole,aguard,v10,14,3,worst,kill,-1.00,0,20.000,18198,4,0.001418,0.009684,19.4500,0,345.50,360.50,60.10,0.0,100,10,2.11
cartpole,aguard,v10,14,3,worst,kill,-1.00,0,20.000,18198,5,0.001390,0.010359,18.3000,0,260.50,280.50,70.10,0.0,100,10,2.11
cartpole,aguard,v10,14,3,worst,kill,-1.00,0,20.000,18198,6,0.001094,0.005850,13.8000,0,300.50,315.50,85.10,0.0,100,10,2.11
cartpole,aguard,v10,14,3,worst,kill,-1.00,0,20.000,18198,7,0.001270,0.010042,17.8000,0,410.50,435.50,70.10,0.0,100,10,2.11
cartpole,aguard,v10,14,3,worst,kill,-1.00,0,20.000,18198,8,0.001243,0.013116,17.4500,0,475.50,500.50,70.10,0.0,100,10,2.11
cartpole,aguard,v10,14,3,worst,kill,-1.00,0,20.000,18198,9,0.001566,0.014268,19.6500,0,270.50,290.50,55.10,0.0,100,10,2.11
cartpole,aguard,v10,14,3,worst,kill,-1.00,0,20.000,18198,10,0.001311,0.007303,19.2000,0,265.50,280.50,70.10,0.0,100,10,2.11
cartpole,aguard,v10,14,3,worst,kill,-1.00,0,20.000,18198,11,0.001363,0.010221,17.7000,0,445.50,465.50,70.10,0.0,100,10,2.11
cartpole,aguard,v10,14,3,worst,kill,-1.00,0,20.000,18198,12,0.001402,0.012599,18.7500,0,270.50,280.50,70.10,0.0,100,10,2.11
cartpole,aguard,v10,14,3,worst,kill,-1.00,0,20.000,18198,13,0.001398,0.010844,20.2500,0,295.50,295.50,65.10,0.0,100,10,2.11
cartpole,aguard,v10,15,3,worst,kill,-1.00,0,20.000,23179,0,0.001063,0.008348,11.6500,0,480.50,505.50,75.10,0.0,100,4,0.22
cartpole,aguard,v10,15,3,worst,kill,-1.00,0,20.000,23179,1,0.001264,0.009463,14.6500,0,295.50,310.50,70.10,0.0,100,4,0.22
cartpole,aguard,v10,15,3,worst,kill,-1.00,0,20.000,23179,2,0.001337,0.015058,18.7500,0,445.50,455.50,45.10,0.0,100,4,0.22
cartpole,aguard,v10,15,3,worst,kill,-1.00,0,20.000,23179,3,0.001147,0.006887,14.4500,0,315.50,315.50,85.10,0.0,100,4,0.22
cartpole,aguard,v10,15,3,worst,kill,-1.00,0,20.000,23179,4,0.001211,0.008565,18.1500,0,465.50,480.50,80.10,0.0,100,4,0.22
cartpole,aguard,v10,15,3,worst,kill,-1.00,0,20.000,23179,5,0.001319,0.010943,16.1000,0,365.50,380.50,60.10,0.0,100,4,0.22
cartpole,aguard,v10,15,3,worst,kill,-1.00,0,20.000,23179,6,0.001181,0.008515,16.8500,0,340.50,340.50,85.10,0.0,100,4,0.22
cartpole,aguard,v10,15,3,worst,kill,-1.00,0,20.000,23179,7,0.001156,0.008592,14.7500,0,435.50,450.50,70.10,0.0,100,4,0.22
cartpole,aguard,v10,15,3,worst,kill,-1.00,0,20.000,23179,8,0.001448,0.012048,23.5000,0,320.50,340.50,80.10,0.0,100,4,0.22
cartpole,aguard,v10,15,3,worst,kill,-1.00,0,20.000,23179,9,0.001238,0.011026,15.8500,0,415.50,470.50,50.10,0.0,100,4,0.22
cartpole,aguard,v10,15,3,worst,kill,-1.00,0,20.000,23179,10,0.001194,0.013911,13.2000,0,310.50,330.50,80.10,0.0,100,4,0.22
cartpole,aguard,v10,15,3,worst,kill,-1.00,0,20.000,23179,11,0.001184,0.007888,15.4000,0,320.50,330.50,80.10,0.0,100,4,0.22
cartpole,aguard,v10,15,3,worst,kill,-1.00,0,20.000,23179,12,0.001229,0.009314,15.2000,0,295.50,310.50,80.10,0.0,100,4,0.22
cartpole,aguard,v10,15,3,worst,kill,-1.00,0,20.000,23179,13,0.001138,0.007865,15.1500,0,430.50,470.50,80.10,0.0,100,4,0.22
cartpole,aguard,v10,15,3,worst,kill,-1.00,0,20.000,23179,14,0.001285,0.010622,17.2500,0,430.50,455.50,70.10,0.0,100,4,0.22
cartpole,aguard,v10,16,3,worst,kill,-1.00,0,20.000,28144,0,0.001636,0.013978,23.9500,0,705.50,725.50,50.10,0.0,100,10,0.17
cartpole,aguard,v10,16,3,worst,kill,-1.00,0,20.000,28144,1,0.001545,0.008567,23.4000,0,435.50,465.50,90.10,0.0,100,10,0.17
cartpole,aguard,v10,16,3,worst,kill,-1.00,0,20.000,28144,2,0.001822,0.022607,24.5000,0,430.50,450.50,40.10,0.0,100,10,0.17
cartpole,aguard,v10,16,3,worst,kill,-1.00,0,20.000,28144,3,0.001892,0.015544,25.4000,0,355.50,470.50,55.10,0.0,100,10,0.17
cartpole,aguard,v10,16,3,worst,kill,-1.00,0,20.000,28144,4,0.001804,0.018186,26.5500,0,385.50,405.50,45.10,0.0,100,10,0.17
cartpole,aguard,v10,16,3,worst,kill,-1.00,0,20.000,28144,5,0.001417,0.010408,19.3000,0,410.50,425.50,85.10,0.0,100,10,0.17
cartpole,aguard,v10,16,3,worst,kill,-1.00,0,20.000,28144,6,0.001429,0.012189,19.1500,0,480.50,495.50,60.10,0.0,100,10,0.17
cartpole,aguard,v10,16,3,worst,kill,-1.00,0,20.000,28144,7,0.001309,0.007383,19.9000,0,470.50,485.50,70.10,0.0,100,10,0.17
cartpole,aguard,v10,16,3,worst,kill,-1.00,0,20.000,28144,8,0.001636,0.012379,25.4500,0,375.50,415.50,65.10,0.0,100,10,0.17
cartpole,aguard,v10,16,3,worst,kill,-1.00,0,20.000,28144,9,0.001789,0.015755,26.1000,0,345.50,360.50,35.10,0.0,100,10,0.17
cartpole,aguard,v10,16,3,worst,kill,-1.00,0,20.000,28144,10,0.001463,0.008160,22.2500,0,340.50,410.50,90.10,0.0,100,10,0.17
cartpole,aguard,v10,16,3,worst,kill,-1.00,0,20.000,28144,11,0.001460,0.010299,22.3500,0,500.50,510.50,75.10,0.0,100,10,0.17
cartpole,aguard,v10,16,3,worst,kill,-1.00,0,20.000,28144,12,0.001784,0.026778,23.2500,0,480.50,505.50,25.10,0.0,100,10,0.17
cartpole,aguard,v10,16,3,worst,kill,-1.00,0,20.000,28144,13,0.001609,0.012623,23.8500,0,435.50,460.50,60.10,0.0,100,10,0.17
cartpole,aguard,v10,16,3,worst,kill,-1.00,0,20.000,28144,14,0.001279,0.007687,17.8000,0,320.50,335.50,80.10,0.0,100,10,0.17
cartpole,aguard,v10,16,3,worst,kill,-1.00,0,20.000,28144,15,0.001692,0.012642,24.9000,0,360.50,370.50,75.10,0.0,100,10,0.17
cartpole,aguard,v10,17,3,worst,kill,-1.00,0,20.000,33147,0,0.001668,0.010830,24.7000,0,345.50,440.50,65.10,0.0,100,11,1.46
cartpole,aguard,v10,17,3,worst,kill,-1.00,0,20.000,33147,1,0.001780,0.012636,25.6000,0,355.50,380.50,65.10,0.0,100,11,1.46
cartpole,aguard,v10,17,3,worst,kill,-1.00,0,20.000,33147,2,0.002685,0.041870,36.1000,0,475.50,505.50,0.10,0.0,100,11,1.46
cartpole,aguard,v10,17,3,worst,kill,-1.00,0,20.000,33147,3,0.001750,0.012809,28.4000,0,530.50,540.50,60.10,0.0,100,11,1.46
cartpole,aguard,v10,17,3,worst,kill,-1.00,0,20.000,33147,4,0.002105,0.009942,34.1000,0,400.50,420.50,70.10,0.0,100,11,1.46
cartpole,aguard,v10,17,3,worst,kill,-1.00,0,20.000,33147,5,0.002414,0.021114,36.1500,0,770.50,795.50,50.10,0.0,100,11,1.46
cartpole,aguard,v10,17,3,worst,kill,-1.00,0,20.000,33147,6,0.001497,0.012050,23.6500,0,375.50,399.90,70.10,0.0,100,11,1.46
cartpole,aguard,v10,17,3,worst,kill,-1.00,0,20.000,33147,7,0.001965,0.017036,30.3000,0,355.50,470.50,35.10,0.0,100,11,1.46
cartpole,aguard,v10,17,3,worst,kill,-1.00,0,20.000,33147,8,0.002201,0.022349,29.9500,0,470.50,485.50,35.10,0.0,100,11,1.46
cartpole,aguard,v10,17,3,worst,kill,-1.00,0,20.000,33147,9,0.001855,0.014146,26.1500,0,1435.50,1490.50,50.10,0.0,100,11,1.46
cartpole,aguard,v10,17,3,worst,kill,-1.00,0,20.000,33147,10,0.002234,0.023384,31.3500,0,685.50,705.50,30.10,0.0,100,11,1.46
cartpole,aguard,v10,17,3,worst,kill,-1.00,0,20.000,33147,11,0.001813,0.016968,27.0000,0,595.50,1045.50,70.10,0.0,100,11,1.46
cartpole,aguard,v10,17,3,worst,kill,-1.00,0,20.000,33147,12,0.001963,0.022583,25.0500,0,650.50,665.50,35.10,0.0,100,11,1.46
cartpole,aguard,v10,17,3,worst,kill,-1.00,0,20.000,33147,13,0.001527,0.010325,23.9000,0,495.50,525.50,55.10,0.0,100,11,1.46
cartpole,aguard,v10,17,3,worst,kill,-1.00,0,20.000,33147,14,0.002372,0.025907,31.4000,0,625.50,650.50,30.10,0.0,100,11,1.46
cartpole,aguard,v10,17,3,worst,kill,-1.00,0,20.000,33147,15,0.001546,0.012905,22.4000,0,435.50,465.50,75.10,0.0,100,11,1.46
cartpole,aguard,v10,17,3,worst,kill,-1.00,0,20.000,33147,16,0.001869,0.015655,25.8500,0,355.50,385.50,45.10,0.0,100,11,1.46
cartpole,aguard,v10,18,3,worst,kill,-1.00,0,20.000,38112,0,0.001853,0.010948,27.2000,0,445.50,475.50,75.10,0.0,100,13,1.54
cartpole,aguard,v10,18,3,worst,kill,-1.00,0,20.000,38112,1,0.001505,0.014405,19.5500,0,710.50,740.50,45.10,0.0,100,13,1.54
cartpole,aguard,v10,18,3,worst,kill,-1.00,0,20.000,38112,2,0.001655,0.015543,24.6500,0,655.50,680.50,55.10,0.0,100,13,1.54
cartpole,aguard,v10,18,3,worst,kill,-1.00,0,20.000,38112,3,0.002481,0.023454,36.1500,0,535.50,560.50,30.10,0.0,100,13,1.54
cartpole,aguard,v10,18,3,worst,kill,-1.00,0,20.000,38112,4,0.001743,0.014742,26.2500,0,850.50,880.50,75.10,0.0,100,13,1.54
cartpole,aguard,v10,18,3,worst,kill,-1.00,0,20.000,38112,5,0.002457,0.031453,34.4500,0,600.50,600.50,20.10,0.0,100,13,1.54
cartpole,aguard,v10,18,3,worst,kill,-1.00,0,20.000,38112,6,0.001859,0.015433,28.4000,0,680.50,705.50,70.10,0.0,100,13,1.54
cartpole,aguard,v10,18,3,worst,kill,-1.00,0,20.000,38112,7,0.002202,0.030976,29.6500,0,645.50,665.50,20.10,0.0,100,13,1.54
cartpole,aguard,v10,18,3,worst,kill,-1.00,0,20.000,38112,8,0.002263,0.050432,26.8000,10,760.50,850.50,0.00,185.0,100,13,1.54
cartpole,aguard,v10,18,3,worst,kill,-1.00,0,20.000,38112,9,0.002164,0.021331,30.6000,0,640.50,670.50,35.10,0.0,100,13,1.54
cartpole,aguard,v10,18,3,worst,kill,-1.00,0,20.000,38112,10,0.003328,0.030116,40.5000,0,1195.50,1215.50,35.10,0.0,100,13,1.54
cartpole,aguard,v10,18,3,worst,kill,-1.00,0,20.000,38112,11,0.002053,0.019461,27.9000,0,710.50,740.50,45.10,0.0,100,13,1.54
cartpole,aguard,v10,18,3,worst,kill,-1.00,0,20.000,38112,12,0.002044,0.017492,28.2500,0,440.50,470.50,50.10,0.0,100,13,1.54
cartpole,aguard,v10,18,3,worst,kill,-1.00,0,20.000,38112,13,0.001977,0.016629,26.8500,0,905.50,920.50,30.10,0.0,100,13,1.54
cartpole,aguard,v10,18,3,worst,kill,-1.00,0,20.000,38112,14,0.001916,0.014557,28.3000,0,445.50,470.50,60.10,0.0,100,13,1.54
cartpole,aguard,v10,18,3,worst,kill,-1.00,0,20.000,38112,15,0.002365,0.017041,34.3500,0,625.50,650.50,45.10,0.0,100,13,1.54
cartpole,aguard,v10,18,3,worst,kill,-1.00,0,20.000,38112,16,0.001921,0.015351,27.3000,0,1150.50,1195.50,70.10,0.0,100,13,1.54
cartpole,aguard,v10,18,3,worst,kill,-1.00,0,20.000,38112,17,0.002290,0.021297,29.3500,0,675.50,695.50,55.10,0.0,100,13,1.54
