channel,zone,zone_name,hold_ms_commanded,delivered_max_ms,dose_status,age_path_ms,fleet_max_ey_m,target_zone_max_ey_m,total_hard,z0_hard,z1_hard,z2_hard,z3_hard,missed_E,missed_B,missed_F,missed_M,scheduler,profile,vehicles,cores,exec,duration_s,decimation_ms,git_sha
f,0,straight,100.0,102.3,ok,90.5,0.3381,0.2867,0,0,0,0,0,0,0,0,0,rm,10,1,3,worst,120,10,188c255
f,0,straight,200.0,202.3,ok,90.5,0.3381,0.2867,0,0,0,0,0,0,0,0,0,rm,10,1,3,worst,120,10,188c255
f,0,straight,220.0,222.3,ok,90.5,0.3381,0.2867,0,0,0,0,0,0,0,0,0,rm,10,1,3,worst,120,10,188c255
f,0,straight,240.0,242.3,ok,90.5,0.3381,0.2867,0,0,0,0,0,0,0,0,0,rm,10,1,3,worst,120,10,188c255
f,0,straight,260.0,262.3,ok,90.5,0.3381,0.2867,0,0,0,0,0,0,0,0,0,rm,10,1,3,worst,120,10,188c255
f,0,straight,280.0,282.3,ok,90.5,0.3381,0.2867,0,0,0,0,0,0,0,0,0,rm,10,1,3,worst,120,10,188c255
f,0,straight,300.0,302.3,ok,90.5,0.3381,0.2867,0,0,0,0,0,0,0,0,0,rm,10,1,3,worst,120,10,188c255
f,0,straight,500.0,502.3,ok,90.5,0.3381,0.2867,0,0,0,0,0,0,0,0,0,rm,10,1,3,worst,120,10,188c255
f,0,straight,800.0,802.3,ok,90.5,0.3381,0.2867,0,0,0,0,0,0,0,0,0,rm,10,1,3,worst,120,10,188c255
f,0,straight,900.0,902.3,ok,90.5,0.3382,0.2867,0,0,0,0,0,0,0,0,0,rm,10,1,3,worst,120,10,188c255
f,0,straight,1000.0,1002.3,ok,90.5,0.3382,0.2867,0,0,0,0,0,0,0,0,0,rm,10,1,3,worst,120,10,188c255
f,0,straight,1100.0,1102.3,ok,90.5,0.3382,0.2867,0,0,0,0,0,0,0,0,0,rm,10,1,3,worst,120,10,188c255
f,0,straight,1200.0,1202.3,ok,90.5,0.3382,0.2867,0,0,0,0,0,0,0,0,0,rm,10,1,3,worst,120,10,188c255
f,1,slight-turn,100.0,102.3,ok,90.5,0.338,0.0943,0,0,0,0,0,0,0,0,0,rm,10,1,3,worst,120,10,188c255
f,1,slight-turn,200.0,202.3,ok,90.5,0.3378,0.1167,0,0,0,0,0,0,0,0,0,rm,10,1,3,worst,120,10,188c255
f,1,slight-turn,220.0,222.3,ok,90.5,0.3378,0.1243,0,0,0,0,0,0,0,0,0,rm,10,1,3,worst,120,10,188c255
f,1,slight-turn,240.0,242.3,ok,90.5,0.3378,0.1333,0,0,0,0,0,0,0,0,0,rm,10,1,3,worst,120,10,188c255
f,1,slight-turn,260.0,262.3,ok,90.5,0.3378,0.1513,0,0,0,0,0,0,0,0,0,rm,10,1,3,worst,120,10,188c255
f,1,slight-turn,280.0,282.3,ok,90.5,0.3377,0.1525,0,0,0,0,0,0,0,0,0,rm,10,1,3,worst,120,10,188c255
f,1,slight-turn,300.0,302.3,ok,90.5,0.3378,0.1655,0,0,0,0,0,0,0,0,0,rm,10,1,3,worst,120,10,188c255
f,1,slight-turn,500.0,502.3,ok,90.5,0.3376,0.3059,0,0,0,0,0,0,0,0,0,rm,10,1,3,worst,120,10,188c255
f,1,slight-turn,800.0,802.3,ok,90.5,0.4227,0.4227,0,0,0,0,0,0,0,0,0,rm,10,1,3,worst,120,10,188c255
f,1,slight-turn,900.0,902.3,ok,90.5,0.5014,0.5014,0,0,0,0,0,0,0,0,0,rm,10,1,3,worst,120,10,188c255
f,1,slight-turn,1000.0,1002.3,ok,90.5,0.6049,0.6049,0,0,0,0,0,0,0,0,0,rm,10,1,3,worst,120,10,188c255
f,1,slight-turn,1100.0,1102.3,ok,90.5,0.6185,0.6185,0,0,0,0,0,0,0,0,0,rm,10,1,3,worst,120,10,188c255
f,1,slight-turn,1200.0,1202.3,ok,90.5,0.6238,0.6238,0,0,0,0,0,0,0,0,0,rm,10,1,3,worst,120,10,188c255
f,2,sharp-turn,100.0,102.3,ok,90.5,0.3381,0.129,0,0,0,0,0,0,0,0,0,rm,10,1,3,worst,120,10,188c255
f,2,sharp-turn,200.0,202.3,ok,90.5,0.3381,0.176,0,0,0,0,0,0,0,0,0,rm,10,1,3,worst,120,10,188c255
f,2,sharp-turn,220.0,222.3,ok,90.5,0.338,0.1818,0,0,0,0,0,0,0,0,0,rm,10,1,3,worst,120,10,188c255
f,2,sharp-turn,240.0,242.3,ok,90.5,0.3381,0.1965,0,0,0,0,0,0,0,0,0,rm,10,1,3,worst,120,10,188c255
f,2,sharp-turn,260.0,262.3,ok,90.5,0.3381,0.1967,0,0,0,0,0,0,0,0,0,rm,10,1,3,worst,120,10,188c255
f,2,sharp-turn,280.0,282.3,ok,90.5,0.3381,0.205,0,0,0,0,0,0,0,0,0,rm,10,1,3,worst,120,10,188c255
f,2,sharp-turn,300.0,302.3,ok,90.5,0.3381,0.2225,0,0,0,0,0,0,0,0,0,rm,10,1,3,worst,120,10,188c255
f,2,sharp-turn,500.0,502.3,ok,90.5,0.4238,0.3168,0,0,0,0,0,0,0,0,0,rm,10,1,3,worst,120,10,188c255
f,2,sharp-turn,800.0,802.3,ok,90.5,0.6283,0.513,0,0,0,0,0,0,0,0,0,rm,10,1,3,worst,120,10,188c255
f,2,sharp-turn,900.0,902.3,ok,90.5,0.562,0.5456,0,0,0,0,0,0,0,0,0,rm,10,1,3,worst,120,10,188c255
f,2,sharp-turn,1000.0,1002.3,ok,90.5,0.6239,0.603,0,0,0,0,0,0,0,0,0,rm,10,1,3,worst,120,10,188c255
f,2,sharp-turn,1100.0,1102.3,ok,90.5,0.8532,0.718,29,0,29,0,0,0,0,0,0,rm,10,1,3,worst,120,10,188c255
f,2,sharp-turn,1200.0,1202.3,ok,90.5,1.1217,0.8455,128,0,100,28,0,0,0,0,0,rm,10,1,3,worst,120,10,188c255
f,3,lane-change,100.0,102.3,ok,90.5,0.4874,0.4874,0,0,0,0,0,0,0,0,0,rm,10,1,3,worst,120,10,188c255
f,3,lane-change,200.0,202.3,ok,90.5,0.6805,0.6805,0,0,0,0,0,0,0,0,0,rm,10,1,3,worst,120,10,188c255
f,3,lane-change,220.0,222.3,ok,90.5,0.7144,0.7144,0,0,0,0,0,0,0,0,0,rm,10,1,3,worst,120,10,188c255
f,3,lane-change,240.0,242.3,ok,90.5,0.7265,0.7265,0,0,0,0,0,0,0,0,0,rm,10,1,3,worst,120,10,188c255
f,3,lane-change,260.0,262.3,ok,90.5,0.8077,0.8077,10,0,0,0,10,0,0,0,0,rm,10,1,3,worst,120,10,188c255
f,3,lane-change,280.0,282.3,ok,90.5,0.8208,0.8208,19,0,0,0,19,0,0,0,0,rm,10,1,3,worst,120,10,188c255
f,3,lane-change,300.0,302.3,ok,90.5,0.841,0.841,24,0,0,0,24,0,0,0,0,rm,10,1,3,worst,120,10,188c255
f,3,lane-change,500.0,502.3,ok,90.5,1.2458,1.2458,274,57,0,0,217,0,0,0,0,rm,10,1,3,worst,120,10,188c255
f,3,lane-change,800.0,802.3,ok,90.5,1.9067,1.9067,528,197,0,0,331,0,0,0,0,rm,10,1,3,worst,120,10,188c255
f,3,lane-change,900.0,902.3,ok,90.5,1.8649,1.8649,524,161,0,0,363,0,0,0,0,rm,10,1,3,worst,120,10,188c255
f,3,lane-change,1000.0,1002.3,ok,90.5,1.9684,1.9684,550,164,0,0,386,0,0,0,0,rm,10,1,3,worst,120,10,188c255
f,3,lane-change,1100.0,1102.3,ok,90.5,2.4197,2.4197,676,265,0,0,411,0,0,0,0,rm,10,1,3,worst,120,10,188c255
f,3,lane-change,1200.0,1202.3,ok,90.5,2.6502,2.6502,704,290,0,0,414,0,0,0,0,rm,10,1,3,worst,120,10,188c255
