plant,pred_staleness_ms,pred_margin_ms,scheduler,profile,vehicles,cores,exec,overrun,net_delay_ms,seed,duration_s,missed_jobs,veh,avg_perf,max_roll,soft_pct,hard,max_age_fresh_ms,max_age_path_ms,min_ttpnr_ms,past_pnr_ms,tau_crit_ms,max_sim_crit,sim_crit_over_cores_pct
lateral,0,0,aguard-honest,v10,18,3,worst,kill,-1.00,0,30.000,57116,0,4.016916,13.751087,61.4000,35,2605.50,2625.50,0.00,540.0,100,4,0.75
lateral,0,0,aguard-honest,v10,18,3,worst,kill,-1.00,0,30.000,57116,1,4.000531,16.031081,57.2333,51,2160.50,2160.50,0.00,775.0,100,4,0.75
lateral,0,0,aguard-honest,v10,18,3,worst,kill,-1.00,0,30.000,57116,2,5.181796,17.318955,61.7000,113,4720.50,4740.50,0.00,1945.0,100,4,0.75
lateral,0,0,aguard-honest,v10,18,3,worst,kill,-1.00,0,30.000,57116,3,3.340912,10.692728,60.4667,0,5830.50,5830.50,0.00,565.0,100,4,0.75
lateral,0,0,aguard-honest,v10,18,3,worst,kill,-1.00,0,30.000,57116,4,4.281368,16.219180,57.9333,43,1560.50,1570.50,0.00,1295.0,100,4,0.75
lateral,0,0,aguard-honest,v10,18,3,worst,kill,-1.00,0,30.000,57116,5,4.527511,16.241515,60.7000,87,1300.50,1305.50,0.00,1420.0,100,4,0.75
lateral,0,0,aguard-honest,v10,18,3,worst,kill,-1.00,0,30.000,57116,6,4.555679,19.096736,62.7667,69,3450.50,3470.50,0.00,1070.0,100,4,0.75
lateral,0,0,aguard-honest,v10,18,3,worst,kill,-1.00,0,30.000,57116,7,5.461368,19.684011,64.9667,131,6180.50,6200.50,0.00,2070.0,100,4,0.75
lateral,0,0,aguard-honest,v10,18,3,worst,kill,-1.00,0,30.000,57116,8,4.722754,17.505482,58.0000,65,1640.50,1685.50,0.00,1045.0,100,4,0.75
lateral,0,0,aguard-honest,v10,18,3,worst,kill,-1.00,0,30.000,57116,9,3.986444,10.704151,60.5667,0,2990.50,3010.50,180.10,0.0,100,4,0.75
lateral,0,0,aguard-honest,v10,18,3,worst,kill,-1.00,0,30.000,57116,10,4.898792,14.929919,64.5667,66,1665.50,1680.50,0.00,1300.0,100,4,0.75
lateral,0,0,aguard-honest,v10,18,3,worst,kill,-1.00,0,30.000,57116,11,4.264760,13.673920,62.8000,43,1760.50,1780.50,0.00,1230.0,100,4,0.75
lateral,0,0,aguard-honest,v10,18,3,worst,kill,-1.00,0,30.000,57116,12,4.051174,13.057198,63.6000,45,1705.50,1720.50,0.00,980.0,100,4,0.75
lateral,0,0,aguard-honest,v10,18,3,worst,kill,-1.00,0,30.000,57116,13,4.082229,15.774696,61.7667,50,1780.50,1800.50,0.00,730.0,100,4,0.75
lateral,0,0,aguard-honest,v10,18,3,worst,kill,-1.00,0,30.000,57116,14,3.920513,15.987605,55.0000,40,2600.50,2620.50,0.00,625.0,100,4,0.75
lateral,0,0,aguard-honest,v10,18,3,worst,kill,-1.00,0,30.000,57116,15,5.505656,18.752379,65.4000,107,1700.50,1710.50,0.00,1605.0,100,4,0.75
lateral,0,0,aguard-honest,v10,18,3,worst,kill,-1.00,0,30.000,57116,16,5.104158,20.702380,65.5333,79,2110.50,2130.50,0.00,1120.0,100,4,0.75
lateral,0,0,aguard-honest,v10,18,3,worst,kill,-1.00,0,30.000,57116,17,5.151418,15.422422,66.3000,50,3610.50,3630.50,0.00,735.0,100,4,0.75
lateral,16,0,aguard-honest,v10,18,3,worst,kill,-1.00,0,30.000,57094,0,4.297484,16.029398,62.7000,45,1605.50,1625.50,0.00,675.0,100,4,1.08
lateral,16,0,aguard-honest,v10,18,3,worst,kill,-1.00,0,30.000,57094,1,3.612056,13.025352,56.5000,53,2285.50,2305.50,0.00,820.0,100,4,1.08
lateral,16,0,aguard-honest,v10,18,3,worst,kill,-1.00,0,30.000,57094,2,4.520591,16.148405,60.4000,57,1730.50,1750.50,0.00,910.0,100,4,1.08
lateral,16,0,aguard-honest,v10,18,3,worst,kill,-1.00,0,30.000,57094,3,4.482552,15.127678,65.2667,56,2745.50,2770.50,0.00,1140.0,100,4,1.08
lateral,16,0,aguard-honest,v10,18,3,worst,kill,-1.00,0,30.000,57094,4,3.119635,9.315105,54.6000,0,2205.50,2220.50,0.00,250.0,100,4,1.08
lateral,16,0,aguard-honest,v10,18,3,worst,kill,-1.00,0,30.000,57094,5,4.974133,15.390665,64.2667,109,1220.50,1230.50,0.00,1920.0,100,4,1.08
lateral,16,0,aguard-honest,v10,18,3,worst,kill,-1.00,0,30.000,57094,6,2.646067,6.482203,54.5667,0,2815.50,2835.50,270.10,0.0,100,4,1.08
lateral,16,0,aguard-honest,v10,18,3,worst,kill,-1.00,0,30.000,57094,7,5.240916,15.708658,65.6333,120,3110.50,3130.50,0.00,1910.0,100,4,1.08
lateral,16,0,aguard-honest,v10,18,3,worst,kill,-1.00,0,30.000,57094,8,4.825629,20.589876,60.0667,90,3215.50,3245.50,0.00,1550.0,100,4,1.08
lateral,16,0,aguard-honest,v10,18,3,worst,kill,-1.00,0,30.000,57094,9,5.045733,12.731441,62.3000,0,1290.50,1290.50,70.10,0.0,100,4,1.08
lateral,16,0,aguard-honest,v10,18,3,worst,kill,-1.00,0,30.000,57094,10,3.655760,9.668487,62.3000,0,905.50,905.50,125.10,0.0,100,4,1.08
lateral,16,0,aguard-honest,v10,18,3,worst,kill,-1.00,0,30.000,57094,11,3.770801,13.135229,59.7667,44,1925.50,1925.50,0.00,660.0,100,4,1.08
lateral,16,0,aguard-honest,v10,18,3,worst,kill,-1.00,0,30.000,57094,12,4.194725,14.360100,66.7000,27,2225.50,2245.50,0.00,485.0,100,4,1.08
lateral,16,0,aguard-honest,v10,18,3,worst,kill,-1.00,0,30.000,57094,13,4.282469,14.897371,64.1000,38,3580.50,3610.50,0.00,660.0,100,4,1.08
lateral,16,0,aguard-honest,v10,18,3,worst,kill,-1.00,0,30.000,57094,14,4.392093,15.986391,61.5333,57,3550.50,3575.50,0.00,855.0,100,4,1.08
lateral,16,0,aguard-honest,v10,18,3,worst,kill,-1.00,0,30.000,57094,15,4.226867,15.096058,63.2667,47,1010.50,1020.50,0.00,710.0,100,4,1.08
lateral,16,0,aguard-honest,v10,18,3,worst,kill,-1.00,0,30.000,57094,16,3.905786,14.372311,60.4333,49,2735.50,2755.50,0.00,760.0,100,4,1.08
lateral,16,0,aguard-honest,v10,18,3,worst,kill,-1.00,0,30.000,57094,17,5.386540,17.898078,63.5000,125,1840.50,1865.50,0.00,1905.0,100,4,1.08
lateral,100,0,aguard-honest,v10,18,3,worst,kill,-1.00,0,30.000,57105,0,5.838234,20.120454,65.4333,146,1865.50,1865.50,0.00,2395.0,100,14,17.33
lateral,100,0,aguard-honest,v10,18,3,worst,kill,-1.00,0,30.000,57105,1,6.153278,47.307578,57.7000,91,1880.50,1880.50,0.00,1470.0,100,14,17.33
lateral,100,0,aguard-honest,v10,18,3,worst,kill,-1.00,0,30.000,57105,2,6.790428,18.296690,68.3000,177,2255.50,2275.50,0.00,3105.0,100,14,17.33
lateral,100,0,aguard-honest,v10,18,3,worst,kill,-1.00,0,30.000,57105,3,7.676201,27.536970,69.8667,278,2070.50,2110.50,0.00,4615.0,100,14,17.33
lateral,100,0,aguard-honest,v10,18,3,worst,kill,-1.00,0,30.000,57105,4,6.129964,29.000892,59.7667,98,1600.50,1625.50,0.00,2565.0,100,14,17.33
lateral,100,0,aguard-honest,v10,18,3,worst,kill,-1.00,0,30.000,57105,5,6.556709,18.341821,66.0667,140,1550.50,1550.50,0.00,2350.0,100,14,17.33
lateral,100,0,aguard-honest,v10,18,3,worst,kill,-1.00,0,30.000,57105,6,7.036184,38.290417,67.1667,226,2415.50,2445.50,0.00,3130.0,100,14,17.33
lateral,100,0,aguard-honest,v10,18,3,worst,kill,-1.00,0,30.000,57105,7,7.904369,59.728721,69.8333,200,3575.50,3595.50,0.00,3045.0,100,14,17.33
lateral,100,0,aguard-honest,v10,18,3,worst,kill,-1.00,0,30.000,57105,8,6.735827,23.087645,63.7333,192,2120.50,2140.50,0.00,3410.0,100,14,17.33
lateral,100,0,aguard-honest,v10,18,3,worst,kill,-1.00,0,30.000,57105,9,7.265091,37.847900,59.9333,169,4760.50,4785.50,0.00,2635.0,100,14,17.33
lateral,100,0,aguard-honest,v10,18,3,worst,kill,-1.00,0,30.000,57105,10,8.357273,61.164264,68.5667,213,2545.50,2565.50,0.00,2970.0,100,14,17.33
lateral,100,0,aguard-honest,v10,18,3,worst,kill,-1.00,0,30.000,57105,11,6.067320,19.256993,66.9333,166,1875.50,1915.50,0.00,3225.0,100,14,17.33
lateral,100,0,aguard-honest,v10,18,3,worst,kill,-1.00,0,30.000,57105,12,7.013292,18.337382,75.8000,204,2525.50,2545.50,0.00,3695.0,100,14,17.33
lateral,100,0,aguard-honest,v10,18,3,worst,kill,-1.00,0,30.000,57105,13,6.504822,21.642261,67.1667,152,1750.50,1770.50,0.00,2950.0,100,14,17.33
lateral,100,0,aguard-honest,v10,18,3,worst,kill,-1.00,0,30.000,57105,14,7.124534,21.523567,65.3000,213,3600.50,3620.50,0.00,3365.0,100,14,17.33
lateral,100,0,aguard-honest,v10,18,3,worst,kill,-1.00,0,30.000,57105,15,7.122420,18.076061,73.5333,144,1810.50,1830.50,0.00,2410.0,100,14,17.33
lateral,100,0,aguard-honest,v10,18,3,worst,kill,-1.00,0,30.000,57105,16,7.358897,31.654173,67.4000,215,1540.50,1540.50,0.00,2955.0,100,14,17.33
lateral,100,0,aguard-honest,v10,18,3,worst,kill,-1.00,0,30.000,57105,17,7.228575,29.161183,66.3333,174,1520.50,1540.50,0.00,2750.0,100,14,17.33
lateral,200,0,aguard-honest,v10,18,3,worst,kill,-1.00,0,30.000,57017,0,140.564685,1419.876086,81.4667,1326,1955.50,1955.50,0.00,15710.0,100,18,71.60
lateral,200,0,aguard-honest,v10,18,3,worst,kill,-1.00,0,30.000,57017,1,289.015258,2742.042821,75.9667,1358,2780.50,2800.50,0.00,16295.0,100,18,71.60
lateral,200,0,aguard-honest,v10,18,3,worst,kill,-1.00,0,30.000,57017,2,105.486887,1248.957482,80.2333,1331,1555.50,1570.50,0.00,16175.0,100,18,71.60
lateral,200,0,aguard-honest,v10,18,3,worst,kill,-1.00,0,30.000,57017,3,191.458462,1562.476015,74.9333,1321,1455.50,1470.50,0.00,16240.0,100,18,71.60
lateral,200,0,aguard-honest,v10,18,3,worst,kill,-1.00,0,30.000,57017,4,199.693183,1556.546086,78.7333,1319,1670.50,1670.50,0.00,16155.0,100,18,71.60
lateral,200,0,aguard-honest,v10,18,3,worst,kill,-1.00,0,30.000,57017,5,286.935259,4535.799228,74.8000,1287,1355.50,1370.50,0.00,15810.0,100,18,71.60
lateral,200,0,aguard-honest,v10,18,3,worst,kill,-1.00,0,30.000,57017,6,87.921102,779.711671,77.0000,1223,2195.50,2215.50,0.00,14720.0,100,18,71.60
lateral,200,0,aguard-honest,v10,18,3,worst,kill,-1.00,0,30.000,57017,7,257.791979,2632.260111,71.6333,1336,1865.50,1885.50,0.00,16205.0,100,18,71.60
lateral,200,0,aguard-honest,v10,18,3,worst,kill,-1.00,0,30.000,57017,8,350.983330,4481.818926,75.7667,1333,2540.50,2560.50,0.00,16145.0,100,18,71.60
lateral,200,0,aguard-honest,v10,18,3,worst,kill,-1.00,0,30.000,57017,9,265.914716,2426.953521,73.6333,1287,1265.50,1280.50,0.00,15730.0,100,18,71.60
lateral,200,0,aguard-honest,v10,18,3,worst,kill,-1.00,0,30.000,57017,10,214.228085,1952.211676,82.5333,1212,1615.50,1635.50,0.00,14600.0,100,18,71.60
lateral,200,0,aguard-honest,v10,18,3,worst,kill,-1.00,0,30.000,57017,11,209.955873,1319.677626,80.2000,1386,1965.50,2005.50,0.00,16965.0,100,18,71.60
lateral,200,0,aguard-honest,v10,18,3,worst,kill,-1.00,0,30.000,57017,12,290.429792,2212.958645,86.1000,1435,890.50,890.50,0.00,17180.0,100,18,71.60
lateral,200,0,aguard-honest,v10,18,3,worst,kill,-1.00,0,30.000,57017,13,427.695085,5285.556866,77.5667,1311,1450.50,1460.50,0.00,15930.0,100,18,71.60
lateral,200,0,aguard-honest,v10,18,3,worst,kill,-1.00,0,30.000,57017,14,206.412679,3240.054778,74.9333,1269,1715.50,1735.50,0.00,15330.0,100,18,71.60
lateral,200,0,aguard-honest,v10,18,3,worst,kill,-1.00,0,30.000,57017,15,352.548081,3411.940196,82.2667,1326,1580.50,1605.50,0.00,15715.0,100,18,71.60
lateral,200,0,aguard-honest,v10,18,3,worst,kill,-1.00,0,30.000,57017,16,149.797235,1071.486949,76.6000,1349,3170.50,3190.50,0.00,15715.0,100,18,71.60
lateral,200,0,aguard-honest,v10,18,3,worst,kill,-1.00,0,30.000,57017,17,190.894784,1502.586017,75.1333,1242,3520.50,3565.50,0.00,15250.0,100,18,71.60
lateral,16,30,aguard-honest,v10,18,3,worst,kill,-1.00,0,30.000,57064,0,4.383622,14.252555,62.1333,75,1235.50,1250.50,0.00,1165.0,100,3,0.00
lateral,16,30,aguard-honest,v10,18,3,worst,kill,-1.00,0,30.000,57064,1,4.314558,21.014418,54.7667,79,2160.50,2160.50,0.00,1125.0,100,3,0.00
lateral,16,30,aguard-honest,v10,18,3,worst,kill,-1.00,0,30.000,57064,2,3.533403,15.293358,59.7333,48,3885.50,3885.50,0.00,715.0,100,3,0.00
lateral,16,30,aguard-honest,v10,18,3,worst,kill,-1.00,0,30.000,57064,3,3.872456,13.929429,57.7000,47,1950.50,1970.50,0.00,1220.0,100,3,0.00
lateral,16,30,aguard-honest,v10,18,3,worst,kill,-1.00,0,30.000,57064,4,3.028179,7.658064,54.3333,0,1040.50,1050.50,220.10,0.0,100,3,0.00
lateral,16,30,aguard-honest,v10,18,3,worst,kill,-1.00,0,30.000,57064,5,4.376209,14.093610,65.9667,30,3310.50,3310.50,0.00,800.0,100,3,0.00
lateral,16,30,aguard-honest,v10,18,3,worst,kill,-1.00,0,30.000,57064,6,4.929779,16.364930,64.6667,122,3140.50,3160.50,0.00,2015.0,100,3,0.00
lateral,16,30,aguard-honest,v10,18,3,worst,kill,-1.00,0,30.000,57064,7,3.297781,12.098356,56.2333,17,3760.50,3760.50,0.00,315.0,100,3,0.00
lateral,16,30,aguard-honest,v10,18,3,worst,kill,-1.00,0,30.000,57064,8,4.988438,14.276243,63.5333,84,2190.50,2190.50,0.00,1290.0,100,3,0.00
lateral,16,30,aguard-honest,v10,18,3,worst,kill,-1.00,0,30.000,57064,9,4.963629,15.142030,65.4000,26,2370.50,2390.50,0.00,625.0,100,3,0.00
lateral,16,30,aguard-honest,v10,18,3,worst,kill,-1.00,0,30.000,57064,10,4.409089,14.954132,65.7667,52,3620.50,3645.50,0.00,930.0,100,3,0.00
lateral,16,30,aguard-honest,v10,18,3,worst,kill,-1.00,0,30.000,57064,11,3.936213,12.432540,62.5333,0,1725.50,1745.50,0.00,125.0,100,3,0.00
lateral,16,30,aguard-honest,v10,18,3,worst,kill,-1.00,0,30.000,57064,12,5.404172,15.861746,69.7333,107,2290.50,2320.50,0.00,1820.0,100,3,0.00
lateral,16,30,aguard-honest,v10,18,3,worst,kill,-1.00,0,30.000,57064,13,3.841176,12.646586,60.1667,27,1265.50,1280.50,0.00,455.0,100,3,0.00
lateral,16,30,aguard-honest,v10,18,3,worst,kill,-1.00,0,30.000,57064,14,4.264820,15.692073,63.9333,40,4055.50,4055.50,0.00,615.0,100,3,0.00
lateral,16,30,aguard-honest,v10,18,3,worst,kill,-1.00,0,30.000,57064,15,4.755430,15.520652,61.9333,17,1605.50,1625.50,0.00,380.0,100,3,0.00
lateral,16,30,aguard-honest,v10,18,3,worst,kill,-1.00,0,30.000,57064,16,3.853545,14.233995,58.1000,51,1470.50,1510.50,0.00,800.0,100,3,0.00
lateral,16,30,aguard-honest,v10,18,3,worst,kill,-1.00,0,30.000,57064,17,3.975737,14.964999,58.6667,48,1975.50,1995.50,0.00,715.0,100,3,0.00
lateral,16,60,aguard-honest,v10,18,3,worst,kill,-1.00,0,30.000,57071,0,2.466369,5.028808,49.4000,0,860.50,880.50,385.10,0.0,100,0,0.00
lateral,16,60,aguard-honest,v10,18,3,worst,kill,-1.00,0,30.000,57071,1,2.729607,5.657834,53.7667,0,1085.50,1105.50,345.10,0.0,100,0,0.00
lateral,16,60,aguard-honest,v10,18,3,worst,kill,-1.00,0,30.000,57071,2,2.505608,6.739308,46.2667,0,1230.50,1230.50,290.10,0.0,100,0,0.00
lateral,16,60,aguard-honest,v10,18,3,worst,kill,-1.00,0,30.000,57071,3,2.601791,5.581698,55.4333,0,1335.50,1355.50,315.10,0.0,100,0,0.00
lateral,16,60,aguard-honest,v10,18,3,worst,kill,-1.00,0,30.000,57071,4,2.280225,4.818650,49.8333,0,890.50,910.50,320.10,0.0,100,0,0.00
lateral,16,60,aguard-honest,v10,18,3,worst,kill,-1.00,0,30.000,57071,5,2.516583,5.318171,54.4667,0,835.50,855.50,325.10,0.0,100,0,0.00
lateral,16,60,aguard-honest,v10,18,3,worst,kill,-1.00,0,30.000,57071,6,1.848217,3.631117,44.3667,0,1065.50,1095.50,405.10,0.0,100,0,0.00
lateral,16,60,aguard-honest,v10,18,3,worst,kill,-1.00,0,30.000,57071,7,2.805014,5.915807,56.3667,0,660.50,680.50,390.10,0.0,100,0,0.00
lateral,16,60,aguard-honest,v10,18,3,worst,kill,-1.00,0,30.000,57071,8,2.551828,6.537884,57.0000,0,820.50,845.50,365.10,0.0,100,0,0.00
lateral,16,60,aguard-honest,v10,18,3,worst,kill,-1.00,0,30.000,57071,9,3.662613,10.621855,55.5000,0,1635.50,1655.50,170.10,0.0,100,0,0.00
lateral,16,60,aguard-honest,v10,18,3,worst,kill,-1.00,0,30.000,57071,10,3.087979,6.182845,59.1000,0,800.50,825.50,260.10,0.0,100,0,0.00
lateral,16,60,aguard-honest,v10,18,3,worst,kill,-1.00,0,30.000,57071,11,3.645251,8.344926,58.3667,0,720.50,740.50,210.10,0.0,100,0,0.00
lateral,16,60,aguard-honest,v10,18,3,worst,kill,-1.00,0,30.000,57071,12,2.677452,4.601622,61.2000,0,600.50,625.50,310.10,0.0,100,0,0.00
lateral,16,60,aguard-honest,v10,18,3,worst,kill,-1.00,0,30.000,57071,13,2.656582,5.452497,55.2667,0,800.50,820.50,395.10,0.0,100,0,0.00
lateral,16,60,aguard-honest,v10,18,3,worst,kill,-1.00,0,30.000,57071,14,2.499542,7.368288,49.4000,0,1080.50,1110.50,345.10,0.0,100,0,0.00
lateral,16,60,aguard-honest,v10,18,3,worst,kill,-1.00,0,30.000,57071,15,2.445715,4.483904,53.4667,0,880.50,905.50,155.10,0.0,100,0,0.00
lateral,16,60,aguard-honest,v10,18,3,worst,kill,-1.00,0,30.000,57071,16,2.755461,7.643805,51.7000,0,925.50,925.50,365.10,0.0,100,0,0.00
lateral,16,60,aguard-honest,v10,18,3,worst,kill,-1.00,0,30.000,57071,17,2.823098,7.281651,51.8667,0,985.50,1005.50,350.10,0.0,100,0,0.00
lateral,16,100,aguard-honest,v10,18,3,worst,kill,-1.00,0,30.000,57039,0,2.130448,3.763924,49.5333,0,1065.50,1085.50,400.10,0.0,100,0,0.00
lateral,16,100,aguard-honest,v10,18,3,worst,kill,-1.00,0,30.000,57039,1,1.916697,4.113158,41.0333,0,1220.50,1245.50,325.10,0.0,100,0,0.00
lateral,16,100,aguard-honest,v10,18,3,worst,kill,-1.00,0,30.000,57039,2,2.113850,4.432665,51.6000,0,860.50,885.50,425.10,0.0,100,0,0.00
lateral,16,100,aguard-honest,v10,18,3,worst,kill,-1.00,0,30.000,57039,3,2.135451,3.471804,50.4667,0,1220.50,1220.50,315.10,0.0,100,0,0.00
lateral,16,100,aguard-honest,v10,18,3,worst,kill,-1.00,0,30.000,57039,4,2.097707,3.753184,52.1667,0,1030.50,1050.50,285.10,0.0,100,0,0.00
lateral,16,100,aguard-honest,v10,18,3,worst,kill,-1.00,0,30.000,57039,5,2.269182,3.769812,53.1000,0,680.50,700.50,335.10,0.0,100,0,0.00
lateral,16,100,aguard-honest,v10,18,3,worst,kill,-1.00,0,30.000,57039,6,2.329034,4.541127,54.9000,0,910.50,930.50,375.10,0.0,100,0,0.00
lateral,16,100,aguard-honest,v10,18,3,worst,kill,-1.00,0,30.000,57039,7,2.392909,3.970390,54.4333,0,1125.50,1145.50,365.10,0.0,100,0,0.00
lateral,16,100,aguard-honest,v10,18,3,worst,kill,-1.00,0,30.000,57039,8,2.281063,5.724016,50.8333,0,1240.50,1265.50,265.10,0.0,100,0,0.00
lateral,16,100,aguard-honest,v10,18,3,worst,kill,-1.00,0,30.000,57039,9,2.411249,6.597314,46.4333,0,1420.50,1980.50,305.10,0.0,100,0,0.00
lateral,16,100,aguard-honest,v10,18,3,worst,kill,-1.00,0,30.000,57039,10,2.628577,5.881100,53.8000,0,1070.50,1090.50,260.10,0.0,100,0,0.00
lateral,16,100,aguard-honest,v10,18,3,worst,kill,-1.00,0,30.000,57039,11,2.497774,6.651371,53.8000,0,600.50,620.50,285.10,0.0,100,0,0.00
lateral,16,100,aguard-honest,v10,18,3,worst,kill,-1.00,0,30.000,57039,12,2.424166,3.856968,57.4333,0,1030.50,1050.50,385.10,0.0,100,0,0.00
lateral,16,100,aguard-honest,v10,18,3,worst,kill,-1.00,0,30.000,57039,13,2.234921,4.314145,52.6333,0,1060.50,1085.50,370.10,0.0,100,0,0.00
lateral,16,100,aguard-honest,v10,18,3,worst,kill,-1.00,0,30.000,57039,14,2.105035,4.148415,50.1000,0,1270.50,1295.50,395.10,0.0,100,0,0.00
lateral,16,100,aguard-honest,v10,18,3,worst,kill,-1.00,0,30.000,57039,15,2.302359,3.664610,54.7333,0,730.50,790.50,185.10,0.0,100,0,0.00
lateral,16,100,aguard-honest,v10,18,3,worst,kill,-1.00,0,30.000,57039,16,2.243486,4.339662,50.3333,0,1144.90,1164.90,375.10,0.0,100,0,0.00
lateral,16,100,aguard-honest,v10,18,3,worst,kill,-1.00,0,30.000,57039,17,1.631451,3.467356,41.8333,0,1925.50,1945.50,345.10,0.0,100,0,0.00
lateral,0,0,ttu-honest,v10,14,3,worst,kill,-1.00,0,30.000,25484,0,0.021688,0.182501,0.0000,0,90.50,105.50,-1.00,0.0,100,0,0.00
lateral,0,0,ttu-honest,v10,14,3,worst,kill,-1.00,0,30.000,25484,1,0.035305,0.182501,0.0000,0,95.50,95.50,-1.00,0.0,100,0,0.00
lateral,0,0,ttu-honest,v10,14,3,worst,kill,-1.00,0,30.000,25484,2,0.080587,0.937743,0.5667,0,100.50,100.50,395.10,0.0,100,0,0.00
lateral,0,0,ttu-honest,v10,14,3,worst,kill,-1.00,0,30.000,25484,3,0.033343,0.183676,0.0000,0,100.50,100.50,-1.00,0.0,100,0,0.00
lateral,0,0,ttu-honest,v10,14,3,worst,kill,-1.00,0,30.000,25484,4,0.044185,0.447345,0.0000,0,100.50,100.50,-1.00,0.0,100,0,0.00
lateral,0,0,ttu-honest,v10,14,3,worst,kill,-1.00,0,30.000,25484,5,0.027298,0.307327,0.0000,0,90.50,90.50,-1.00,0.0,100,0,0.00
lateral,0,0,ttu-honest,v10,14,3,worst,kill,-1.00,0,30.000,25484,6,0.237854,2.254028,5.1333,0,105.50,105.50,445.10,0.0,100,0,0.00
lateral,0,0,ttu-honest,v10,14,3,worst,kill,-1.00,0,30.000,25484,7,2.698845,6.495331,60.3000,0,145.50,145.50,315.10,0.0,100,0,0.00
lateral,0,0,ttu-honest,v10,14,3,worst,kill,-1.00,0,30.000,25484,8,1.989374,7.119958,42.6333,0,455.50,455.50,185.10,0.0,100,0,0.00
lateral,0,0,ttu-honest,v10,14,3,worst,kill,-1.00,0,30.000,25484,9,4.501007,10.915174,72.1333,0,2570.50,2580.50,340.10,0.0,100,0,0.00
lateral,0,0,ttu-honest,v10,14,3,worst,kill,-1.00,0,30.000,25484,10,3.404257,8.661915,54.5000,0,2960.50,2970.50,320.10,0.0,100,0,0.00
lateral,0,0,ttu-honest,v10,14,3,worst,kill,-1.00,0,30.000,25484,11,4.591030,9.006392,74.6667,0,8320.50,8320.50,355.10,0.0,100,0,0.00
lateral,0,0,ttu-honest,v10,14,3,worst,kill,-1.00,0,30.000,25484,12,4.158676,5.850973,73.9000,0,3250.50,3250.50,435.10,0.0,100,0,0.00
lateral,0,0,ttu-honest,v10,14,3,worst,kill,-1.00,0,30.000,25484,13,0.980684,5.567220,17.6333,0,1630.50,1630.50,435.10,0.0,100,0,0.00
lateral,16,0,ttu-honest,v10,14,3,worst,kill,-1.00,0,30.000,25483,0,0.021672,0.182492,0.0000,0,90.50,90.50,-1.00,0.0,100,0,0.00
lateral,16,0,ttu-honest,v10,14,3,worst,kill,-1.00,0,30.000,25483,1,0.035426,0.182492,0.0000,0,90.50,90.50,-1.00,0.0,100,0,0.00
lateral,16,0,ttu-honest,v10,14,3,worst,kill,-1.00,0,30.000,25483,2,0.078701,0.898310,0.5667,0,100.50,100.50,395.10,0.0,100,0,0.00
lateral,16,0,ttu-honest,v10,14,3,worst,kill,-1.00,0,30.000,25483,3,0.033107,0.181979,0.0000,0,100.50,100.50,-1.00,0.0,100,0,0.00
lateral,16,0,ttu-honest,v10,14,3,worst,kill,-1.00,0,30.000,25483,4,0.044029,0.445857,0.0000,0,100.50,100.50,-1.00,0.0,100,0,0.00
lateral,16,0,ttu-honest,v10,14,3,worst,kill,-1.00,0,30.000,25483,5,0.027407,0.308242,0.0000,0,90.50,90.50,-1.00,0.0,100,0,0.00
lateral,16,0,ttu-honest,v10,14,3,worst,kill,-1.00,0,30.000,25483,6,0.286058,2.925347,5.8333,0,165.50,165.50,360.10,0.0,100,0,0.00
lateral,16,0,ttu-honest,v10,14,3,worst,kill,-1.00,0,30.000,25483,7,2.611224,5.806909,59.6000,0,205.50,205.50,255.10,0.0,100,0,0.00
lateral,16,0,ttu-honest,v10,14,3,worst,kill,-1.00,0,30.000,25483,8,2.163706,8.071522,46.0667,0,305.50,305.50,190.10,0.0,100,0,0.00
lateral,16,0,ttu-honest,v10,14,3,worst,kill,-1.00,0,30.000,25483,9,4.691018,11.411457,73.2667,0,1650.50,1650.50,345.10,0.0,100,0,0.00
lateral,16,0,ttu-honest,v10,14,3,worst,kill,-1.00,0,30.000,25483,10,2.734619,7.168223,50.7333,0,2750.50,2750.50,405.10,0.0,100,0,0.00
lateral,16,0,ttu-honest,v10,14,3,worst,kill,-1.00,0,30.000,25483,11,4.416190,6.640320,73.0000,0,3020.50,3020.50,305.10,0.0,100,0,0.00
lateral,16,0,ttu-honest,v10,14,3,worst,kill,-1.00,0,30.000,25483,12,4.512040,6.244750,73.5667,0,2270.50,2270.50,415.10,0.0,100,0,0.00
lateral,16,0,ttu-honest,v10,14,3,worst,kill,-1.00,0,30.000,25483,13,1.092445,6.153814,17.8000,0,1440.50,1440.50,420.10,0.0,100,0,0.00
lateral,100,0,ttu-honest,v10,14,3,worst,kill,-1.00,0,30.000,25557,0,0.021815,0.180363,0.0000,0,95.50,110.50,-1.00,0.0,100,0,0.00
lateral,100,0,ttu-honest,v10,14,3,worst,kill,-1.00,0,30.000,25557,1,0.036750,0.180363,0.0000,0,95.50,95.50,-1.00,0.0,100,0,0.00
lateral,100,0,ttu-honest,v10,14,3,worst,kill,-1.00,0,30.000,25557,2,0.080246,0.903279,0.5667,0,100.50,100.50,395.10,0.0,100,0,0.00
lateral,100,0,ttu-honest,v10,14,3,worst,kill,-1.00,0,30.000,25557,3,0.036614,0.184638,0.0000,0,100.50,100.50,-1.00,0.0,100,0,0.00
lateral,100,0,ttu-honest,v10,14,3,worst,kill,-1.00,0,30.000,25557,4,0.050948,0.452500,0.0000,0,105.50,105.50,-1.00,0.0,100,0,0.00
lateral,100,0,ttu-honest,v10,14,3,worst,kill,-1.00,0,30.000,25557,5,0.038034,0.300011,0.0000,0,245.50,245.50,-1.00,0.0,100,0,0.00
lateral,100,0,ttu-honest,v10,14,3,worst,kill,-1.00,0,30.000,25557,6,0.559954,5.030812,7.8667,0,345.50,345.50,190.10,0.0,100,0,0.00
lateral,100,0,ttu-honest,v10,14,3,worst,kill,-1.00,0,30.000,25557,7,2.653004,5.740842,61.8333,0,425.50,425.50,180.10,0.0,100,0,0.00
lateral,100,0,ttu-honest,v10,14,3,worst,kill,-1.00,0,30.000,25557,8,1.097713,4.501673,19.4333,0,665.50,665.50,165.10,0.0,100,0,0.00
lateral,100,0,ttu-honest,v10,14,3,worst,kill,-1.00,0,30.000,25557,9,1.023036,4.304088,9.0000,0,770.50,770.50,170.10,0.0,100,0,0.00
lateral,100,0,ttu-honest,v10,14,3,worst,kill,-1.00,0,30.000,25557,10,0.620279,3.250990,3.7667,0,690.50,690.50,315.10,0.0,100,0,0.00
lateral,100,0,ttu-honest,v10,14,3,worst,kill,-1.00,0,30.000,25557,11,0.876515,3.789874,3.7333,0,870.50,870.50,330.10,0.0,100,0,0.00
lateral,100,0,ttu-honest,v10,14,3,worst,kill,-1.00,0,30.000,25557,12,0.876806,1.985261,1.6333,0,540.50,540.50,305.10,0.0,100,0,0.00
lateral,100,0,ttu-honest,v10,14,3,worst,kill,-1.00,0,30.000,25557,13,0.433273,4.521628,4.1333,0,590.50,590.50,310.10,0.0,100,0,0.00
lateral,200,0,ttu-honest,v10,14,3,worst,kill,-1.00,0,30.000,26620,0,0.025376,0.180140,0.0000,0,95.50,105.50,-1.00,0.0,100,1,0.00
lateral,200,0,ttu-honest,v10,14,3,worst,kill,-1.00,0,30.000,26620,1,0.048103,0.211533,0.0000,0,125.50,125.50,-1.00,0.0,100,1,0.00
lateral,200,0,ttu-honest,v10,14,3,worst,kill,-1.00,0,30.000,26620,2,0.082094,0.956421,0.5667,0,205.50,205.50,395.10,0.0,100,1,0.00
lateral,200,0,ttu-honest,v10,14,3,worst,kill,-1.00,0,30.000,26620,3,0.604218,3.030708,23.7667,0,265.50,265.50,270.10,0.0,100,1,0.00
lateral,200,0,ttu-honest,v10,14,3,worst,kill,-1.00,0,30.000,26620,4,0.816153,4.165422,20.4667,0,485.50,485.50,365.10,0.0,100,1,0.00
lateral,200,0,ttu-honest,v10,14,3,worst,kill,-1.00,0,30.000,26620,5,2.721013,10.020725,12.6000,0,635.50,655.50,145.10,0.0,100,1,0.00
lateral,200,0,ttu-honest,v10,14,3,worst,kill,-1.00,0,30.000,26620,6,3.825158,9.278035,27.2667,0,805.50,805.50,85.10,0.0,100,1,0.00
lateral,200,0,ttu-honest,v10,14,3,worst,kill,-1.00,0,30.000,26620,7,4.545768,10.351407,28.3667,0,1345.50,1345.50,110.10,0.0,100,1,0.00
lateral,200,0,ttu-honest,v10,14,3,worst,kill,-1.00,0,30.000,26620,8,4.315804,8.257862,17.9333,0,670.50,670.50,170.10,0.0,100,1,0.00
lateral,200,0,ttu-honest,v10,14,3,worst,kill,-1.00,0,30.000,26620,9,3.430391,7.051359,9.2667,0,1525.50,1540.50,195.10,0.0,100,1,0.00
lateral,200,0,ttu-honest,v10,14,3,worst,kill,-1.00,0,30.000,26620,10,3.565883,11.444059,13.4000,0,540.50,550.50,145.10,0.0,100,1,0.00
lateral,200,0,ttu-honest,v10,14,3,worst,kill,-1.00,0,30.000,26620,11,5.822679,13.178873,23.4667,0,590.50,590.50,165.10,0.0,100,1,0.00
lateral,200,0,ttu-honest,v10,14,3,worst,kill,-1.00,0,30.000,26620,12,7.469764,11.132367,28.7333,0,500.50,500.50,150.10,0.0,100,1,0.00
lateral,200,0,ttu-honest,v10,14,3,worst,kill,-1.00,0,30.000,26620,13,1.764557,13.038738,11.6000,0,545.50,545.50,205.10,0.0,100,1,0.00
lateral,16,30,ttu-honest,v10,14,3,worst,kill,-1.00,0,30.000,25483,0,0.021672,0.182492,0.0000,0,90.50,90.50,-1.00,0.0,100,0,0.00
lateral,16,30,ttu-honest,v10,14,3,worst,kill,-1.00,0,30.000,25483,1,0.035426,0.182492,0.0000,0,90.50,90.50,-1.00,0.0,100,0,0.00
lateral,16,30,ttu-honest,v10,14,3,worst,kill,-1.00,0,30.000,25483,2,0.078701,0.898310,0.5667,0,100.50,100.50,395.10,0.0,100,0,0.00
lateral,16,30,ttu-honest,v10,14,3,worst,kill,-1.00,0,30.000,25483,3,0.033107,0.181979,0.0000,0,100.50,100.50,-1.00,0.0,100,0,0.00
lateral,16,30,ttu-honest,v10,14,3,worst,kill,-1.00,0,30.000,25483,4,0.044029,0.445857,0.0000,0,100.50,100.50,-1.00,0.0,100,0,0.00
lateral,16,30,ttu-honest,v10,14,3,worst,kill,-1.00,0,30.000,25483,5,0.027407,0.308242,0.0000,0,90.50,90.50,-1.00,0.0,100,0,0.00
lateral,16,30,ttu-honest,v10,14,3,worst,kill,-1.00,0,30.000,25483,6,0.286058,2.925347,5.8333,0,165.50,165.50,360.10,0.0,100,0,0.00
lateral,16,30,ttu-honest,v10,14,3,worst,kill,-1.00,0,30.000,25483,7,2.611224,5.806909,59.6000,0,205.50,205.50,255.10,0.0,100,0,0.00
lateral,16,30,ttu-honest,v10,14,3,worst,kill,-1.00,0,30.000,25483,8,2.163706,8.071522,46.0667,0,305.50,305.50,190.10,0.0,100,0,0.00
lateral,16,30,ttu-honest,v10,14,3,worst,kill,-1.00,0,30.000,25483,9,4.691018,11.411457,73.2667,0,1650.50,1650.50,345.10,0.0,100,0,0.00
lateral,16,30,ttu-honest,v10,14,3,worst,kill,-1.00,0,30.000,25483,10,2.734619,7.168223,50.7333,0,2750.50,2750.50,405.10,0.0,100,0,0.00
lateral,16,30,ttu-honest,v10,14,3,worst,kill,-1.00,0,30.000,25483,11,4.416190,6.640320,73.0000,0,3020.50,3020.50,305.10,0.0,100,0,0.00
lateral,16,30,ttu-honest,v10,14,3,worst,kill,-1.00,0,30.000,25483,12,4.512040,6.244750,73.5667,0,2270.50,2270.50,415.10,0.0,100,0,0.00
lateral,16,30,ttu-honest,v10,14,3,worst,kill,-1.00,0,30.000,25483,13,1.092445,6.153814,17.8000,0,1440.50,1440.50,420.10,0.0,100,0,0.00
lateral,16,60,ttu-honest,v10,14,3,worst,kill,-1.00,0,30.000,25483,0,0.021672,0.182492,0.0000,0,90.50,90.50,-1.00,0.0,100,0,0.00
lateral,16,60,ttu-honest,v10,14,3,worst,kill,-1.00,0,30.000,25483,1,0.035426,0.182492,0.0000,0,90.50,90.50,-1.00,0.0,100,0,0.00
lateral,16,60,ttu-honest,v10,14,3,worst,kill,-1.00,0,30.000,25483,2,0.078701,0.898310,0.5667,0,100.50,100.50,395.10,0.0,100,0,0.00
lateral,16,60,ttu-honest,v10,14,3,worst,kill,-1.00,0,30.000,25483,3,0.033107,0.181979,0.0000,0,100.50,100.50,-1.00,0.0,100,0,0.00
lateral,16,60,ttu-honest,v10,14,3,worst,kill,-1.00,0,30.000,25483,4,0.044029,0.445857,0.0000,0,100.50,100.50,-1.00,0.0,100,0,0.00
lateral,16,60,ttu-honest,v10,14,3,worst,kill,-1.00,0,30.000,25483,5,0.027407,0.308242,0.0000,0,90.50,90.50,-1.00,0.0,100,0,0.00
lateral,16,60,ttu-honest,v10,14,3,worst,kill,-1.00,0,30.000,25483,6,0.286058,2.925347,5.8333,0,165.50,165.50,360.10,0.0,100,0,0.00
lateral,16,60,ttu-honest,v10,14,3,worst,kill,-1.00,0,30.000,25483,7,2.611224,5.806909,59.6000,0,205.50,205.50,255.10,0.0,100,0,0.00
lateral,16,60,ttu-honest,v10,14,3,worst,kill,-1.00,0,30.000,25483,8,2.163706,8.071522,46.0667,0,305.50,305.50,190.10,0.0,100,0,0.00
lateral,16,60,ttu-honest,v10,14,3,worst,kill,-1.00,0,30.000,25483,9,4.691018,11.411457,73.2667,0,1650.50,1650.50,345.10,0.0,100,0,0.00
lateral,16,60,ttu-honest,v10,14,3,worst,kill,-1.00,0,30.000,25483,10,2.734619,7.168223,50.7333,0,2750.50,2750.50,405.10,0.0,100,0,0.00
lateral,16,60,ttu-honest,v10,14,3,worst,kill,-1.00,0,30.000,25483,11,4.416190,6.640320,73.0000,0,3020.50,3020.50,305.10,0.0,100,0,0.00
lateral,16,60,ttu-honest,v10,14,3,worst,kill,-1.00,0,30.000,25483,12,4.512040,6.244750,73.5667,0,2270.50,2270.50,415.10,0.0,100,0,0.00
lateral,16,60,ttu-honest,v10,14,3,worst,kill,-1.00,0,30.000,25483,13,1.092445,6.153814,17.8000,0,1440.50,1440.50,420.10,0.0,100,0,0.00
lateral,16,100,ttu-honest,v10,14,3,worst,kill,-1.00,0,30.000,25483,0,0.021672,0.182492,0.0000,0,90.50,90.50,-1.00,0.0,100,0,0.00
lateral,16,100,ttu-honest,v10,14,3,worst,kill,-1.00,0,30.000,25483,1,0.035426,0.182492,0.0000,0,90.50,90.50,-1.00,0.0,100,0,0.00
lateral,16,100,ttu-honest,v10,14,3,worst,kill,-1.00,0,30.000,25483,2,0.078701,0.898310,0.5667,0,100.50,100.50,395.10,0.0,100,0,0.00
lateral,16,100,ttu-honest,v10,14,3,worst,kill,-1.00,0,30.000,25483,3,0.033107,0.181979,0.0000,0,100.50,100.50,-1.00,0.0,100,0,0.00
lateral,16,100,ttu-honest,v10,14,3,worst,kill,-1.00,0,30.000,25483,4,0.044029,0.445857,0.0000,0,100.50,100.50,-1.00,0.0,100,0,0.00
lateral,16,100,ttu-honest,v10,14,3,worst,kill,-1.00,0,30.000,25483,5,0.027407,0.308242,0.0000,0,90.50,90.50,-1.00,0.0,100,0,0.00
lateral,16,100,ttu-honest,v10,14,3,worst,kill,-1.00,0,30.000,25483,6,0.286058,2.925347,5.8333,0,165.50,165.50,360.10,0.0,100,0,0.00
lateral,16,100,ttu-honest,v10,14,3,worst,kill,-1.00,0,30.000,25483,7,2.611224,5.806909,59.6000,0,205.50,205.50,255.10,0.0,100,0,0.00
lateral,16,100,ttu-honest,v10,14,3,worst,kill,-1.00,0,30.000,25483,8,2.163706,8.071522,46.0667,0,305.50,305.50,190.10,0.0,100,0,0.00
lateral,16,100,ttu-honest,v10,14,3,worst,kill,-1.00,0,30.000,25483,9,4.691018,11.411457,73.2667,0,1650.50,1650.50,345.10,0.0,100,0,0.00
lateral,16,100,ttu-honest,v10,14,3,worst,kill,-1.00,0,30.000,25483,10,2.734619,7.168223,50.7333,0,2750.50,2750.50,405.10,0.0,100,0,0.00
lateral,16,100,ttu-honest,v10,14,3,worst,kill,-1.00,0,30.000,25483,11,4.416190,6.640320,73.0000,0,3020.50,3020.50,305.10,0.0,100,0,0.00
lateral,16,100,ttu-honest,v10,14,3,worst,kill,-1.00,0,30.000,25483,12,4.512040,6.244750,73.5667,0,2270.50,2270.50,415.10,0.0,100,0,0.00
lateral,16,100,ttu-honest,v10,14,3,worst,kill,-1.00,0,30.000,25483,13,1.092445,6.153814,17.8000,0,1440.50,1440.50,420.10,0.0,100,0,0.00
cartpole,0,0,aguard-honest,v10,8,3,worst,kill,-1.00,0,30.000,1344,0,0.000652,0.004796,10.0000,0,110.50,130.50,95.10,0.0,100,2,0.00
cartpole,0,0,aguard-honest,v10,8,3,worst,kill,-1.00,0,30.000,1344,1,0.000623,0.004200,9.0333,0,110.50,130.50,105.10,0.0,100,2,0.00
cartpole,0,0,aguard-honest,v10,8,3,worst,kill,-1.00,0,30.000,1344,2,0.000642,0.004350,9.6667,0,110.50,120.50,105.10,0.0,100,2,0.00
cartpole,0,0,aguard-honest,v10,8,3,worst,kill,-1.00,0,30.000,1344,3,0.000655,0.004922,9.4000,0,110.50,120.50,95.10,0.0,100,2,0.00
cartpole,0,0,aguard-honest,v10,8,3,worst,kill,-1.00,0,30.000,1344,4,0.000653,0.004999,9.6333,0,110.50,120.50,90.10,0.0,100,2,0.00
cartpole,0,0,aguard-honest,v10,8,3,worst,kill,-1.00,0,30.000,1344,5,0.000669,0.004871,10.2000,0,110.50,120.50,100.10,0.0,100,2,0.00
cartpole,0,0,aguard-honest,v10,8,3,worst,kill,-1.00,0,30.000,1344,6,0.000651,0.004670,9.5667,0,110.50,120.50,100.10,0.0,100,2,0.00
cartpole,0,0,aguard-honest,v10,8,3,worst,kill,-1.00,0,30.000,1344,7,0.000661,0.005200,10.2000,0,110.50,120.50,85.10,0.0,100,2,0.00
cartpole,16,0,aguard-honest,v10,8,3,worst,kill,-1.00,0,30.000,1335,0,0.000654,0.004796,9.8667,0,110.50,120.50,85.10,0.0,100,3,0.00
cartpole,16,0,aguard-honest,v10,8,3,worst,kill,-1.00,0,30.000,1335,1,0.000617,0.004451,9.7667,0,110.50,120.50,95.10,0.0,100,3,0.00
cartpole,16,0,aguard-honest,v10,8,3,worst,kill,-1.00,0,30.000,1335,2,0.000602,0.004164,9.3667,0,110.50,120.50,100.10,0.0,100,3,0.00
cartpole,16,0,aguard-honest,v10,8,3,worst,kill,-1.00,0,30.000,1335,3,0.000611,0.004922,9.5000,0,110.50,125.50,90.10,0.0,100,3,0.00
cartpole,16,0,aguard-honest,v10,8,3,worst,kill,-1.00,0,30.000,1335,4,0.000637,0.004755,10.0667,0,110.50,120.50,85.10,0.0,100,3,0.00
cartpole,16,0,aguard-honest,v10,8,3,worst,kill,-1.00,0,30.000,1335,5,0.000647,0.005311,10.1667,0,110.50,120.50,90.10,0.0,100,3,0.00
cartpole,16,0,aguard-honest,v10,8,3,worst,kill,-1.00,0,30.000,1335,6,0.000625,0.004374,9.0000,0,110.50,120.50,95.10,0.0,100,3,0.00
cartpole,16,0,aguard-honest,v10,8,3,worst,kill,-1.00,0,30.000,1335,7,0.000650,0.005200,10.2333,0,110.50,130.50,75.10,0.0,100,3,0.00
cartpole,100,0,aguard-honest,v10,8,3,worst,kill,-1.00,0,30.000,1399,0,0.000704,0.006257,10.5333,0,110.50,130.50,95.10,0.0,100,3,0.00
cartpole,100,0,aguard-honest,v10,8,3,worst,kill,-1.00,0,30.000,1399,1,0.000677,0.005234,9.7667,0,110.50,120.50,95.10,0.0,100,3,0.00
cartpole,100,0,aguard-honest,v10,8,3,worst,kill,-1.00,0,30.000,1399,2,0.000675,0.005420,9.8333,0,110.50,125.50,90.10,0.0,100,3,0.00
cartpole,100,0,aguard-honest,v10,8,3,worst,kill,-1.00,0,30.000,1399,3,0.000691,0.005277,10.1667,0,110.50,120.50,90.10,0.0,100,3,0.00
cartpole,100,0,aguard-honest,v10,8,3,worst,kill,-1.00,0,30.000,1399,4,0.000657,0.005052,8.9667,0,110.50,120.50,90.10,0.0,100,3,0.00
cartpole,100,0,aguard-honest,v10,8,3,worst,kill,-1.00,0,30.000,1399,5,0.000643,0.004342,9.2000,0,110.50,130.50,100.10,0.0,100,3,0.00
cartpole,100,0,aguard-honest,v10,8,3,worst,kill,-1.00,0,30.000,1399,6,0.000680,0.004654,9.9667,0,110.50,125.50,100.10,0.0,100,3,0.00
cartpole,100,0,aguard-honest,v10,8,3,worst,kill,-1.00,0,30.000,1399,7,0.000705,0.006405,10.1000,0,110.50,130.50,90.10,0.0,100,3,0.00
cartpole,200,0,aguard-honest,v10,8,3,worst,kill,-1.00,0,30.000,1334,0,0.000647,0.004796,9.8333,0,110.50,125.50,95.10,0.0,100,3,0.00
cartpole,200,0,aguard-honest,v10,8,3,worst,kill,-1.00,0,30.000,1334,1,0.000668,0.005140,10.6000,0,110.50,120.50,95.10,0.0,100,3,0.00
cartpole,200,0,aguard-honest,v10,8,3,worst,kill,-1.00,0,30.000,1334,2,0.000673,0.004681,10.5000,0,110.50,120.50,100.10,0.0,100,3,0.00
cartpole,200,0,aguard-honest,v10,8,3,worst,kill,-1.00,0,30.000,1334,3,0.000645,0.004922,9.7333,0,110.50,120.50,95.10,0.0,100,3,0.00
cartpole,200,0,aguard-honest,v10,8,3,worst,kill,-1.00,0,30.000,1334,4,0.000672,0.005910,10.0000,0,110.50,120.50,90.10,0.0,100,3,0.00
cartpole,200,0,aguard-honest,v10,8,3,worst,kill,-1.00,0,30.000,1334,5,0.000619,0.004782,9.2667,0,110.50,120.50,100.10,0.0,100,3,0.00
cartpole,200,0,aguard-honest,v10,8,3,worst,kill,-1.00,0,30.000,1334,6,0.000662,0.004962,9.5000,0,110.50,130.50,105.10,0.0,100,3,0.00
cartpole,200,0,aguard-honest,v10,8,3,worst,kill,-1.00,0,30.000,1334,7,0.000677,0.006195,9.9667,0,110.50,130.50,90.10,0.0,100,3,0.00
cartpole,16,30,aguard-honest,v10,8,3,worst,kill,-1.00,0,30.000,1346,0,0.000607,0.005013,8.6000,0,110.50,130.50,85.10,0.0,100,2,0.00
cartpole,16,30,aguard-honest,v10,8,3,worst,kill,-1.00,0,30.000,1346,1,0.000616,0.004183,9.2333,0,110.50,120.50,95.10,0.0,100,2,0.00
cartpole,16,30,aguard-honest,v10,8,3,worst,kill,-1.00,0,30.000,1346,2,0.000610,0.004484,9.6333,0,110.50,120.50,95.10,0.0,100,2,0.00
cartpole,16,30,aguard-honest,v10,8,3,worst,kill,-1.00,0,30.000,1346,3,0.000650,0.004641,10.5333,0,110.50,120.50,95.10,0.0,100,2,0.00
cartpole,16,30,aguard-honest,v10,8,3,worst,kill,-1.00,0,30.000,1346,4,0.000612,0.004759,9.4000,0,110.50,120.50,105.10,0.0,100,2,0.00
cartpole,16,30,aguard-honest,v10,8,3,worst,kill,-1.00,0,30.000,1346,5,0.000660,0.004585,11.0333,0,110.50,120.50,95.10,0.0,100,2,0.00
cartpole,16,30,aguard-honest,v10,8,3,worst,kill,-1.00,0,30.000,1346,6,0.000598,0.003994,9.2667,0,110.50,120.50,100.10,0.0,100,2,0.00
cartpole,16,30,aguard-honest,v10,8,3,worst,kill,-1.00,0,30.000,1346,7,0.000627,0.004410,9.9333,0,110.50,120.50,90.10,0.0,100,2,0.00
cartpole,16,60,aguard-honest,v10,8,3,worst,kill,-1.00,0,30.000,1374,0,0.000638,0.005017,9.8667,0,110.50,120.50,85.10,0.0,100,2,0.00
cartpole,16,60,aguard-honest,v10,8,3,worst,kill,-1.00,0,30.000,1374,1,0.000608,0.004218,9.1667,0,110.50,120.50,100.10,0.0,100,2,0.00
cartpole,16,60,aguard-honest,v10,8,3,worst,kill,-1.00,0,30.000,1374,2,0.000608,0.004189,9.4667,0,110.50,130.50,100.10,0.0,100,2,0.00
cartpole,16,60,aguard-honest,v10,8,3,worst,kill,-1.00,0,30.000,1374,3,0.000646,0.004683,10.5000,0,110.50,120.50,90.10,0.0,100,2,0.00
cartpole,16,60,aguard-honest,v10,8,3,worst,kill,-1.00,0,30.000,1374,4,0.000618,0.004520,9.5333,0,110.50,130.50,95.10,0.0,100,2,0.00
cartpole,16,60,aguard-honest,v10,8,3,worst,kill,-1.00,0,30.000,1374,5,0.000608,0.004585,9.1667,0,110.50,120.50,100.10,0.0,100,2,0.00
cartpole,16,60,aguard-honest,v10,8,3,worst,kill,-1.00,0,30.000,1374,6,0.000611,0.004208,9.2667,0,110.50,120.50,95.10,0.0,100,2,0.00
cartpole,16,60,aguard-honest,v10,8,3,worst,kill,-1.00,0,30.000,1374,7,0.000639,0.004612,10.2333,0,110.50,120.50,95.10,0.0,100,2,0.00
cartpole,16,100,aguard-honest,v10,8,3,worst,kill,-1.00,0,30.000,1422,0,0.000626,0.004202,9.4667,0,110.50,120.50,100.10,0.0,100,1,0.00
cartpole,16,100,aguard-honest,v10,8,3,worst,kill,-1.00,0,30.000,1422,1,0.000623,0.004221,10.1000,0,110.50,120.50,90.10,0.0,100,1,0.00
cartpole,16,100,aguard-honest,v10,8,3,worst,kill,-1.00,0,30.000,1422,2,0.000613,0.004419,9.5000,0,110.50,125.50,95.10,0.0,100,1,0.00
cartpole,16,100,aguard-honest,v10,8,3,worst,kill,-1.00,0,30.000,1422,3,0.000626,0.004337,10.1000,0,110.50,120.50,95.10,0.0,100,1,0.00
cartpole,16,100,aguard-honest,v10,8,3,worst,kill,-1.00,0,30.000,1422,4,0.000638,0.004490,10.1000,0,110.50,125.50,95.10,0.0,100,1,0.00
cartpole,16,100,aguard-honest,v10,8,3,worst,kill,-1.00,0,30.000,1422,5,0.000637,0.004618,10.0000,0,110.50,120.50,85.10,0.0,100,1,0.00
cartpole,16,100,aguard-honest,v10,8,3,worst,kill,-1.00,0,30.000,1422,6,0.000620,0.004742,9.1333,0,110.50,120.50,85.10,0.0,100,1,0.00
cartpole,16,100,aguard-honest,v10,8,3,worst,kill,-1.00,0,30.000,1422,7,0.000631,0.005009,10.1667,0,110.50,120.50,80.10,0.0,100,1,0.00
cartpole,0,0,ttu-honest,v10,8,3,worst,kill,-1.00,0,30.000,1091,0,0.000541,0.004222,8.9000,0,110.50,110.50,90.10,0.0,100,1,0.00
cartpole,0,0,ttu-honest,v10,8,3,worst,kill,-1.00,0,30.000,1091,1,0.000538,0.004576,7.9333,0,110.50,110.50,100.10,0.0,100,1,0.00
cartpole,0,0,ttu-honest,v10,8,3,worst,kill,-1.00,0,30.000,1091,2,0.000534,0.004554,8.2000,0,100.50,120.50,100.10,0.0,100,1,0.00
cartpole,0,0,ttu-honest,v10,8,3,worst,kill,-1.00,0,30.000,1091,3,0.000553,0.004563,9.0667,0,100.50,110.50,95.10,0.0,100,1,0.00
cartpole,0,0,ttu-honest,v10,8,3,worst,kill,-1.00,0,30.000,1091,4,0.000531,0.004278,7.9333,0,100.50,115.50,95.10,0.0,100,1,0.00
cartpole,0,0,ttu-honest,v10,8,3,worst,kill,-1.00,0,30.000,1091,5,0.000541,0.004471,7.8667,0,100.50,110.50,100.10,0.0,100,1,0.00
cartpole,0,0,ttu-honest,v10,8,3,worst,kill,-1.00,0,30.000,1091,6,0.000534,0.004457,8.0000,0,105.50,110.50,100.10,0.0,100,1,0.00
cartpole,0,0,ttu-honest,v10,8,3,worst,kill,-1.00,0,30.000,1091,7,0.000547,0.004865,8.5000,0,110.50,110.50,100.10,0.0,100,1,0.00
cartpole,16,0,ttu-honest,v10,8,3,worst,kill,-1.00,0,30.000,1067,0,0.000504,0.004306,7.1333,0,105.50,120.50,80.10,0.0,100,2,0.00
cartpole,16,0,ttu-honest,v10,8,3,worst,kill,-1.00,0,30.000,1067,1,0.000517,0.004335,7.4333,0,110.50,120.50,85.10,0.0,100,2,0.00
cartpole,16,0,ttu-honest,v10,8,3,worst,kill,-1.00,0,30.000,1067,2,0.000515,0.004412,7.2667,0,105.50,120.50,95.10,0.0,100,2,0.00
cartpole,16,0,ttu-honest,v10,8,3,worst,kill,-1.00,0,30.000,1067,3,0.000510,0.004545,7.0667,0,110.50,120.50,95.10,0.0,100,2,0.00
cartpole,16,0,ttu-honest,v10,8,3,worst,kill,-1.00,0,30.000,1067,4,0.000522,0.004432,7.9000,0,110.50,130.50,90.10,0.0,100,2,0.00
cartpole,16,0,ttu-honest,v10,8,3,worst,kill,-1.00,0,30.000,1067,5,0.000515,0.004561,7.2667,0,110.50,110.50,90.10,0.0,100,2,0.00
cartpole,16,0,ttu-honest,v10,8,3,worst,kill,-1.00,0,30.000,1067,6,0.000529,0.004444,8.1000,0,110.50,130.50,90.10,0.0,100,2,0.00
cartpole,16,0,ttu-honest,v10,8,3,worst,kill,-1.00,0,30.000,1067,7,0.000521,0.004331,7.6333,0,110.50,130.50,100.10,0.0,100,2,0.00
cartpole,100,0,ttu-honest,v10,8,3,worst,kill,-1.00,0,30.000,844,0,0.000398,0.003649,4.5333,0,110.50,115.50,100.10,0.0,100,2,0.00
cartpole,100,0,ttu-honest,v10,8,3,worst,kill,-1.00,0,30.000,844,1,0.000497,0.005273,7.1667,0,110.50,110.50,95.10,0.0,100,2,0.00
cartpole,100,0,ttu-honest,v10,8,3,worst,kill,-1.00,0,30.000,844,2,0.000473,0.004167,6.9667,0,105.50,110.50,95.10,0.0,100,2,0.00
cartpole,100,0,ttu-honest,v10,8,3,worst,kill,-1.00,0,30.000,844,3,0.000459,0.004170,6.1333,0,100.50,120.50,105.10,0.0,100,2,0.00
cartpole,100,0,ttu-honest,v10,8,3,worst,kill,-1.00,0,30.000,844,4,0.000456,0.004164,6.1333,0,110.50,125.50,95.10,0.0,100,2,0.00
cartpole,100,0,ttu-honest,v10,8,3,worst,kill,-1.00,0,30.000,844,5,0.000506,0.004602,7.7667,0,110.50,120.50,100.10,0.0,100,2,0.00
cartpole,100,0,ttu-honest,v10,8,3,worst,kill,-1.00,0,30.000,844,6,0.000452,0.004867,5.9667,0,110.50,130.50,90.10,0.0,100,2,0.00
cartpole,100,0,ttu-honest,v10,8,3,worst,kill,-1.00,0,30.000,844,7,0.000506,0.004598,6.4333,0,110.50,110.50,95.10,0.0,100,2,0.00
cartpole,200,0,ttu-honest,v10,8,3,worst,kill,-1.00,0,30.000,881,0,0.000398,0.003901,4.3667,0,110.50,120.50,110.10,0.0,100,1,0.00
cartpole,200,0,ttu-honest,v10,8,3,worst,kill,-1.00,0,30.000,881,1,0.000453,0.004226,6.3333,0,110.50,120.50,85.10,0.0,100,1,0.00
cartpole,200,0,ttu-honest,v10,8,3,worst,kill,-1.00,0,30.000,881,2,0.000441,0.004370,5.2667,0,100.50,110.50,100.10,0.0,100,1,0.00
cartpole,200,0,ttu-honest,v10,8,3,worst,kill,-1.00,0,30.000,881,3,0.000445,0.004422,5.8333,0,100.50,110.50,95.10,0.0,100,1,0.00
cartpole,200,0,ttu-honest,v10,8,3,worst,kill,-1.00,0,30.000,881,4,0.000455,0.003950,5.7333,0,110.50,110.50,105.10,0.0,100,1,0.00
cartpole,200,0,ttu-honest,v10,8,3,worst,kill,-1.00,0,30.000,881,5,0.000511,0.004407,7.6000,0,110.50,120.50,105.10,0.0,100,1,0.00
cartpole,200,0,ttu-honest,v10,8,3,worst,kill,-1.00,0,30.000,881,6,0.000495,0.004871,6.2000,0,110.50,120.50,105.10,0.0,100,1,0.00
cartpole,200,0,ttu-honest,v10,8,3,worst,kill,-1.00,0,30.000,881,7,0.000615,0.005077,9.8000,0,110.50,120.50,95.10,0.0,100,1,0.00
cartpole,16,30,ttu-honest,v10,8,3,worst,kill,-1.00,0,30.000,1067,0,0.000504,0.004306,7.1333,0,105.50,120.50,80.10,0.0,100,2,0.00
cartpole,16,30,ttu-honest,v10,8,3,worst,kill,-1.00,0,30.000,1067,1,0.000517,0.004335,7.4333,0,110.50,120.50,85.10,0.0,100,2,0.00
cartpole,16,30,ttu-honest,v10,8,3,worst,kill,-1.00,0,30.000,1067,2,0.000515,0.004412,7.2667,0,105.50,120.50,95.10,0.0,100,2,0.00
cartpole,16,30,ttu-honest,v10,8,3,worst,kill,-1.00,0,30.000,1067,3,0.000510,0.004545,7.0667,0,110.50,120.50,95.10,0.0,100,2,0.00
cartpole,16,30,ttu-honest,v10,8,3,worst,kill,-1.00,0,30.000,1067,4,0.000522,0.004432,7.9000,0,110.50,130.50,90.10,0.0,100,2,0.00
cartpole,16,30,ttu-honest,v10,8,3,worst,kill,-1.00,0,30.000,1067,5,0.000515,0.004561,7.2667,0,110.50,110.50,90.10,0.0,100,2,0.00
cartpole,16,30,ttu-honest,v10,8,3,worst,kill,-1.00,0,30.000,1067,6,0.000529,0.004444,8.1000,0,110.50,130.50,90.10,0.0,100,2,0.00
cartpole,16,30,ttu-honest,v10,8,3,worst,kill,-1.00,0,30.000,1067,7,0.000521,0.004331,7.6333,0,110.50,130.50,100.10,0.0,100,2,0.00
cartpole,16,60,ttu-honest,v10,8,3,worst,kill,-1.00,0,30.000,1067,0,0.000504,0.004306,7.1333,0,105.50,120.50,80.10,0.0,100,2,0.00
cartpole,16,60,ttu-honest,v10,8,3,worst,kill,-1.00,0,30.000,1067,1,0.000517,0.004335,7.4333,0,110.50,120.50,85.10,0.0,100,2,0.00
cartpole,16,60,ttu-honest,v10,8,3,worst,kill,-1.00,0,30.000,1067,2,0.000515,0.004412,7.2667,0,105.50,120.50,95.10,0.0,100,2,0.00
cartpole,16,60,ttu-honest,v10,8,3,worst,kill,-1.00,0,30.000,1067,3,0.000510,0.004545,7.0667,0,110.50,120.50,95.10,0.0,100,2,0.00
cartpole,16,60,ttu-honest,v10,8,3,worst,kill,-1.00,0,30.000,1067,4,0.000522,0.004432,7.9000,0,110.50,130.50,90.10,0.0,100,2,0.00
cartpole,16,60,ttu-honest,v10,8,3,worst,kill,-1.00,0,30.000,1067,5,0.000515,0.004561,7.2667,0,110.50,110.50,90.10,0.0,100,2,0.00
cartpole,16,60,ttu-honest,v10,8,3,worst,kill,-1.00,0,30.000,1067,6,0.000529,0.004444,8.1000,0,110.50,130.50,90.10,0.0,100,2,0.00
cartpole,16,60,ttu-honest,v10,8,3,worst,kill,-1.00,0,30.000,1067,7,0.000521,0.004331,7.6333,0,110.50,130.50,100.10,0.0,100,2,0.00
cartpole,16,100,ttu-honest,v10,8,3,worst,kill,-1.00,0,30.000,1067,0,0.000504,0.004306,7.1333,0,105.50,120.50,80.10,0.0,100,2,0.00
cartpole,16,100,ttu-honest,v10,8,3,worst,kill,-1.00,0,30.000,1067,1,0.000517,0.004335,7.4333,0,110.50,120.50,85.10,0.0,100,2,0.00
cartpole,16,100,ttu-honest,v10,8,3,worst,kill,-1.00,0,30.000,1067,2,0.000515,0.004412,7.2667,0,105.50,120.50,95.10,0.0,100,2,0.00
cartpole,16,100,ttu-honest,v10,8,3,worst,kill,-1.00,0,30.000,1067,3,0.000510,0.004545,7.0667,0,110.50,120.50,95.10,0.0,100,2,0.00
cartpole,16,100,ttu-honest,v10,8,3,worst,kill,-1.00,0,30.000,1067,4,0.000522,0.004432,7.9000,0,110.50,130.50,90.10,0.0,100,2,0.00
cartpole,16,100,ttu-honest,v10,8,3,worst,kill,-1.00,0,30.000,1067,5,0.000515,0.004561,7.2667,0,110.50,110.50,90.10,0.0,100,2,0.00
cartpole,16,100,ttu-honest,v10,8,3,worst,kill,-1.00,0,30.000,1067,6,0.000529,0.004444,8.1000,0,110.50,130.50,90.10,0.0,100,2,0.00
cartpole,16,100,ttu-honest,v10,8,3,worst,kill,-1.00,0,30.000,1067,7,0.000521,0.004331,7.6333,0,110.50,130.50,100.10,0.0,100,2,0.00
