family,min_spacing_ms,scheduler,pred_margin_ms,vehicles,offset_seed,hard_z0,hard_z1,hard_z2,hard_z3,total_hard,clean,soft_z0,soft_z1,soft_z2,soft_z3,fleet_max_ey_m,ey_margin_m,age_path_ms,missed_E,missed_B,missed_F,missed_M,missed_jobs,profile,cores,exec,duration_s,git_sha
unspaced,0,frontier,100,12,201,0,0,0,0,0,1,1893,0,0,2999,0.3999,0.4001,365.5,27884,822,14151,2088,44945,10,3,worst,120,ef87ca8
unspaced,0,frontier,100,12,202,0,0,0,0,0,1,1947,0,21,3068,0.3996,0.4004,380.5,27886,829,13938,2253,44906,10,3,worst,120,ef87ca8
unspaced,0,frontier,100,12,203,0,0,0,0,0,1,1923,199,121,3085,0.5476,0.2524,380.5,28477,671,13681,2205,45034,10,3,worst,120,ef87ca8
unspaced,0,frontier,100,12,204,0,0,0,0,0,1,2075,194,235,3234,0.6325,0.1675,365.5,28284,734,13559,2197,44774,10,3,worst,120,ef87ca8
unspaced,0,frontier,100,12,205,0,0,0,0,0,1,1846,0,20,2773,0.4012,0.3988,380.5,28122,780,14046,2076,45024,10,3,worst,120,ef87ca8
unspaced,0,frontier,100,12,206,0,0,0,0,0,1,1893,164,0,2976,0.3805,0.4195,360.5,28291,710,13615,2379,44995,10,3,worst,120,ef87ca8
unspaced,0,frontier,100,12,207,0,0,0,0,0,1,1869,43,112,3007,0.413,0.387,380.5,28159,691,13959,2121,44930,10,3,worst,120,ef87ca8
unspaced,0,frontier,100,12,208,0,0,0,0,0,1,1989,175,302,3032,0.7555,0.0445,355.5,28361,723,13723,2190,44997,10,3,worst,120,ef87ca8
unspaced,0,frontier,100,12,209,0,0,0,0,0,1,1930,0,27,2891,0.391,0.409,380.5,28007,890,13699,2471,45067,10,3,worst,120,ef87ca8
unspaced,0,frontier,100,12,210,0,0,0,0,0,1,1938,0,0,2982,0.4007,0.3993,380.5,27374,1143,14374,2368,45259,10,3,worst,120,ef87ca8
unspaced,0,frontier,100,14,201,0,0,0,0,0,1,2531,236,114,3604,0.4784,0.3216,395.5,32842,5783,37708,6880,83213,10,3,worst,120,ef87ca8
unspaced,0,frontier,100,14,202,0,0,0,0,0,1,2493,17,83,3529,0.408,0.392,395.5,32795,5711,37930,6778,83214,10,3,worst,120,ef87ca8
unspaced,0,frontier,100,14,203,0,0,0,0,0,1,2517,211,321,3437,0.5728,0.2272,395.5,33118,5917,37572,7085,83692,10,3,worst,120,ef87ca8
unspaced,0,frontier,100,14,204,0,0,0,0,0,1,2553,209,286,3734,0.6476,0.1524,395.5,32687,6119,37995,7138,83939,10,3,worst,120,ef87ca8
unspaced,0,frontier,100,14,205,0,0,0,0,0,1,2511,29,172,3502,0.4095,0.3905,395.5,32770,5803,37893,6785,83251,10,3,worst,120,ef87ca8
unspaced,0,frontier,100,14,206,0,0,0,0,0,1,2646,284,8,3621,0.5921,0.2079,395.5,32926,6104,37595,7117,83742,10,3,worst,120,ef87ca8
unspaced,0,frontier,100,14,207,0,0,0,0,0,1,2438,38,260,3480,0.4657,0.3343,390.5,32840,5758,37893,6805,83296,10,3,worst,120,ef87ca8
unspaced,0,frontier,100,14,208,0,0,0,0,0,1,2591,192,360,3696,0.7574,0.0426,410.5,32656,5664,37943,6745,83008,10,3,worst,120,ef87ca8
unspaced,0,frontier,100,14,209,0,0,0,0,0,1,2483,163,306,3494,0.4384,0.3616,395.5,32751,5867,37807,6994,83419,10,3,worst,120,ef87ca8
unspaced,0,frontier,100,14,210,0,0,0,0,0,1,2503,23,317,3582,0.496,0.304,395.5,32372,5615,38069,6710,82766,10,3,worst,120,ef87ca8
unspaced,0,frontier,100,16,201,0,0,0,0,0,1,3147,283,288,4351,0.4887,0.3113,415.5,38862,10493,60761,11631,121747,10,3,worst,120,ef87ca8
unspaced,0,frontier,100,16,202,0,0,0,0,0,1,3468,27,119,4285,0.5544,0.2456,415.5,38982,10531,60659,11641,121813,10,3,worst,120,ef87ca8
unspaced,0,frontier,100,16,203,0,0,0,0,0,1,3266,254,428,4287,0.5728,0.2272,410.5,38925,10656,60639,11770,121990,10,3,worst,120,ef87ca8
unspaced,0,frontier,100,16,204,0,0,0,0,0,1,3562,218,314,4101,0.6477,0.1523,415.5,38489,10512,60940,11595,121536,10,3,worst,120,ef87ca8
unspaced,0,frontier,100,16,205,0,0,0,0,0,1,3586,72,134,4379,0.5387,0.2613,415.5,38674,10522,60704,11665,121565,10,3,worst,120,ef87ca8
unspaced,0,frontier,100,16,206,0,0,0,0,0,1,3905,403,180,4640,0.5784,0.2216,415.5,39012,10606,60538,11845,122001,10,3,worst,120,ef87ca8
unspaced,0,frontier,100,16,207,0,0,0,0,0,1,3576,61,610,4529,0.5812,0.2188,410.5,38911,10475,60649,11621,121656,10,3,worst,120,ef87ca8
unspaced,0,frontier,100,16,208,0,0,0,0,0,1,3264,185,338,4370,0.7574,0.0426,415.5,38905,10606,60742,11750,122003,10,3,worst,120,ef87ca8
unspaced,0,frontier,100,16,209,0,0,0,0,0,1,3405,139,341,4381,0.5409,0.2591,410.5,38954,10556,60754,11678,121942,10,3,worst,120,ef87ca8
unspaced,0,frontier,100,16,210,0,0,0,0,0,1,3107,172,754,4339,0.569,0.231,415.5,38610,10404,60813,11583,121410,10,3,worst,120,ef87ca8
unspaced,0,frontier,100,18,201,0,0,0,0,0,1,8472,894,1373,6290,0.7753,0.0247,415.5,51742,15067,80723,16383,163915,10,3,worst,120,ef87ca8
unspaced,0,frontier,100,18,202,0,0,0,0,0,1,9909,279,785,6926,0.7794,0.0206,415.5,50421,14145,81797,15472,161835,10,3,worst,120,ef87ca8
unspaced,0,frontier,100,18,203,0,0,0,40,40,0,10211,862,1448,6754,0.8794,-0.0794,415.5,51021,14522,81566,15810,162919,10,3,worst,120,ef87ca8
unspaced,0,frontier,100,18,204,0,0,0,12,12,0,8951,774,1324,6144,0.8075,-0.0075,900.5,52839,15152,80165,16548,164704,10,3,worst,120,ef87ca8
unspaced,0,frontier,100,18,205,0,0,0,0,0,1,9934,672,970,6426,0.7776,0.0224,590.5,50925,14285,81461,15567,162238,10,3,worst,120,ef87ca8
unspaced,0,frontier,100,18,206,0,0,0,0,0,1,9373,965,1073,6617,0.7572,0.0428,415.5,51449,14669,81143,15917,163178,10,3,worst,120,ef87ca8
unspaced,0,frontier,100,18,207,0,0,0,0,0,1,8891,721,1978,6377,0.7568,0.0432,415.5,53388,15771,79822,17183,166164,10,3,worst,120,ef87ca8
unspaced,0,frontier,100,18,208,0,0,0,0,0,1,9604,966,1764,6640,0.7634,0.0366,1800.5,52680,15173,80498,16437,164788,10,3,worst,120,ef87ca8
unspaced,0,frontier,100,18,209,0,0,0,0,0,1,10200,952,1648,6607,0.757,0.043,3235.5,50902,14386,81474,15626,162388,10,3,worst,120,ef87ca8
unspaced,0,frontier,100,18,210,0,0,0,0,0,1,9544,548,1834,6723,0.7597,0.0403,415.5,50891,14379,81244,15848,162362,10,3,worst,120,ef87ca8
unspaced,0,frontier,100,20,201,0,0,0,77,77,0,12022,6094,7553,6989,0.8966,-0.0966,670.5,68654,18736,99303,19776,206469,10,3,worst,120,ef87ca8
unspaced,0,frontier,100,20,202,0,0,0,0,0,1,10997,6114,8167,7099,0.7984,0.0016,610.5,68065,17806,99703,18971,204545,10,3,worst,120,ef87ca8
unspaced,0,frontier,100,20,203,38,0,0,13,51,0,11677,5649,7316,6856,0.8309,-0.0309,690.5,69073,18916,98873,20050,206912,10,3,worst,120,ef87ca8
unspaced,0,frontier,100,20,204,0,0,0,0,0,1,12016,6396,9328,7278,0.785,0.015,845.5,69606,19457,98798,20526,208387,10,3,worst,120,ef87ca8
unspaced,0,frontier,100,20,205,13,0,0,0,13,0,12899,6933,9416,7375,0.806,-0.006,985.5,68660,18980,99171,20073,206884,10,3,worst,120,ef87ca8
unspaced,0,frontier,100,20,206,0,7,0,0,7,0,11611,7980,9932,6885,0.8036,-0.0036,820.5,68352,18378,99546,19447,205723,10,3,worst,120,ef87ca8
unspaced,0,frontier,100,20,207,0,0,0,0,0,1,11067,5900,9062,6805,0.756,0.044,600.5,70733,20025,97807,21150,209715,10,3,worst,120,ef87ca8
unspaced,0,frontier,100,20,208,0,0,0,12,12,0,11950,7067,9794,7295,0.8072,-0.0072,585.5,68970,18971,98871,20109,206921,10,3,worst,120,ef87ca8
unspaced,0,frontier,100,20,209,0,0,0,0,0,1,11817,6331,8728,6571,0.7929,0.0071,3230.5,68696,18999,99193,20103,206991,10,3,worst,120,ef87ca8
unspaced,0,frontier,100,20,210,0,0,0,0,0,1,11301,6224,10891,6886,0.7121,0.0879,600.5,68446,18119,99563,19380,205508,10,3,worst,120,ef87ca8
unspaced,0,aguard,80,12,201,0,0,0,0,0,1,2133,73,9,3131,0.418,0.382,375.5,30113,20,12003,5968,48104,10,3,worst,120,ef87ca8
unspaced,0,aguard,80,12,202,0,0,0,0,0,1,2092,39,161,3203,0.4044,0.3956,375.5,30095,11,12067,5938,48111,10,3,worst,120,ef87ca8
unspaced,0,aguard,80,12,203,0,0,0,0,0,1,2132,79,211,3033,0.4907,0.3093,375.5,30115,17,11981,5949,48062,10,3,worst,120,ef87ca8
unspaced,0,aguard,80,12,204,0,0,0,0,0,1,2125,217,169,2924,0.5012,0.2988,375.5,30138,27,11974,5957,48096,10,3,worst,120,ef87ca8
unspaced,0,aguard,80,12,205,0,0,0,0,0,1,1999,14,180,3218,0.4435,0.3565,375.5,30104,15,11983,5970,48072,10,3,worst,120,ef87ca8
unspaced,0,aguard,80,12,206,0,0,0,0,0,1,2117,225,313,3127,0.4464,0.3536,375.5,30142,26,11990,5971,48129,10,3,worst,120,ef87ca8
unspaced,0,aguard,80,12,207,0,0,0,0,0,1,2058,85,87,3181,0.4155,0.3845,375.5,30097,21,11985,5973,48076,10,3,worst,120,ef87ca8
unspaced,0,aguard,80,12,208,0,0,0,0,0,1,2085,218,290,2997,0.4229,0.3771,375.5,30098,20,11993,5947,48058,10,3,worst,120,ef87ca8
unspaced,0,aguard,80,12,209,0,0,0,0,0,1,2100,26,87,3020,0.4302,0.3698,375.5,30137,37,11965,5966,48105,10,3,worst,120,ef87ca8
unspaced,0,aguard,80,12,210,0,0,0,0,0,1,2063,66,224,3333,0.4282,0.3718,375.5,30109,18,11997,5958,48082,10,3,worst,120,ef87ca8
unspaced,0,aguard,80,14,201,0,0,0,12,12,0,8624,744,1515,5931,0.8086,-0.0086,805.5,54087,11985,24009,17982,108063,10,3,worst,120,ef87ca8
unspaced,0,aguard,80,14,202,0,0,0,36,36,0,7945,365,1349,5495,0.8769,-0.0769,865.5,54099,11978,24016,17987,108080,10,3,worst,120,ef87ca8
unspaced,0,aguard,80,14,203,0,0,0,34,34,0,7292,273,669,5147,0.8354,-0.0354,800.5,54063,11986,24019,17991,108059,10,3,worst,120,ef87ca8
unspaced,0,aguard,80,14,204,0,0,0,98,98,0,7456,508,971,5572,0.8893,-0.0893,1075.5,54072,11985,24004,17999,108060,10,3,worst,120,ef87ca8
unspaced,0,aguard,80,14,205,0,0,0,0,0,1,7346,415,454,5165,0.7621,0.0379,885.5,54083,11986,23991,18003,108063,10,3,worst,120,ef87ca8
unspaced,0,aguard,80,14,206,5,0,0,85,90,0,7980,556,906,5364,0.9003,-0.1003,1075.5,54103,11995,23998,17992,108088,10,3,worst,120,ef87ca8
unspaced,0,aguard,80,14,207,0,0,0,0,0,1,7672,359,541,5449,0.7606,0.0394,1055.5,54089,11998,23988,17987,108062,10,3,worst,120,ef87ca8
unspaced,0,aguard,80,14,208,15,0,0,19,34,0,7997,429,917,5419,0.8198,-0.0198,880.5,54081,11987,24007,17986,108061,10,3,worst,120,ef87ca8
unspaced,0,aguard,80,14,209,0,0,0,0,0,1,8044,537,885,5262,0.7812,0.0188,790.5,54069,11999,24032,17969,108069,10,3,worst,120,ef87ca8
unspaced,0,aguard,80,14,210,0,0,0,0,0,1,8430,201,720,5523,0.7946,0.0054,820.5,54075,11987,23998,17993,108053,10,3,worst,120,ef87ca8
unspaced,0,aguard,80,16,201,0,0,0,27,27,0,36106,12566,27257,9604,0.847,-0.047,1650.5,78266,23987,35986,29974,168213,10,3,worst,120,ef87ca8
unspaced,0,aguard,80,16,202,0,0,0,0,0,1,37493,11977,24995,9274,0.7613,0.0387,1240.5,78235,23966,36017,29953,168171,10,3,worst,120,ef87ca8
unspaced,0,aguard,80,16,203,0,0,0,33,33,0,40823,12907,28517,9508,0.8632,-0.0632,1690.5,78241,23987,35987,29955,168170,10,3,worst,120,ef87ca8
unspaced,0,aguard,80,16,204,0,0,0,0,0,1,40545,12296,26525,9785,0.7608,0.0392,1535.5,78243,23997,35984,29962,168186,10,3,worst,120,ef87ca8
unspaced,0,aguard,80,16,205,0,0,0,0,0,1,39937,12394,28057,9968,0.7314,0.0686,1495.5,78279,23990,35973,29965,168207,10,3,worst,120,ef87ca8
unspaced,0,aguard,80,16,206,0,0,0,37,37,0,36497,12948,29422,10149,0.8685,-0.0685,1105.5,78229,23993,35974,29970,168166,10,3,worst,120,ef87ca8
unspaced,0,aguard,80,16,207,0,0,0,0,0,1,38519,9336,21442,9593,0.766,0.034,1475.5,78264,23993,35968,29964,168189,10,3,worst,120,ef87ca8
unspaced,0,aguard,80,16,208,0,0,0,0,0,1,35258,10870,22769,9239,0.7006,0.0994,1300.5,78209,23996,35996,29963,168164,10,3,worst,120,ef87ca8
unspaced,0,aguard,80,16,209,0,0,0,11,11,0,43169,12575,28330,10415,0.8077,-0.0077,3010.5,78237,23978,36010,29969,168194,10,3,worst,120,ef87ca8
unspaced,0,aguard,80,16,210,0,0,0,0,0,1,37202,12091,26472,9802,0.7873,0.0127,1580.5,78246,23988,35984,29981,168199,10,3,worst,120,ef87ca8
unspaced,0,aguard,80,18,201,0,0,0,0,0,1,56455,19786,44506,12049,0.759,0.041,1545.5,102599,35984,47908,41884,228375,10,3,worst,120,ef87ca8
unspaced,0,aguard,80,18,202,0,0,0,0,0,1,57645,18889,44648,12013,0.7583,0.0417,2310.5,102560,35973,47924,41889,228346,10,3,worst,120,ef87ca8
unspaced,0,aguard,80,18,203,0,0,0,0,0,1,60183,19468,43009,12719,0.7794,0.0206,1825.5,102681,35958,47890,41846,228375,10,3,worst,120,ef87ca8
unspaced,0,aguard,80,18,204,0,0,0,15,15,0,54730,17564,40548,12108,0.8136,-0.0136,1825.5,102560,35981,47916,41894,228351,10,3,worst,120,ef87ca8
unspaced,0,aguard,80,18,205,0,0,0,0,0,1,60879,20697,45268,12546,0.7508,0.0492,1835.5,102670,35977,47895,41850,228392,10,3,worst,120,ef87ca8
unspaced,0,aguard,80,18,206,0,0,0,0,0,1,55351,18888,43855,12189,0.7333,0.0667,2185.5,102517,35989,47916,41911,228333,10,3,worst,120,ef87ca8
unspaced,0,aguard,80,18,207,0,0,0,10,10,0,54159,16998,40224,11927,0.805,-0.005,2200.5,102526,35985,47917,41894,228322,10,3,worst,120,ef87ca8
unspaced,0,aguard,80,18,208,0,0,0,0,0,1,50548,17107,39750,11659,0.7277,0.0723,2560.5,102505,35987,47913,41872,228277,10,3,worst,120,ef87ca8
unspaced,0,aguard,80,18,209,0,0,0,0,0,1,57775,17920,43085,12256,0.7569,0.0431,3235.5,102544,35980,47944,41875,228343,10,3,worst,120,ef87ca8
unspaced,0,aguard,80,18,210,0,0,0,0,0,1,58729,20235,44801,12884,0.7368,0.0632,1960.5,102603,35976,47893,41862,228334,10,3,worst,120,ef87ca8
unspaced,0,aguard,80,20,201,19550,7474,17594,5371,49989,0,75669,26857,60237,15846,3461.9276,-3461.1276,5345.5,126750,47956,59861,53796,288363,10,3,worst,120,ef87ca8
unspaced,0,aguard,80,20,202,70828,25017,55344,14660,165849,0,93881,31682,71093,19269,144670309006.1907,-144670309005.3907,55599.9,126228,47961,59968,53945,288102,10,3,worst,120,ef87ca8
unspaced,0,aguard,80,20,203,66739,15439,35837,14594,132609,0,88635,27537,62473,19023,758059502.3399,-758059501.5399,4485.5,126352,47955,59938,53903,288148,10,3,worst,120,ef87ca8
unspaced,0,aguard,80,20,204,52399,15097,32742,10590,110828,0,85010,28516,62815,18132,60953134.5155,-60953133.7155,5120.5,126524,47950,59914,53863,288251,10,3,worst,120,ef87ca8
unspaced,0,aguard,80,20,205,60200,22097,48466,10084,140847,0,89447,30691,68073,18118,1046907878.9657,-1046907878.1657,4095.5,126366,47950,59963,53904,288183,10,3,worst,120,ef87ca8
unspaced,0,aguard,80,20,206,62454,25052,56258,12187,155951,0,90561,32289,71919,18699,20079755910.6899,-20079755909.8899,5200.5,126359,47954,59929,53896,288138,10,3,worst,120,ef87ca8
unspaced,0,aguard,80,20,207,41752,10041,24773,6709,83275,0,79798,24627,58338,16680,486713.0757,-486712.2757,5185.5,126523,47965,59903,53865,288256,10,3,worst,120,ef87ca8
unspaced,0,aguard,80,20,208,61154,20321,43796,11193,136464,0,87032,29507,66878,18483,2111955199.9151,-2111955199.1151,5965.5,126386,47972,59934,53880,288172,10,3,worst,120,ef87ca8
unspaced,0,aguard,80,20,209,25800,6654,14472,2522,49448,0,76116,24302,57726,15425,1198.2522,-1197.4522,3000.5,126683,47938,59899,53827,288347,10,3,worst,120,ef87ca8
unspaced,0,aguard,80,20,210,42263,15487,32369,8058,98177,0,83514,28532,64144,17454,6458088.7027,-6458087.9027,3985.5,126537,47969,59904,53863,288273,10,3,worst,120,ef87ca8
fspaced_s1000,1000,frontier,100,14,201,0,0,0,0,0,1,2560,45,184,3798,0.4298,0.3702,410.5,32937,5719,37662,6878,83196,10,3,worst,120,ef87ca8
fspaced_s1000,1000,frontier,100,14,202,0,0,0,0,0,1,2532,0,0,3429,0.4218,0.3782,395.5,33047,5739,37735,6770,83291,10,3,worst,120,ef87ca8
fspaced_s1000,1000,frontier,100,14,203,0,0,0,0,0,1,2468,29,65,3468,0.4119,0.3881,415.5,32665,5446,38082,6669,82862,10,3,worst,120,ef87ca8
fspaced_s1000,1000,frontier,100,14,204,0,0,0,0,0,1,2563,19,22,3632,0.4136,0.3864,415.5,32832,5633,37920,6703,83088,10,3,worst,120,ef87ca8
fspaced_s1000,1000,frontier,100,14,205,0,0,0,0,0,1,2548,0,0,3546,0.5542,0.2458,395.5,33001,5887,37778,6923,83589,10,3,worst,120,ef87ca8
fspaced_s1000,1000,frontier,100,14,206,0,0,0,0,0,1,2471,10,64,3639,0.4234,0.3766,410.5,32601,5898,38052,6944,83495,10,3,worst,120,ef87ca8
fspaced_s1000,1000,frontier,100,14,207,0,0,0,0,0,1,2490,82,325,3612,0.6115,0.1885,390.5,33273,5713,37343,6910,83239,10,3,worst,120,ef87ca8
fspaced_s1000,1000,frontier,100,14,208,0,0,0,0,0,1,2445,60,117,3376,0.398,0.402,395.5,32777,5801,37887,6871,83336,10,3,worst,120,ef87ca8
fspaced_s1000,1000,frontier,100,14,209,0,0,0,0,0,1,2584,56,178,3612,0.4284,0.3716,415.5,32646,5952,37758,7074,83430,10,3,worst,120,ef87ca8
fspaced_s1000,1000,frontier,100,14,210,0,0,0,0,0,1,2531,200,85,3688,0.4577,0.3423,395.5,32754,5744,37885,6892,83275,10,3,worst,120,ef87ca8
fspaced_s1000,1000,frontier,100,16,201,0,0,0,0,0,1,3079,26,205,4351,0.5465,0.2535,1710.5,39787,10979,60012,12127,122905,10,3,worst,120,ef87ca8
fspaced_s1000,1000,frontier,100,16,202,0,0,0,0,0,1,3539,4,10,4198,0.5157,0.2843,410.5,39267,10687,60368,11917,122239,10,3,worst,120,ef87ca8
fspaced_s1000,1000,frontier,100,16,203,0,0,0,0,0,1,3348,117,345,4334,0.5314,0.2686,415.5,38619,10593,60801,11696,121709,10,3,worst,120,ef87ca8
fspaced_s1000,1000,frontier,100,16,204,0,0,0,0,0,1,3460,6,84,4179,0.5523,0.2477,2060.5,40082,11263,59840,12357,123542,10,3,worst,120,ef87ca8
fspaced_s1000,1000,frontier,100,16,205,0,0,0,0,0,1,3112,23,49,4404,0.4934,0.3066,415.5,38955,10466,60771,11598,121790,10,3,worst,120,ef87ca8
fspaced_s1000,1000,frontier,100,16,206,0,0,0,0,0,1,3244,7,39,4139,0.5665,0.2335,410.5,39121,10654,60554,11703,122032,10,3,worst,120,ef87ca8
fspaced_s1000,1000,frontier,100,16,207,0,0,0,0,0,1,3373,302,627,4356,0.5502,0.2498,410.5,39482,10836,60253,11937,122508,10,3,worst,120,ef87ca8
fspaced_s1000,1000,frontier,100,16,208,0,0,0,0,0,1,3360,66,48,4470,0.4796,0.3204,415.5,38497,10523,60841,11701,121562,10,3,worst,120,ef87ca8
fspaced_s1000,1000,frontier,100,16,209,0,0,0,0,0,1,3144,78,204,4427,0.4947,0.3053,840.5,39904,10994,60027,12170,123095,10,3,worst,120,ef87ca8
fspaced_s1000,1000,frontier,100,16,210,0,0,0,0,0,1,3155,6,138,4323,0.4712,0.3288,760.5,38555,10432,60857,11483,121327,10,3,worst,120,ef87ca8
fspaced_s1000,1000,frontier,100,18,201,0,0,0,0,0,1,10054,135,746,6941,0.755,0.045,7310.5,52491,15093,80434,16506,164524,10,3,worst,120,ef87ca8
fspaced_s1000,1000,frontier,100,18,202,0,0,0,37,37,0,7683,342,346,5787,0.8883,-0.0883,415.5,52928,15856,80078,17162,166024,10,3,worst,120,ef87ca8
fspaced_s1000,1000,frontier,100,18,203,0,0,0,0,0,1,9553,577,1074,6726,0.7807,0.0193,415.5,52691,15593,80028,16985,165297,10,3,worst,120,ef87ca8
fspaced_s1000,1000,frontier,100,18,204,0,0,0,0,0,1,8876,770,1595,6243,0.7203,0.0797,2010.5,53557,15879,79523,17276,166235,10,3,worst,120,ef87ca8
fspaced_s1000,1000,frontier,100,18,205,0,0,0,0,0,1,7427,213,584,6577,0.7179,0.0821,415.5,52842,15835,79957,17202,165836,10,3,worst,120,ef87ca8
fspaced_s1000,1000,frontier,100,18,206,0,0,0,0,0,1,8619,117,184,6730,0.7803,0.0197,415.5,50964,14603,81345,16010,162922,10,3,worst,120,ef87ca8
fspaced_s1000,1000,frontier,100,18,207,0,0,0,0,0,1,8753,615,1571,6356,0.7764,0.0236,13500.5,54092,16422,79219,17740,167473,10,3,worst,120,ef87ca8
fspaced_s1000,1000,frontier,100,18,208,17,0,0,13,30,0,9767,343,722,6649,0.8118,-0.0118,410.5,51625,14518,81254,15880,163277,10,3,worst,120,ef87ca8
fspaced_s1000,1000,frontier,100,18,209,0,0,0,0,0,1,9051,690,1297,6507,0.7379,0.0621,10470.5,51700,15075,80843,16488,164106,10,3,worst,120,ef87ca8
fspaced_s1000,1000,frontier,100,18,210,0,0,0,0,0,1,8316,198,358,6516,0.7836,0.0164,720.5,51073,14535,81434,15813,162855,10,3,worst,120,ef87ca8
fspaced_s1000,1000,frontier,100,20,201,0,0,0,23,23,0,12096,5903,8760,7295,0.8302,-0.0302,570.5,70060,19536,98309,20770,208675,10,3,worst,120,ef87ca8
fspaced_s1000,1000,frontier,100,20,202,0,0,0,0,0,1,11305,6882,9089,7128,0.7468,0.0532,660.5,69801,19716,98353,20752,208622,10,3,worst,120,ef87ca8
fspaced_s1000,1000,frontier,100,20,203,0,0,0,0,0,1,11313,6570,9109,7219,0.7427,0.0573,545.5,69804,19515,98552,20623,208494,10,3,worst,120,ef87ca8
fspaced_s1000,1000,frontier,100,20,204,0,0,0,0,0,1,10201,6310,9229,6759,0.7504,0.0496,600.5,71313,20683,97220,21910,211126,10,3,worst,120,ef87ca8
fspaced_s1000,1000,frontier,100,20,205,0,0,0,44,44,0,10845,5983,7846,7352,0.9244,-0.1244,595.5,70141,19913,98070,21030,209154,10,3,worst,120,ef87ca8
fspaced_s1000,1000,frontier,100,20,206,0,0,0,0,0,1,10382,6234,8276,6996,0.7839,0.0161,610.5,70863,20503,97607,21724,210697,10,3,worst,120,ef87ca8
fspaced_s1000,1000,frontier,100,20,207,0,0,0,0,0,1,12437,5902,8676,7518,0.7843,0.0157,580.5,70516,20406,97728,21611,210261,10,3,worst,120,ef87ca8
fspaced_s1000,1000,frontier,100,20,208,0,0,0,0,0,1,12010,6385,9136,6893,0.7982,0.0018,660.5,69501,19711,98310,20902,208424,10,3,worst,120,ef87ca8
fspaced_s1000,1000,frontier,100,20,209,17,0,0,48,65,0,11983,5237,8610,7061,0.9237,-0.1237,600.5,70521,19886,97908,21043,209358,10,3,worst,120,ef87ca8
fspaced_s1000,1000,frontier,100,20,210,0,0,0,0,0,1,11569,5648,8518,7358,0.7825,0.0175,590.5,69963,19564,98324,20662,208513,10,3,worst,120,ef87ca8
fspaced_s1000,1000,frontier,100,22,201,0,6,158,0,164,0,14533,10241,13528,7963,1.2498,-0.4498,1000.5,89173,26456,113416,28077,257122,10,3,worst,120,ef87ca8
fspaced_s1000,1000,frontier,100,22,202,2,61,0,0,63,0,14352,11339,12726,7639,0.8516,-0.0516,1105.5,87727,25011,114533,26757,254028,10,3,worst,120,ef87ca8
fspaced_s1000,1000,frontier,100,22,203,0,0,0,0,0,1,14227,10005,12975,8674,0.7763,0.0237,855.5,88241,25374,114333,27130,255078,10,3,worst,120,ef87ca8
fspaced_s1000,1000,frontier,100,22,204,0,0,0,0,0,1,13682,9979,12103,7612,0.7565,0.0435,935.5,88476,26023,113790,27558,255847,10,3,worst,120,ef87ca8
fspaced_s1000,1000,frontier,100,22,205,0,16,129,0,145,0,13961,10991,12646,7972,1.1673,-0.3673,855.5,88092,25429,114347,27084,254952,10,3,worst,120,ef87ca8
fspaced_s1000,1000,frontier,100,22,206,0,28,0,0,28,0,12893,9906,13147,7446,0.8464,-0.0464,870.5,87718,25363,114412,27081,254574,10,3,worst,120,ef87ca8
fspaced_s1000,1000,frontier,100,22,207,0,0,72,0,72,0,13620,10538,12376,8290,1.1489,-0.3489,845.5,88610,26039,113928,27627,256204,10,3,worst,120,ef87ca8
fspaced_s1000,1000,frontier,100,22,208,4,503,213,0,720,0,13855,9910,13790,8020,1.6437,-0.8437,960.5,89759,27106,112809,28758,258432,10,3,worst,120,ef87ca8
fspaced_s1000,1000,frontier,100,22,209,0,91,148,0,239,0,14202,10168,13959,7619,1.3904,-0.5904,850.5,89195,26581,113459,28190,257425,10,3,worst,120,ef87ca8
fspaced_s1000,1000,frontier,100,22,210,0,8,0,0,8,0,13432,10410,12441,7662,0.8027,-0.0027,1080.5,88428,25691,114085,27392,255596,10,3,worst,120,ef87ca8
fspaced_s1000,1000,aguard,80,14,201,0,0,0,6,6,0,8071,319,704,5342,0.8026,-0.0026,805.5,54070,11999,23991,17993,108053,10,3,worst,120,ef87ca8
fspaced_s1000,1000,aguard,80,14,202,0,0,0,0,0,1,7178,476,635,4830,0.773,0.027,825.5,54063,11987,24043,17976,108069,10,3,worst,120,ef87ca8
fspaced_s1000,1000,aguard,80,14,203,0,0,0,0,0,1,8425,541,1369,5819,0.7903,0.0097,860.5,54089,11974,24030,17978,108071,10,3,worst,120,ef87ca8
fspaced_s1000,1000,aguard,80,14,204,0,0,0,0,0,1,7135,475,994,5402,0.7567,0.0433,795.5,54073,11987,24012,17980,108052,10,3,worst,120,ef87ca8
fspaced_s1000,1000,aguard,80,14,205,0,0,0,0,0,1,7373,326,704,5198,0.7868,0.0132,940.5,54079,12002,23990,17992,108063,10,3,worst,120,ef87ca8
fspaced_s1000,1000,aguard,80,14,206,37,0,0,38,75,0,8064,241,891,4991,0.8536,-0.0536,820.5,54046,11985,24031,17975,108037,10,3,worst,120,ef87ca8
fspaced_s1000,1000,aguard,80,14,207,0,0,0,22,22,0,6897,744,1400,5181,0.8238,-0.0238,1035.5,54078,11997,23989,17992,108056,10,3,worst,120,ef87ca8
fspaced_s1000,1000,aguard,80,14,208,0,0,0,0,0,1,8170,370,1120,5439,0.7671,0.0329,800.5,54084,12000,23993,17995,108072,10,3,worst,120,ef87ca8
fspaced_s1000,1000,aguard,80,14,209,0,0,0,16,16,0,8330,414,1074,5470,0.8147,-0.0147,970.5,54105,11991,23993,17986,108075,10,3,worst,120,ef87ca8
fspaced_s1000,1000,aguard,80,14,210,24,0,0,21,45,0,7090,251,553,5280,0.9074,-0.1074,1080.5,54071,11996,23994,17996,108057,10,3,worst,120,ef87ca8
fspaced_s1000,1000,aguard,80,16,201,0,0,0,0,0,1,31424,10062,21988,8792,0.7239,0.0761,1725.5,78215,23996,35977,29965,168153,10,3,worst,120,ef87ca8
fspaced_s1000,1000,aguard,80,16,202,0,0,0,54,54,0,33336,10274,24027,8894,0.8288,-0.0288,1530.5,78191,24002,36000,29949,168142,10,3,worst,120,ef87ca8
fspaced_s1000,1000,aguard,80,16,203,0,0,0,0,0,1,35152,12102,25241,8944,0.7133,0.0867,1630.5,78206,23991,35983,29971,168151,10,3,worst,120,ef87ca8
fspaced_s1000,1000,aguard,80,16,204,0,0,0,0,0,1,33335,10421,21202,8399,0.7216,0.0784,1805.5,78205,23994,35979,29963,168141,10,3,worst,120,ef87ca8
fspaced_s1000,1000,aguard,80,16,205,0,0,0,25,25,0,39561,12804,26964,9073,0.8267,-0.0267,1150.5,78232,23985,36010,29949,168176,10,3,worst,120,ef87ca8
fspaced_s1000,1000,aguard,80,16,206,0,0,0,0,0,1,35100,11407,25065,9174,0.7677,0.0323,1795.5,78179,23983,36009,29970,168141,10,3,worst,120,ef87ca8
fspaced_s1000,1000,aguard,80,16,207,0,0,0,20,20,0,32587,9954,21657,8342,0.8243,-0.0243,1825.5,78239,23994,35975,29968,168176,10,3,worst,120,ef87ca8
fspaced_s1000,1000,aguard,80,16,208,0,0,0,0,0,1,37252,12195,29416,9924,0.7814,0.0186,1600.5,78222,23996,35971,29964,168153,10,3,worst,120,ef87ca8
fspaced_s1000,1000,aguard,80,16,209,0,0,0,0,0,1,35324,10320,22495,9061,0.7683,0.0317,1410.5,78226,23993,35972,29974,168165,10,3,worst,120,ef87ca8
fspaced_s1000,1000,aguard,80,16,210,0,0,0,0,0,1,39877,12141,27587,8927,0.7477,0.0523,1105.5,78220,23994,35985,29953,168152,10,3,worst,120,ef87ca8
fspaced_s1000,1000,aguard,80,18,201,0,0,0,0,0,1,48713,17006,39459,11215,0.7881,0.0119,2600.5,102537,35978,47906,41905,228326,10,3,worst,120,ef87ca8
fspaced_s1000,1000,aguard,80,18,202,0,0,0,0,0,1,52393,17828,41490,11831,0.7391,0.0609,2500.5,102531,35986,47912,41889,228318,10,3,worst,120,ef87ca8
fspaced_s1000,1000,aguard,80,18,203,0,0,0,0,0,1,57592,19239,43600,11793,0.7633,0.0367,3005.5,102541,35975,47909,41901,228326,10,3,worst,120,ef87ca8
fspaced_s1000,1000,aguard,80,18,204,0,0,0,17,17,0,42752,15595,32938,10569,0.8141,-0.0141,2230.5,102400,35995,47924,41921,228240,10,3,worst,120,ef87ca8
fspaced_s1000,1000,aguard,80,18,205,0,0,0,0,0,1,50431,17387,40311,11591,0.7646,0.0354,1865.5,102529,35994,47912,41904,228339,10,3,worst,120,ef87ca8
fspaced_s1000,1000,aguard,80,18,206,0,0,0,0,0,1,55146,18804,43593,12520,0.7429,0.0571,2460.5,102579,35982,47908,41874,228343,10,3,worst,120,ef87ca8
fspaced_s1000,1000,aguard,80,18,207,0,0,0,4,4,0,50490,16922,37895,11703,0.8007,-0.0007,2100.5,102502,36000,47908,41902,228312,10,3,worst,120,ef87ca8
fspaced_s1000,1000,aguard,80,18,208,0,0,0,0,0,1,54324,19538,44329,12668,0.7709,0.0291,2085.5,102554,35989,47919,41895,228357,10,3,worst,120,ef87ca8
fspaced_s1000,1000,aguard,80,18,209,0,0,0,0,0,1,56568,18588,42729,11964,0.7576,0.0424,2165.5,102614,35971,47902,41879,228366,10,3,worst,120,ef87ca8
fspaced_s1000,1000,aguard,80,18,210,0,0,0,0,0,1,48570,17556,40152,11880,0.7372,0.0628,2350.5,102518,35980,47900,41899,228297,10,3,worst,120,ef87ca8
fspaced_s1000,1000,aguard,80,20,201,58159,20114,46806,11842,136921,0,85287,29084,66247,18575,397196206.3356,-397196205.5356,4710.5,126298,47965,59948,53913,288124,10,3,worst,120,ef87ca8
fspaced_s1000,1000,aguard,80,20,202,13945,6004,13220,3547,36716,0,73294,25646,57970,15798,529.4973,-528.6973,3250.5,126784,47953,59849,53789,288375,10,3,worst,120,ef87ca8
fspaced_s1000,1000,aguard,80,20,203,17217,7476,14765,3718,43176,0,72276,25790,57148,15797,1102.8785,-1102.0785,3920.5,126729,47963,59841,53793,288326,10,3,worst,120,ef87ca8
fspaced_s1000,1000,aguard,80,20,204,55151,20634,46214,12289,134288,0,81834,28960,65139,18170,656092205.1732,-656092204.3732,5075.5,126324,47970,59940,53909,288143,10,3,worst,120,ef87ca8
fspaced_s1000,1000,aguard,80,20,205,31427,13924,29625,7780,82756,0,74260,27354,61131,16773,289590.4064,-289589.6064,4575.5,126502,47964,59924,53886,288276,10,3,worst,120,ef87ca8
fspaced_s1000,1000,aguard,80,20,206,111,58,174,49,392,0,60937,21470,49032,14005,0.9856,-0.1856,2045.5,126740,47956,59881,53830,288407,10,3,worst,120,ef87ca8
fspaced_s1000,1000,aguard,80,20,207,0,55,0,41,96,0,64450,21647,49884,14468,0.9049,-0.1049,2565.5,126909,47973,59823,53758,288463,10,3,worst,120,ef87ca8
fspaced_s1000,1000,aguard,80,20,208,36666,12758,28268,7782,85474,0,77508,27726,61168,16862,124358.6739,-124357.8739,4405.5,126541,47946,59894,53847,288228,10,3,worst,120,ef87ca8
fspaced_s1000,1000,aguard,80,20,209,29545,8085,17333,5629,60592,0,74411,24803,57797,16297,24467.1006,-24466.3006,4325.5,126549,47956,59909,53854,288268,10,3,worst,120,ef87ca8
fspaced_s1000,1000,aguard,80,20,210,26240,8247,20101,8178,62766,0,71341,25090,58721,16911,10596.8609,-10596.0609,3420.5,126564,47944,59908,53867,288283,10,3,worst,120,ef87ca8
fspaced_s1000,1000,aguard,80,22,201,81516,27186,62932,16821,188455,0,98182,33429,76651,21161,6954641578976.985,-6954641578976.186,80884.9,150175,59981,71963,65943,348062,10,3,worst,120,ef87ca8
fspaced_s1000,1000,aguard,80,22,202,91447,31594,71087,17247,211375,0,103739,35556,80368,21931,1343645838963643.8,-1343645838963643.0,22964.9,150141,59985,71965,65953,348044,10,3,worst,120,ef87ca8
fspaced_s1000,1000,aguard,80,22,203,86369,27984,61848,17663,193864,0,102485,34498,77724,22062,82795735954937.22,-82795735954936.42,6720.5,150259,59964,71953,65924,348100,10,3,worst,120,ef87ca8
fspaced_s1000,1000,aguard,80,22,204,76395,26458,58108,16692,177653,0,96641,33728,74813,21366,1640592697305.3044,-1640592697304.5044,74664.9,150246,59977,71950,65928,348101,10,3,worst,120,ef87ca8
fspaced_s1000,1000,aguard,80,22,205,72684,28868,63073,14307,178932,0,96108,34071,76105,20368,379381924476.609,-379381924475.809,65784.9,150262,59996,71931,65921,348110,10,3,worst,120,ef87ca8
fspaced_s1000,1000,aguard,80,22,206,83469,30754,67775,16102,198100,0,100723,35492,79588,21428,73987085004787.64,-73987085004786.84,78739.9,150183,59976,71962,65942,348063,10,3,worst,120,ef87ca8
fspaced_s1000,1000,aguard,80,22,207,77353,26418,58281,15986,178038,0,97692,33927,75662,21221,3359515097470.57,-3359515097469.77,10984.9,150255,59973,71942,65913,348083,10,3,worst,120,ef87ca8
fspaced_s1000,1000,aguard,80,22,208,81273,25537,58012,16090,180912,0,96235,33168,74263,21128,47159701607090.13,-47159701607089.336,48479.9,150245,59956,71955,65930,348086,10,3,worst,120,ef87ca8
fspaced_s1000,1000,aguard,80,22,209,70036,20682,47190,15460,153368,0,93814,31627,72010,21142,108934372693.0563,-108934372692.2563,7005.5,150339,59962,71913,65901,348115,10,3,worst,120,ef87ca8
fspaced_s1000,1000,aguard,80,22,210,71394,27772,62778,16032,177976,0,90082,33837,76601,20894,6290757718821.418,-6290757718820.618,4980.5,150197,59989,71955,65933,348074,10,3,worst,120,ef87ca8
fspaced_s4000,4000,frontier,100,14,201,0,0,0,0,0,1,2489,0,62,3595,0.419,0.381,410.5,32692,5528,38015,6658,82893,10,3,worst,120,ef87ca8
fspaced_s4000,4000,frontier,100,14,202,0,0,0,0,0,1,2532,0,93,3587,0.4115,0.3885,395.5,32918,5448,37761,6539,82666,10,3,worst,120,ef87ca8
fspaced_s4000,4000,frontier,100,14,203,0,0,0,0,0,1,2506,28,161,3681,0.4178,0.3822,395.5,32564,5344,38054,6567,82529,10,3,worst,120,ef87ca8
fspaced_s4000,4000,frontier,100,14,204,0,0,0,0,0,1,2471,12,76,3489,0.4165,0.3835,395.5,32300,5416,38016,6562,82294,10,3,worst,120,ef87ca8
fspaced_s4000,4000,frontier,100,14,205,0,0,0,0,0,1,2454,0,54,3390,0.409,0.391,395.5,32696,5584,37844,6731,82855,10,3,worst,120,ef87ca8
fspaced_s4000,4000,frontier,100,14,206,0,0,0,0,0,1,2558,43,98,3636,0.4306,0.3694,710.5,33218,5573,37491,6705,82987,10,3,worst,120,ef87ca8
fspaced_s4000,4000,frontier,100,14,207,0,0,0,0,0,1,2435,8,110,3492,0.4075,0.3925,395.5,33204,5500,37521,6478,82703,10,3,worst,120,ef87ca8
fspaced_s4000,4000,frontier,100,14,208,0,0,0,0,0,1,2449,0,48,3357,0.4187,0.3813,410.5,32864,5648,37800,6796,83108,10,3,worst,120,ef87ca8
fspaced_s4000,4000,frontier,100,14,209,0,0,0,0,0,1,2490,128,257,3558,0.5026,0.2974,385.5,32830,5459,37735,6663,82687,10,3,worst,120,ef87ca8
fspaced_s4000,4000,frontier,100,14,210,0,0,0,0,0,1,2467,6,25,3592,0.4054,0.3946,390.5,32945,5398,37663,6387,82393,10,3,worst,120,ef87ca8
fspaced_s4000,4000,frontier,100,16,201,0,0,0,0,0,1,3002,141,289,4126,0.4568,0.3432,415.5,38383,10542,60964,11659,121548,10,3,worst,120,ef87ca8
fspaced_s4000,4000,frontier,100,16,202,0,0,0,0,0,1,3009,64,273,4157,0.4736,0.3264,410.5,38767,10519,60697,11721,121704,10,3,worst,120,ef87ca8
fspaced_s4000,4000,frontier,100,16,203,0,0,0,0,0,1,3273,271,120,4164,0.4586,0.3414,415.5,38416,10607,60981,11694,121698,10,3,worst,120,ef87ca8
fspaced_s4000,4000,frontier,100,16,204,0,0,0,0,0,1,3349,224,119,4392,0.4834,0.3166,410.5,38634,10628,60786,11795,121843,10,3,worst,120,ef87ca8
fspaced_s4000,4000,frontier,100,16,205,0,0,0,0,0,1,3086,3,176,3990,0.4575,0.3425,415.5,38475,10376,60962,11468,121281,10,3,worst,120,ef87ca8
fspaced_s4000,4000,frontier,100,16,206,0,0,0,0,0,1,3299,0,49,4396,0.5074,0.2926,415.5,38788,10686,60599,11873,121946,10,3,worst,120,ef87ca8
fspaced_s4000,4000,frontier,100,16,207,0,0,0,0,0,1,3194,105,123,4090,0.5642,0.2358,540.5,38904,10625,60673,11694,121896,10,3,worst,120,ef87ca8
fspaced_s4000,4000,frontier,100,16,208,0,0,0,0,0,1,3046,204,349,4187,0.5093,0.2907,410.5,38651,10548,60856,11683,121738,10,3,worst,120,ef87ca8
fspaced_s4000,4000,frontier,100,16,209,0,0,0,0,0,1,2929,270,323,4437,0.5219,0.2781,415.5,38500,10490,60868,11690,121548,10,3,worst,120,ef87ca8
fspaced_s4000,4000,frontier,100,16,210,0,0,0,0,0,1,3062,24,151,4223,0.4529,0.3471,415.5,39150,10636,60422,11770,121978,10,3,worst,120,ef87ca8
fspaced_s4000,4000,frontier,100,18,201,0,0,0,0,0,1,8440,231,565,6578,0.7281,0.0719,835.5,51257,14837,81015,16172,163281,10,3,worst,120,ef87ca8
fspaced_s4000,4000,frontier,100,18,202,0,0,0,0,0,1,8996,467,1369,6411,0.6979,0.1021,415.5,50994,14807,81150,16207,163158,10,3,worst,120,ef87ca8
fspaced_s4000,4000,frontier,100,18,203,0,0,0,0,0,1,9933,580,653,7084,0.7527,0.0473,415.5,50037,14059,81861,15474,161431,10,3,worst,120,ef87ca8
fspaced_s4000,4000,frontier,100,18,204,0,0,0,0,0,1,9427,521,819,6631,0.7316,0.0684,11980.5,51344,14707,81228,16013,163292,10,3,worst,120,ef87ca8
fspaced_s4000,4000,frontier,100,18,205,0,0,0,0,0,1,8006,671,1326,6677,0.7859,0.0141,415.5,52969,15852,79899,17262,165982,10,3,worst,120,ef87ca8
fspaced_s4000,4000,frontier,100,18,206,0,0,0,13,13,0,9098,739,1324,7109,0.8087,-0.0087,1240.5,52516,15605,80174,16999,165294,10,3,worst,120,ef87ca8
fspaced_s4000,4000,frontier,100,18,207,0,0,0,0,0,1,10746,317,586,6709,0.7954,0.0046,415.5,51274,14957,81011,16456,163698,10,3,worst,120,ef87ca8
fspaced_s4000,4000,frontier,100,18,208,0,0,0,0,0,1,9701,434,815,6752,0.7557,0.0443,2050.5,51064,14646,81273,15950,162933,10,3,worst,120,ef87ca8
fspaced_s4000,4000,frontier,100,18,209,0,0,0,0,0,1,9002,418,1223,6578,0.7262,0.0738,1860.5,52893,15943,79898,17374,166108,10,3,worst,120,ef87ca8
fspaced_s4000,4000,frontier,100,18,210,0,0,0,12,12,0,8208,451,1346,6415,0.8081,-0.0081,12210.5,52992,16003,79813,17403,166211,10,3,worst,120,ef87ca8
fspaced_s4000,4000,frontier,100,20,201,0,0,0,0,0,1,11144,5996,7552,7321,0.7706,0.0294,550.5,71629,20839,97072,22058,211598,10,3,worst,120,ef87ca8
fspaced_s4000,4000,frontier,100,20,202,0,0,0,0,0,1,11722,5550,8654,6854,0.7591,0.0409,590.5,69301,19304,98733,20514,207852,10,3,worst,120,ef87ca8
fspaced_s4000,4000,frontier,100,20,203,0,0,0,0,0,1,11271,5703,9385,7344,0.752,0.048,590.5,69835,19861,98202,21018,208916,10,3,worst,120,ef87ca8
fspaced_s4000,4000,frontier,100,20,204,0,0,0,0,0,1,11464,5929,8321,7000,0.7477,0.0523,590.5,69668,19425,98707,20567,208367,10,3,worst,120,ef87ca8
fspaced_s4000,4000,frontier,100,20,205,0,0,0,0,0,1,10517,6178,7976,7089,0.7114,0.0886,620.5,69407,19338,98773,20444,207962,10,3,worst,120,ef87ca8
fspaced_s4000,4000,frontier,100,20,206,0,0,0,0,0,1,10968,6066,8053,7213,0.7722,0.0278,595.5,69813,19656,98382,20839,208690,10,3,worst,120,ef87ca8
fspaced_s4000,4000,frontier,100,20,207,0,0,0,0,0,1,11064,6221,10206,6627,0.7432,0.0568,835.5,69785,19611,98370,20732,208498,10,3,worst,120,ef87ca8
fspaced_s4000,4000,frontier,100,20,208,0,0,0,0,0,1,13092,5897,8461,7100,0.7913,0.0087,590.5,70738,20166,97630,21273,209807,10,3,worst,120,ef87ca8
fspaced_s4000,4000,frontier,100,20,209,0,0,0,19,19,0,11869,5918,9723,7241,0.8217,-0.0217,560.5,69908,19837,98202,20998,208945,10,3,worst,120,ef87ca8
fspaced_s4000,4000,frontier,100,20,210,0,0,0,20,20,0,10992,5424,8645,6881,0.8254,-0.0254,580.5,69614,19474,98421,20679,208188,10,3,worst,120,ef87ca8
fspaced_s4000,4000,aguard,80,14,201,25,0,0,33,58,0,7832,352,708,5773,0.8661,-0.0661,830.5,54050,11984,24042,17968,108044,10,3,worst,120,ef87ca8
fspaced_s4000,4000,aguard,80,14,202,0,0,0,0,0,1,8230,349,800,5254,0.7636,0.0364,885.5,54055,11971,24011,17992,108029,10,3,worst,120,ef87ca8
fspaced_s4000,4000,aguard,80,14,203,0,0,0,15,15,0,6981,460,880,5083,0.8152,-0.0152,865.5,54078,11994,24012,17981,108065,10,3,worst,120,ef87ca8
fspaced_s4000,4000,aguard,80,14,204,0,0,0,44,44,0,8536,228,1337,5554,0.8672,-0.0672,819.9,54108,11990,24007,17976,108081,10,3,worst,120,ef87ca8
fspaced_s4000,4000,aguard,80,14,205,0,0,0,16,16,0,7036,453,681,5464,0.8179,-0.0179,800.5,54080,11995,24003,17981,108059,10,3,worst,120,ef87ca8
fspaced_s4000,4000,aguard,80,14,206,0,0,0,15,15,0,7999,80,940,5721,0.8149,-0.0149,820.5,54091,12009,24007,17970,108077,10,3,worst,120,ef87ca8
fspaced_s4000,4000,aguard,80,14,207,0,0,0,17,17,0,8749,340,1810,5883,0.8166,-0.0166,1310.5,54120,11984,23993,17997,108094,10,3,worst,120,ef87ca8
fspaced_s4000,4000,aguard,80,14,208,0,0,0,10,10,0,8359,361,641,5661,0.8087,-0.0087,1045.5,54088,11989,23994,17996,108067,10,3,worst,120,ef87ca8
fspaced_s4000,4000,aguard,80,14,209,0,0,0,0,0,1,7139,674,788,5071,0.7903,0.0097,820.5,54065,11997,23992,17991,108045,10,3,worst,120,ef87ca8
fspaced_s4000,4000,aguard,80,14,210,0,0,0,25,25,0,6993,353,1132,5173,0.8399,-0.0399,910.5,54069,11992,24020,17971,108052,10,3,worst,120,ef87ca8
fspaced_s4000,4000,aguard,80,16,201,0,0,0,0,0,1,38075,12339,28417,8671,0.795,0.005,1485.5,78235,23987,35998,29967,168187,10,3,worst,120,ef87ca8
fspaced_s4000,4000,aguard,80,16,202,0,0,0,0,0,1,41464,12254,28742,9404,0.7745,0.0255,1515.5,78264,23988,35986,29952,168190,10,3,worst,120,ef87ca8
fspaced_s4000,4000,aguard,80,16,203,0,0,0,0,0,1,39470,13014,26693,8871,0.7708,0.0292,1295.5,78282,23990,35994,29948,168214,10,3,worst,120,ef87ca8
fspaced_s4000,4000,aguard,80,16,204,0,0,0,15,15,0,34596,10614,20847,8774,0.8126,-0.0126,1205.5,78195,23999,35975,29967,168136,10,3,worst,120,ef87ca8
fspaced_s4000,4000,aguard,80,16,205,0,0,0,0,0,1,37105,11092,25201,9641,0.712,0.088,1650.5,78222,23977,35991,29981,168171,10,3,worst,120,ef87ca8
fspaced_s4000,4000,aguard,80,16,206,0,0,0,0,0,1,38886,11783,26064,9016,0.7353,0.0647,1420.5,78264,23982,35982,29965,168193,10,3,worst,120,ef87ca8
fspaced_s4000,4000,aguard,80,16,207,0,0,0,0,0,1,31588,9447,19095,8392,0.7674,0.0326,1445.5,78190,23998,35978,29981,168147,10,3,worst,120,ef87ca8
fspaced_s4000,4000,aguard,80,16,208,0,0,0,0,0,1,39708,12253,28098,9084,0.7627,0.0373,1720.5,78247,23982,35983,29974,168186,10,3,worst,120,ef87ca8
fspaced_s4000,4000,aguard,80,16,209,0,0,0,0,0,1,31822,8987,20532,8302,0.7543,0.0457,20440.5,78169,23998,35982,29978,168127,10,3,worst,120,ef87ca8
fspaced_s4000,4000,aguard,80,16,210,0,0,0,0,0,1,30232,9574,20525,8489,0.7997,0.0003,1355.5,78182,23992,35982,29974,168130,10,3,worst,120,ef87ca8
fspaced_s4000,4000,aguard,80,18,201,0,0,0,0,0,1,46359,16582,37117,10875,0.7804,0.0196,2570.5,102450,35977,47942,41917,228286,10,3,worst,120,ef87ca8
fspaced_s4000,4000,aguard,80,18,202,0,0,0,0,0,1,54899,17961,42548,11786,0.7952,0.0048,1845.5,102508,35984,47934,41900,228326,10,3,worst,120,ef87ca8
fspaced_s4000,4000,aguard,80,18,203,0,0,0,0,0,1,53754,18312,42023,12103,0.7262,0.0738,2185.5,102537,35979,47936,41875,228327,10,3,worst,120,ef87ca8
fspaced_s4000,4000,aguard,80,18,204,0,0,0,0,0,1,48112,16421,37760,11474,0.7309,0.0691,2940.5,102451,35978,47947,41895,228271,10,3,worst,120,ef87ca8
fspaced_s4000,4000,aguard,80,18,205,0,0,0,0,0,1,49787,17014,38958,11669,0.7231,0.0769,1880.5,102528,35983,47900,41891,228302,10,3,worst,120,ef87ca8
fspaced_s4000,4000,aguard,80,18,206,0,0,0,0,0,1,52347,17607,40715,11616,0.7444,0.0556,2345.5,102528,35971,47915,41880,228294,10,3,worst,120,ef87ca8
fspaced_s4000,4000,aguard,80,18,207,0,0,0,0,0,1,52096,16755,40800,12223,0.7783,0.0217,2100.5,102486,35985,47925,41912,228308,10,3,worst,120,ef87ca8
fspaced_s4000,4000,aguard,80,18,208,0,0,0,0,0,1,55411,19031,43343,12016,0.7522,0.0478,2240.5,102499,35988,47930,41878,228295,10,3,worst,120,ef87ca8
fspaced_s4000,4000,aguard,80,18,209,8,0,0,15,23,0,53290,17562,40021,12410,0.8131,-0.0131,2095.5,102576,35980,47889,41868,228313,10,3,worst,120,ef87ca8
fspaced_s4000,4000,aguard,80,18,210,0,0,0,0,0,1,48147,15549,37550,11253,0.7795,0.0205,3085.5,102458,35986,47906,41904,228254,10,3,worst,120,ef87ca8
fspaced_s4000,4000,aguard,80,20,201,53983,18426,41166,11619,125194,0,81667,28572,63944,18113,404436346.3448,-404436345.5448,12884.9,126284,47971,59951,53903,288109,10,3,worst,120,ef87ca8
fspaced_s4000,4000,aguard,80,20,202,49010,15187,34824,9837,108858,0,82325,27964,64014,17182,3680135.0867,-3680134.2867,5175.5,126454,47958,59919,53864,288195,10,3,worst,120,ef87ca8
fspaced_s4000,4000,aguard,80,20,203,29579,9904,21962,6449,67894,0,76654,26558,59400,16671,51266.2282,-51265.4282,4105.5,126634,47962,59883,53819,288298,10,3,worst,120,ef87ca8
fspaced_s4000,4000,aguard,80,20,204,0,0,0,0,0,1,61065,21046,49977,14541,0.7899,0.0101,2660.5,126775,47959,59868,53798,288400,10,3,worst,120,ef87ca8
fspaced_s4000,4000,aguard,80,20,205,54332,19122,41643,10877,125974,0,84409,29349,65068,18216,263364217.8114,-263364217.0114,6625.5,126367,47971,59948,53890,288176,10,3,worst,120,ef87ca8
fspaced_s4000,4000,aguard,80,20,206,53784,17600,39174,10664,121222,0,83568,28664,63779,17858,143342894.0209,-143342893.2209,4880.5,126355,47963,59937,53903,288158,10,3,worst,120,ef87ca8
fspaced_s4000,4000,aguard,80,20,207,52505,18470,40894,10442,122311,0,83007,28220,64843,17934,326948646.7711,-326948645.9711,6225.5,126313,47968,59954,53912,288147,10,3,worst,120,ef87ca8
fspaced_s4000,4000,aguard,80,20,208,25031,7244,15586,5398,53259,0,74318,23528,54824,16346,4726.3875,-4725.5875,4705.5,126645,47940,59880,53827,288292,10,3,worst,120,ef87ca8
fspaced_s4000,4000,aguard,80,20,209,51682,18583,41029,9939,121233,0,81104,28449,63608,17746,99785504.7192,-99785503.9192,5364.9,126355,47975,59934,53903,288167,10,3,worst,120,ef87ca8
fspaced_s4000,4000,aguard,80,20,210,31379,9921,22114,6740,70154,0,76916,25986,60445,16714,53613.6733,-53612.8733,3305.5,126617,47947,59893,53812,288269,10,3,worst,120,ef87ca8
