profile,zone,zone_name,eps_per_m,total_hard,z0_hard,z1_hard,z2_hard,z3_hard,fleet_max_ey_m,target_zone_max_ey_m,age_path_ms,missed_E,missed_B,missed_F,missed_M,scheduler,vehicles,cores,exec,duration_s,decimation_ms,git_sha
10,-1,baseline,0.0,0,0,0,0,0,0.3381,0.3381,90.5,0,0,0,0,rm,1,3,worst,120,10,ef87ca8
10,0,straight,0.02,0,0,0,0,0,0.3741,0.2999,90.5,0,0,0,0,rm,1,3,worst,120,10,ef87ca8
10,0,straight,-0.02,0,0,0,0,0,0.3413,0.3413,90.5,0,0,0,0,rm,1,3,worst,120,10,ef87ca8
10,0,straight,0.03,0,0,0,0,0,0.3932,0.32,90.5,0,0,0,0,rm,1,3,worst,120,10,ef87ca8
10,0,straight,-0.03,0,0,0,0,0,0.3687,0.3687,90.5,0,0,0,0,rm,1,3,worst,120,10,ef87ca8
10,0,straight,0.04,0,0,0,0,0,0.4127,0.3404,90.5,0,0,0,0,rm,1,3,worst,120,10,ef87ca8
10,0,straight,-0.04,0,0,0,0,0,0.3961,0.3961,90.5,0,0,0,0,rm,1,3,worst,120,10,ef87ca8
10,0,straight,0.05,0,0,0,0,0,0.4324,0.3674,90.5,0,0,0,0,rm,1,3,worst,120,10,ef87ca8
10,0,straight,-0.05,0,0,0,0,0,0.4236,0.4236,90.5,0,0,0,0,rm,1,3,worst,120,10,ef87ca8
10,0,straight,0.06,0,0,0,0,0,0.4524,0.4256,90.5,0,0,0,0,rm,1,3,worst,120,10,ef87ca8
10,0,straight,-0.06,0,0,0,0,0,0.451,0.451,90.5,0,0,0,0,rm,1,3,worst,120,10,ef87ca8
10,0,straight,0.08,0,0,0,0,0,0.5424,0.5424,90.5,0,0,0,0,rm,1,3,worst,120,10,ef87ca8
10,0,straight,-0.08,0,0,0,0,0,0.5298,0.5058,90.5,0,0,0,0,rm,1,3,worst,120,10,ef87ca8
10,0,straight,0.1,0,0,0,0,0,0.6595,0.6595,90.5,0,0,0,0,rm,1,3,worst,120,10,ef87ca8
10,0,straight,-0.1,0,0,0,0,0,0.6561,0.5912,90.5,0,0,0,0,rm,1,3,worst,120,10,ef87ca8
10,0,straight,0.12,0,0,0,0,0,0.7766,0.7766,90.5,0,0,0,0,rm,1,3,worst,120,10,ef87ca8
10,0,straight,-0.12,0,0,0,0,0,0.7825,0.7066,90.5,0,0,0,0,rm,1,3,worst,120,10,ef87ca8
10,0,straight,0.16,133,76,57,0,0,1.011,1.011,90.5,0,0,0,0,rm,1,3,worst,120,10,ef87ca8
10,0,straight,-0.16,126,62,64,0,0,1.0353,0.9375,90.5,0,0,0,0,rm,1,3,worst,120,10,ef87ca8
10,0,straight,0.2,221,116,85,0,20,1.2455,1.2455,90.5,0,0,0,0,rm,1,3,worst,120,10,ef87ca8
10,0,straight,-0.2,251,122,92,0,37,1.2882,1.1684,90.5,0,0,0,0,rm,1,3,worst,120,10,ef87ca8
10,0,straight,0.25,473,212,135,45,81,1.558,1.5388,90.5,0,0,0,0,rm,1,3,worst,120,10,ef87ca8
10,0,straight,-0.25,494,221,147,40,86,1.6043,1.4571,90.5,0,0,0,0,rm,1,3,worst,120,10,ef87ca8
10,0,straight,0.3,761,309,203,105,144,1.8741,1.8321,90.5,0,0,0,0,rm,1,3,worst,120,10,ef87ca8
10,0,straight,-0.3,758,323,172,105,158,1.9205,1.7458,90.5,0,0,0,0,rm,1,3,worst,120,10,ef87ca8
10,1,slight-turn,0.02,0,0,0,0,0,0.338,0.1608,90.5,0,0,0,0,rm,1,3,worst,120,10,ef87ca8
10,1,slight-turn,-0.02,0,0,0,0,0,0.3382,0.1816,90.5,0,0,0,0,rm,1,3,worst,120,10,ef87ca8
10,1,slight-turn,0.03,0,0,0,0,0,0.3379,0.227,90.5,0,0,0,0,rm,1,3,worst,120,10,ef87ca8
10,1,slight-turn,-0.03,0,0,0,0,0,0.3382,0.2355,90.5,0,0,0,0,rm,1,3,worst,120,10,ef87ca8
10,1,slight-turn,0.04,0,0,0,0,0,0.3379,0.2937,90.5,0,0,0,0,rm,1,3,worst,120,10,ef87ca8
10,1,slight-turn,-0.04,0,0,0,0,0,0.3383,0.2901,90.5,0,0,0,0,rm,1,3,worst,120,10,ef87ca8
10,1,slight-turn,0.05,0,0,0,0,0,0.4107,0.3606,90.5,0,0,0,0,rm,1,3,worst,120,10,ef87ca8
10,1,slight-turn,-0.05,0,0,0,0,0,0.3826,0.345,90.5,0,0,0,0,rm,1,3,worst,120,10,ef87ca8
10,1,slight-turn,0.06,0,0,0,0,0,0.4896,0.4277,90.5,0,0,0,0,rm,1,3,worst,120,10,ef87ca8
10,1,slight-turn,-0.06,0,0,0,0,0,0.4592,0.4002,90.5,0,0,0,0,rm,1,3,worst,120,10,ef87ca8
10,1,slight-turn,0.08,0,0,0,0,0,0.6474,0.562,90.5,0,0,0,0,rm,1,3,worst,120,10,ef87ca8
10,1,slight-turn,-0.08,0,0,0,0,0,0.6171,0.5159,90.5,0,0,0,0,rm,1,3,worst,120,10,ef87ca8
10,1,slight-turn,0.1,5,5,0,0,0,0.8053,0.6964,90.5,0,0,0,0,rm,1,3,worst,120,10,ef87ca8
10,1,slight-turn,-0.1,0,0,0,0,0,0.775,0.6503,90.5,0,0,0,0,rm,1,3,worst,120,10,ef87ca8
10,1,slight-turn,0.12,41,27,14,0,0,0.9633,0.8309,90.5,0,0,0,0,rm,1,3,worst,120,10,ef87ca8
10,1,slight-turn,-0.12,38,25,0,13,0,0.9329,0.7848,90.5,0,0,0,0,rm,1,3,worst,120,10,ef87ca8
10,1,slight-turn,0.16,210,74,84,52,0,1.2792,1.0998,90.5,0,0,0,0,rm,1,3,worst,120,10,ef87ca8
10,1,slight-turn,-0.16,255,76,106,73,0,1.2488,1.0538,90.5,0,0,0,0,rm,1,3,worst,120,10,ef87ca8
10,1,slight-turn,0.2,438,122,187,129,0,1.5951,1.3689,90.5,0,0,0,0,rm,1,3,worst,120,10,ef87ca8
10,1,slight-turn,-0.2,465,118,190,157,0,1.5647,1.3228,90.5,0,0,0,0,rm,1,3,worst,120,10,ef87ca8
10,1,slight-turn,0.25,818,255,350,213,0,1.99,1.7052,90.5,0,0,0,0,rm,1,3,worst,120,10,ef87ca8
10,1,slight-turn,-0.25,851,271,342,238,0,1.9596,1.6591,90.5,0,0,0,0,rm,1,3,worst,120,10,ef87ca8
10,1,slight-turn,0.3,1063,306,445,312,0,2.3849,2.0415,90.5,0,0,0,0,rm,1,3,worst,120,10,ef87ca8
10,1,slight-turn,-0.3,1073,309,448,316,0,2.3545,1.9955,90.5,0,0,0,0,rm,1,3,worst,120,10,ef87ca8
10,2,sharp-turn,0.02,0,0,0,0,0,0.338,0.1583,90.5,0,0,0,0,rm,1,3,worst,120,10,ef87ca8
10,2,sharp-turn,-0.02,0,0,0,0,0,0.3382,0.1206,90.5,0,0,0,0,rm,1,3,worst,120,10,ef87ca8
10,2,sharp-turn,0.03,0,0,0,0,0,0.3379,0.2035,90.5,0,0,0,0,rm,1,3,worst,120,10,ef87ca8
10,2,sharp-turn,-0.03,0,0,0,0,0,0.3382,0.1539,90.5,0,0,0,0,rm,1,3,worst,120,10,ef87ca8
10,2,sharp-turn,0.04,0,0,0,0,0,0.3378,0.2488,90.5,0,0,0,0,rm,1,3,worst,120,10,ef87ca8
10,2,sharp-turn,-0.04,0,0,0,0,0,0.3383,0.1873,90.5,0,0,0,0,rm,1,3,worst,120,10,ef87ca8
10,2,sharp-turn,0.05,0,0,0,0,0,0.3378,0.294,90.5,0,0,0,0,rm,1,3,worst,120,10,ef87ca8
10,2,sharp-turn,-0.05,0,0,0,0,0,0.3384,0.2207,90.5,0,0,0,0,rm,1,3,worst,120,10,ef87ca8
10,2,sharp-turn,0.06,0,0,0,0,0,0.3393,0.3393,90.5,0,0,0,0,rm,1,3,worst,120,10,ef87ca8
10,2,sharp-turn,-0.06,0,0,0,0,0,0.3384,0.2627,90.5,0,0,0,0,rm,1,3,worst,120,10,ef87ca8
10,2,sharp-turn,0.08,0,0,0,0,0,0.4297,0.4297,90.5,0,0,0,0,rm,1,3,worst,120,10,ef87ca8
10,2,sharp-turn,-0.08,0,0,0,0,0,0.3981,0.3615,90.5,0,0,0,0,rm,1,3,worst,120,10,ef87ca8
10,2,sharp-turn,0.1,0,0,0,0,0,0.5282,0.5282,90.5,0,0,0,0,rm,1,3,worst,120,10,ef87ca8
10,2,sharp-turn,-0.1,0,0,0,0,0,0.4781,0.4604,90.5,0,0,0,0,rm,1,3,worst,120,10,ef87ca8
10,2,sharp-turn,0.12,0,0,0,0,0,0.6271,0.6271,90.5,0,0,0,0,rm,1,3,worst,120,10,ef87ca8
10,2,sharp-turn,-0.12,0,0,0,0,0,0.5592,0.5592,90.5,0,0,0,0,rm,1,3,worst,120,10,ef87ca8
10,2,sharp-turn,0.16,11,0,0,11,0,0.8248,0.8248,90.5,0,0,0,0,rm,1,3,worst,120,10,ef87ca8
10,2,sharp-turn,-0.16,0,0,0,0,0,0.757,0.757,90.5,0,0,0,0,rm,1,3,worst,120,10,ef87ca8
10,2,sharp-turn,0.2,77,0,15,62,0,1.0225,1.0225,90.5,0,0,0,0,rm,1,3,worst,120,10,ef87ca8
10,2,sharp-turn,-0.2,60,0,20,40,0,0.9547,0.9547,90.5,0,0,0,0,rm,1,3,worst,120,10,ef87ca8
10,2,sharp-turn,0.25,202,0,110,92,0,1.2697,1.2697,90.5,0,0,0,0,rm,1,3,worst,120,10,ef87ca8
10,2,sharp-turn,-0.25,189,0,83,106,0,1.2018,1.2018,90.5,0,0,0,0,rm,1,3,worst,120,10,ef87ca8
10,2,sharp-turn,0.3,362,0,173,189,0,1.5168,1.5168,90.5,0,0,0,0,rm,1,3,worst,120,10,ef87ca8
10,2,sharp-turn,-0.3,337,0,165,172,0,1.449,1.449,90.5,0,0,0,0,rm,1,3,worst,120,10,ef87ca8
10,3,lane-change,0.02,0,0,0,0,0,0.3421,0.308,90.5,0,0,0,0,rm,1,3,worst,120,10,ef87ca8
10,3,lane-change,-0.02,0,0,0,0,0,0.3736,0.3736,90.5,0,0,0,0,rm,1,3,worst,120,10,ef87ca8
10,3,lane-change,0.03,0,0,0,0,0,0.3699,0.3154,90.5,0,0,0,0,rm,1,3,worst,120,10,ef87ca8
10,3,lane-change,-0.03,0,0,0,0,0,0.3924,0.3924,90.5,0,0,0,0,rm,1,3,worst,120,10,ef87ca8
10,3,lane-change,0.04,0,0,0,0,0,0.3977,0.3367,90.5,0,0,0,0,rm,1,3,worst,120,10,ef87ca8
10,3,lane-change,-0.04,0,0,0,0,0,0.4116,0.4116,90.5,0,0,0,0,rm,1,3,worst,120,10,ef87ca8
10,3,lane-change,0.05,0,0,0,0,0,0.4255,0.3579,90.5,0,0,0,0,rm,1,3,worst,120,10,ef87ca8
10,3,lane-change,-0.05,0,0,0,0,0,0.4311,0.4311,90.5,0,0,0,0,rm,1,3,worst,120,10,ef87ca8
10,3,lane-change,0.06,0,0,0,0,0,0.4534,0.3792,90.5,0,0,0,0,rm,1,3,worst,120,10,ef87ca8
10,3,lane-change,-0.06,0,0,0,0,0,0.4507,0.4507,90.5,0,0,0,0,rm,1,3,worst,120,10,ef87ca8
10,3,lane-change,0.08,0,0,0,0,0,0.509,0.4217,90.5,0,0,0,0,rm,1,3,worst,120,10,ef87ca8
10,3,lane-change,-0.08,0,0,0,0,0,0.4903,0.4903,90.5,0,0,0,0,rm,1,3,worst,120,10,ef87ca8
10,3,lane-change,0.1,0,0,0,0,0,0.5647,0.5018,90.5,0,0,0,0,rm,1,3,worst,120,10,ef87ca8
10,3,lane-change,-0.1,0,0,0,0,0,0.5302,0.5302,90.5,0,0,0,0,rm,1,3,worst,120,10,ef87ca8
10,3,lane-change,0.12,0,0,0,0,0,0.6203,0.5924,90.5,0,0,0,0,rm,1,3,worst,120,10,ef87ca8
10,3,lane-change,-0.12,0,0,0,0,0,0.5703,0.5703,90.5,0,0,0,0,rm,1,3,worst,120,10,ef87ca8
10,3,lane-change,0.16,0,0,0,0,0,0.7739,0.7739,90.5,0,0,0,0,rm,1,3,worst,120,10,ef87ca8
10,3,lane-change,-0.16,0,0,0,0,0,0.6882,0.6882,90.5,0,0,0,0,rm,1,3,worst,120,10,ef87ca8
10,3,lane-change,0.2,43,15,0,0,28,0.9557,0.9557,90.5,0,0,0,0,rm,1,3,worst,120,10,ef87ca8
10,3,lane-change,-0.2,18,0,0,0,18,0.8701,0.8701,90.5,0,0,0,0,rm,1,3,worst,120,10,ef87ca8
10,3,lane-change,0.25,117,28,0,27,62,1.1832,1.1832,90.5,0,0,0,0,rm,1,3,worst,120,10,ef87ca8
10,3,lane-change,-0.25,113,5,0,29,79,1.0976,1.0976,90.5,0,0,0,0,rm,1,3,worst,120,10,ef87ca8
10,3,lane-change,0.3,230,50,0,38,142,1.4108,1.4108,90.5,0,0,0,0,rm,1,3,worst,120,10,ef87ca8
10,3,lane-change,-0.3,204,25,0,40,139,1.3252,1.3252,90.5,0,0,0,0,rm,1,3,worst,120,10,ef87ca8
12.5,-1,baseline,0.0,0,0,0,0,0,0.4397,0.4397,90.5,0,0,0,0,rm,1,3,worst,95,10,ef87ca8
12.5,0,straight,0.02,0,0,0,0,0,0.3973,0.3322,90.5,0,0,0,0,rm,1,3,worst,95,10,ef87ca8
12.5,0,straight,-0.02,0,0,0,0,0,0.4929,0.2926,90.5,0,0,0,0,rm,1,3,worst,95,10,ef87ca8
12.5,0,straight,0.03,0,0,0,0,0,0.3862,0.3724,90.5,0,0,0,0,rm,1,3,worst,95,10,ef87ca8
12.5,0,straight,-0.03,0,0,0,0,0,0.5256,0.3248,90.5,0,0,0,0,rm,1,3,worst,95,10,ef87ca8
12.5,0,straight,0.04,0,0,0,0,0,0.4716,0.4716,90.5,0,0,0,0,rm,1,3,worst,95,10,ef87ca8
12.5,0,straight,-0.04,0,0,0,0,0,0.5814,0.4225,90.5,0,0,0,0,rm,1,3,worst,95,10,ef87ca8
12.5,0,straight,0.05,0,0,0,0,0,0.5711,0.5711,90.5,0,0,0,0,rm,1,3,worst,95,10,ef87ca8
12.5,0,straight,-0.05,0,0,0,0,0,0.654,0.5205,90.5,0,0,0,0,rm,1,3,worst,95,10,ef87ca8
12.5,0,straight,0.06,0,0,0,0,0,0.6707,0.6707,90.5,0,0,0,0,rm,1,3,worst,95,10,ef87ca8
12.5,0,straight,-0.06,0,0,0,0,0,0.728,0.6186,90.5,0,0,0,0,rm,1,3,worst,95,10,ef87ca8
12.5,0,straight,0.08,23,19,4,0,0,0.8702,0.8702,90.5,0,0,0,0,rm,1,3,worst,95,10,ef87ca8
12.5,0,straight,-0.08,41,9,15,0,17,0.8787,0.8151,90.5,0,0,0,0,rm,1,3,worst,95,10,ef87ca8
12.5,0,straight,0.1,110,81,29,0,0,1.0698,1.0698,90.5,0,0,0,0,rm,1,3,worst,95,10,ef87ca8
12.5,0,straight,-0.1,172,61,45,0,66,1.0501,1.0118,90.5,0,0,0,0,rm,1,3,worst,95,10,ef87ca8
12.5,0,straight,0.12,231,132,76,16,7,1.2695,1.2695,90.5,0,0,0,0,rm,1,3,worst,95,10,ef87ca8
12.5,0,straight,-0.12,277,104,75,0,98,1.256,1.2085,90.5,0,0,0,0,rm,1,3,worst,95,10,ef87ca8
12.5,0,straight,0.16,514,270,147,27,70,1.6689,1.6689,90.5,0,0,0,0,rm,1,3,worst,95,10,ef87ca8
12.5,0,straight,-0.16,609,293,150,21,145,1.6678,1.6021,90.5,0,0,0,0,rm,1,3,worst,95,10,ef87ca8
12.5,0,straight,0.2,834,411,189,65,169,2.0685,2.0685,90.5,0,0,0,0,rm,1,3,worst,95,10,ef87ca8
12.5,0,straight,-0.2,870,451,191,28,200,2.0797,1.9958,90.5,0,0,0,0,rm,1,3,worst,95,10,ef87ca8
12.5,0,straight,0.25,1201,562,231,136,272,2.568,2.568,90.5,0,0,0,0,rm,1,3,worst,95,10,ef87ca8
12.5,0,straight,-0.25,1222,590,231,131,270,2.5945,2.4879,90.5,0,0,0,0,rm,1,3,worst,95,10,ef87ca8
12.5,0,straight,0.3,1497,686,271,206,334,3.0688,3.0675,90.5,0,0,0,0,rm,1,3,worst,95,10,ef87ca8
12.5,0,straight,-0.3,1461,697,261,195,308,3.1093,2.98,90.5,0,0,0,0,rm,1,3,worst,95,10,ef87ca8
12.5,1,slight-turn,0.02,0,0,0,0,0,0.4271,0.375,90.5,0,0,0,0,rm,1,3,worst,95,10,ef87ca8
12.5,1,slight-turn,-0.02,0,0,0,0,0,0.4524,0.3624,90.5,0,0,0,0,rm,1,3,worst,95,10,ef87ca8
12.5,1,slight-turn,0.03,0,0,0,0,0,0.4669,0.4669,90.5,0,0,0,0,rm,1,3,worst,95,10,ef87ca8
12.5,1,slight-turn,-0.03,0,0,0,0,0,0.4593,0.4593,90.5,0,0,0,0,rm,1,3,worst,95,10,ef87ca8
12.5,1,slight-turn,0.04,0,0,0,0,0,0.5592,0.5592,90.5,0,0,0,0,rm,1,3,worst,95,10,ef87ca8
12.5,1,slight-turn,-0.04,0,0,0,0,0,0.5565,0.5565,90.5,0,0,0,0,rm,1,3,worst,95,10,ef87ca8
12.5,1,slight-turn,0.05,0,0,0,0,0,0.6517,0.6517,90.5,0,0,0,0,rm,1,3,worst,95,10,ef87ca8
12.5,1,slight-turn,-0.05,0,0,0,0,0,0.6538,0.6538,90.5,0,0,0,0,rm,1,3,worst,95,10,ef87ca8
12.5,1,slight-turn,0.06,0,0,0,0,0,0.7443,0.7443,90.5,0,0,0,0,rm,1,3,worst,95,10,ef87ca8
12.5,1,slight-turn,-0.06,0,0,0,0,0,0.7512,0.7512,90.5,0,0,0,0,rm,1,3,worst,95,10,ef87ca8
12.5,1,slight-turn,0.08,67,26,41,0,0,0.9295,0.9295,90.5,0,0,0,0,rm,1,3,worst,95,10,ef87ca8
12.5,1,slight-turn,-0.08,88,24,30,34,0,0.9462,0.9462,90.5,0,0,0,0,rm,1,3,worst,95,10,ef87ca8
12.5,1,slight-turn,0.1,244,74,99,71,0,1.1584,1.1149,90.5,0,0,0,0,rm,1,3,worst,95,10,ef87ca8
12.5,1,slight-turn,-0.1,278,81,119,78,0,1.1414,1.1412,90.5,0,0,0,0,rm,1,3,worst,95,10,ef87ca8
12.5,1,slight-turn,0.12,579,140,238,201,0,1.3881,1.3004,90.5,0,0,0,0,rm,1,3,worst,95,10,ef87ca8
12.5,1,slight-turn,-0.12,528,146,214,168,0,1.3711,1.3362,90.5,0,0,0,0,rm,1,3,worst,95,10,ef87ca8
12.5,1,slight-turn,0.16,1036,248,427,361,0,1.8476,1.6713,90.5,0,0,0,0,rm,1,3,worst,95,10,ef87ca8
12.5,1,slight-turn,-0.16,1033,250,441,342,0,1.8306,1.7263,90.5,0,0,0,0,rm,1,3,worst,95,10,ef87ca8
12.5,1,slight-turn,0.2,1350,331,551,468,0,2.3072,2.0424,90.5,0,0,0,0,rm,1,3,worst,95,10,ef87ca8
12.5,1,slight-turn,-0.2,1472,337,608,527,0,2.2902,2.1165,90.5,0,0,0,0,rm,1,3,worst,95,10,ef87ca8
12.5,1,slight-turn,0.25,1740,397,680,663,0,2.8817,2.5183,90.5,0,0,0,0,rm,1,3,worst,95,10,ef87ca8
12.5,1,slight-turn,-0.25,1789,400,712,677,0,2.8648,2.6043,90.5,0,0,0,0,rm,1,3,worst,95,10,ef87ca8
12.5,1,slight-turn,0.3,2038,454,781,803,0,3.4563,3.0179,90.5,0,0,0,0,rm,1,3,worst,95,10,ef87ca8
12.5,1,slight-turn,-0.3,2097,476,794,827,0,3.4393,3.0921,90.5,0,0,0,0,rm,1,3,worst,95,10,ef87ca8
12.5,2,sharp-turn,0.02,0,0,0,0,0,0.444,0.2524,90.5,0,0,0,0,rm,1,3,worst,95,10,ef87ca8
12.5,2,sharp-turn,-0.02,0,0,0,0,0,0.4354,0.2045,90.5,0,0,0,0,rm,1,3,worst,95,10,ef87ca8
12.5,2,sharp-turn,0.03,0,0,0,0,0,0.4462,0.3171,90.5,0,0,0,0,rm,1,3,worst,95,10,ef87ca8
12.5,2,sharp-turn,-0.03,0,0,0,0,0,0.4469,0.2558,90.5,0,0,0,0,rm,1,3,worst,95,10,ef87ca8
12.5,2,sharp-turn,0.04,0,0,0,0,0,0.4935,0.3818,90.5,0,0,0,0,rm,1,3,worst,95,10,ef87ca8
12.5,2,sharp-turn,-0.04,0,0,0,0,0,0.5329,0.324,90.5,0,0,0,0,rm,1,3,worst,95,10,ef87ca8
12.5,2,sharp-turn,0.05,0,0,0,0,0,0.5766,0.4554,90.5,0,0,0,0,rm,1,3,worst,95,10,ef87ca8
12.5,2,sharp-turn,-0.05,0,0,0,0,0,0.619,0.3969,90.5,0,0,0,0,rm,1,3,worst,95,10,ef87ca8
12.5,2,sharp-turn,0.06,0,0,0,0,0,0.6598,0.5334,90.5,0,0,0,0,rm,1,3,worst,95,10,ef87ca8
12.5,2,sharp-turn,-0.06,0,0,0,0,0,0.7052,0.47,90.5,0,0,0,0,rm,1,3,worst,95,10,ef87ca8
12.5,2,sharp-turn,0.08,13,0,13,0,0,0.8263,0.6892,90.5,0,0,0,0,rm,1,3,worst,95,10,ef87ca8
12.5,2,sharp-turn,-0.08,22,0,22,0,0,0.8779,0.6167,90.5,0,0,0,0,rm,1,3,worst,95,10,ef87ca8
12.5,2,sharp-turn,0.1,71,0,55,16,0,0.993,0.845,90.5,0,0,0,0,rm,1,3,worst,95,10,ef87ca8
12.5,2,sharp-turn,-0.1,39,0,39,0,0,1.0506,0.7638,90.5,0,0,0,0,rm,1,3,worst,95,10,ef87ca8
12.5,2,sharp-turn,0.12,178,0,92,86,0,1.1597,1.0008,90.5,0,0,0,0,rm,1,3,worst,95,10,ef87ca8
12.5,2,sharp-turn,-0.12,142,0,86,56,0,1.2235,0.911,90.5,0,0,0,0,rm,1,3,worst,95,10,ef87ca8
12.5,2,sharp-turn,0.16,472,18,216,238,0,1.4932,1.3125,90.5,0,0,0,0,rm,1,3,worst,95,10,ef87ca8
12.5,2,sharp-turn,-0.16,485,17,210,258,0,1.5692,1.2058,90.5,0,0,0,0,rm,1,3,worst,95,10,ef87ca8
12.5,2,sharp-turn,0.2,770,25,326,419,0,1.8268,1.6242,90.5,0,0,0,0,rm,1,3,worst,95,10,ef87ca8
12.5,2,sharp-turn,-0.2,706,24,293,389,0,1.915,1.5007,90.5,0,0,0,0,rm,1,3,worst,95,10,ef87ca8
12.5,2,sharp-turn,0.25,1045,83,417,545,0,2.2438,2.0138,90.5,0,0,0,0,rm,1,3,worst,95,10,ef87ca8
12.5,2,sharp-turn,-0.25,977,80,347,550,0,2.3473,1.8821,90.5,0,0,0,0,rm,1,3,worst,95,10,ef87ca8
12.5,2,sharp-turn,0.3,1287,106,477,688,16,2.6609,2.4034,90.5,0,0,0,0,rm,1,3,worst,95,10,ef87ca8
12.5,2,sharp-turn,-0.3,1202,105,431,647,19,2.7796,2.2717,90.5,0,0,0,0,rm,1,3,worst,95,10,ef87ca8
12.5,3,lane-change,0.02,0,0,0,0,0,0.4983,0.4983,90.5,0,0,0,0,rm,1,3,worst,95,10,ef87ca8
12.5,3,lane-change,-0.02,0,0,0,0,0,0.3875,0.3875,90.5,0,0,0,0,rm,1,3,worst,95,10,ef87ca8
12.5,3,lane-change,0.03,0,0,0,0,0,0.5313,0.5313,90.5,0,0,0,0,rm,1,3,worst,95,10,ef87ca8
12.5,3,lane-change,-0.03,0,0,0,0,0,0.3914,0.3914,90.5,0,0,0,0,rm,1,3,worst,95,10,ef87ca8
12.5,3,lane-change,0.04,0,0,0,0,0,0.5954,0.5954,90.5,0,0,0,0,rm,1,3,worst,95,10,ef87ca8
12.5,3,lane-change,-0.04,0,0,0,0,0,0.4174,0.4174,90.5,0,0,0,0,rm,1,3,worst,95,10,ef87ca8
12.5,3,lane-change,0.05,0,0,0,0,0,0.6724,0.6724,90.5,0,0,0,0,rm,1,3,worst,95,10,ef87ca8
12.5,3,lane-change,-0.05,0,0,0,0,0,0.4549,0.4549,90.5,0,0,0,0,rm,1,3,worst,95,10,ef87ca8
12.5,3,lane-change,0.06,0,0,0,0,0,0.7509,0.7509,90.5,0,0,0,0,rm,1,3,worst,95,10,ef87ca8
12.5,3,lane-change,-0.06,0,0,0,0,0,0.4925,0.4925,90.5,0,0,0,0,rm,1,3,worst,95,10,ef87ca8
12.5,3,lane-change,0.08,20,0,0,0,20,0.9106,0.9106,90.5,0,0,0,0,rm,1,3,worst,95,10,ef87ca8
12.5,3,lane-change,-0.08,0,0,0,0,0,0.5678,0.5678,90.5,0,0,0,0,rm,1,3,worst,95,10,ef87ca8
12.5,3,lane-change,0.1,72,0,0,0,72,1.0725,1.0725,90.5,0,0,0,0,rm,1,3,worst,95,10,ef87ca8
12.5,3,lane-change,-0.1,0,0,0,0,0,0.6884,0.6884,90.5,0,0,0,0,rm,1,3,worst,95,10,ef87ca8
12.5,3,lane-change,0.12,117,0,0,12,105,1.2357,1.2357,90.5,0,0,0,0,rm,1,3,worst,95,10,ef87ca8
12.5,3,lane-change,-0.12,27,0,0,4,23,0.8428,0.8428,90.5,0,0,0,0,rm,1,3,worst,95,10,ef87ca8
12.5,3,lane-change,0.16,239,36,0,48,155,1.5643,1.5643,90.5,0,0,0,0,rm,1,3,worst,95,10,ef87ca8
12.5,3,lane-change,-0.16,148,4,0,48,96,1.1523,1.1523,90.5,0,0,0,0,rm,1,3,worst,95,10,ef87ca8
12.5,3,lane-change,0.2,435,121,0,84,230,1.8946,1.8946,90.5,0,0,0,0,rm,1,3,worst,95,10,ef87ca8
12.5,3,lane-change,-0.2,339,54,0,97,188,1.4702,1.4702,90.5,0,0,0,0,rm,1,3,worst,95,10,ef87ca8
12.5,3,lane-change,0.25,617,176,0,146,295,2.3087,2.3087,90.5,0,0,0,0,rm,1,3,worst,95,10,ef87ca8
12.5,3,lane-change,-0.25,570,131,0,147,292,1.8828,1.8828,90.5,0,0,0,0,rm,1,3,worst,95,10,ef87ca8
12.5,3,lane-change,0.3,794,230,0,205,359,2.7235,2.7235,90.5,0,0,0,0,rm,1,3,worst,95,10,ef87ca8
12.5,3,lane-change,-0.3,776,206,0,202,368,2.2969,2.2969,90.5,0,0,0,0,rm,1,3,worst,95,10,ef87ca8
15,-1,baseline,0.0,0,0,0,0,0,0.494,0.494,90.5,0,0,0,0,rm,1,3,worst,79,10,ef87ca8
15,0,straight,0.02,0,0,0,0,0,0.4285,0.3799,90.5,0,0,0,0,rm,1,3,worst,79,10,ef87ca8
15,0,straight,-0.02,0,0,0,0,0,0.6533,0.5798,90.5,0,0,0,0,rm,1,3,worst,79,10,ef87ca8
15,0,straight,0.03,0,0,0,0,0,0.5304,0.5304,90.5,0,0,0,0,rm,1,3,worst,79,10,ef87ca8
15,0,straight,-0.03,0,0,0,0,0,0.7335,0.6992,90.5,0,0,0,0,rm,1,3,worst,79,10,ef87ca8
15,0,straight,0.04,0,0,0,0,0,0.6832,0.6832,90.5,0,0,0,0,rm,1,3,worst,79,10,ef87ca8
15,0,straight,-0.04,28,16,0,0,12,0.8263,0.8263,90.5,0,0,0,0,rm,1,3,worst,79,10,ef87ca8
15,0,straight,0.05,18,18,0,0,0,0.8361,0.8361,90.5,0,0,0,0,rm,1,3,worst,79,10,ef87ca8
15,0,straight,-0.05,78,37,0,0,41,0.9567,0.9567,90.5,0,0,0,0,rm,1,3,worst,79,10,ef87ca8
15,0,straight,0.06,84,77,7,0,0,0.9892,0.9892,90.5,0,0,0,0,rm,1,3,worst,79,10,ef87ca8
15,0,straight,-0.06,180,88,20,0,72,1.0887,1.0887,90.5,0,0,0,0,rm,1,3,worst,79,10,ef87ca8
15,0,straight,0.08,312,182,102,18,10,1.2955,1.2955,90.5,0,0,0,0,rm,1,3,worst,79,10,ef87ca8
15,0,straight,-0.08,460,229,128,0,103,1.3551,1.3551,90.5,0,0,0,0,rm,1,3,worst,79,10,ef87ca8
15,0,straight,0.1,604,314,194,60,36,1.6019,1.6019,90.5,0,0,0,0,rm,1,3,worst,79,10,ef87ca8
15,0,straight,-0.1,682,360,194,7,121,1.6228,1.6228,90.5,0,0,0,0,rm,1,3,worst,79,10,ef87ca8
15,0,straight,0.12,811,431,235,97,48,1.9083,1.9083,90.5,0,0,0,0,rm,1,3,worst,79,10,ef87ca8
15,0,straight,-0.12,896,489,226,47,134,1.8912,1.8912,90.5,0,0,0,0,rm,1,3,worst,79,10,ef87ca8
15,0,straight,0.16,1195,613,288,196,98,2.5213,2.5213,90.5,0,0,0,0,rm,1,3,worst,79,10,ef87ca8
15,0,straight,-0.16,1300,665,274,158,203,2.4404,2.4404,90.5,0,0,0,0,rm,1,3,worst,79,10,ef87ca8
15,0,straight,0.2,1591,783,326,284,198,3.1343,3.1343,90.5,0,0,0,0,rm,1,3,worst,79,10,ef87ca8
15,0,straight,-0.2,1618,833,290,245,250,3.0408,3.0408,90.5,0,0,0,0,rm,1,3,worst,79,10,ef87ca8
15,0,straight,0.25,2036,935,358,439,304,3.9006,3.9006,90.5,0,0,0,0,rm,1,3,worst,79,10,ef87ca8
15,0,straight,-0.25,2037,1006,341,368,322,3.7914,3.7914,90.5,0,0,0,0,rm,1,3,worst,79,10,ef87ca8
15,0,straight,0.3,2447,1131,391,578,347,4.6669,4.6669,90.5,0,0,0,0,rm,1,3,worst,79,10,ef87ca8
15,0,straight,-0.3,2547,1231,375,537,404,4.542,4.542,90.5,0,0,0,0,rm,1,3,worst,79,10,ef87ca8
15,1,slight-turn,0.02,0,0,0,0,0,0.5442,0.5442,90.5,0,0,0,0,rm,1,3,worst,79,10,ef87ca8
15,1,slight-turn,-0.02,0,0,0,0,0,0.7137,0.7137,90.5,0,0,0,0,rm,1,3,worst,79,10,ef87ca8
15,1,slight-turn,0.03,0,0,0,0,0,0.7664,0.7664,90.5,0,0,0,0,rm,1,3,worst,79,10,ef87ca8
15,1,slight-turn,-0.03,46,12,34,0,0,0.8984,0.8984,90.5,0,0,0,0,rm,1,3,worst,79,10,ef87ca8
15,1,slight-turn,0.04,78,23,44,11,0,0.9888,0.9888,90.5,0,0,0,0,rm,1,3,worst,79,10,ef87ca8
15,1,slight-turn,-0.04,212,38,75,99,0,1.0832,1.0832,90.5,0,0,0,0,rm,1,3,worst,79,10,ef87ca8
15,1,slight-turn,0.05,222,52,63,107,0,1.2112,1.2112,90.5,0,0,0,0,rm,1,3,worst,79,10,ef87ca8
15,1,slight-turn,-0.05,415,74,143,198,0,1.3149,1.2681,90.5,0,0,0,0,rm,1,3,worst,79,10,ef87ca8
15,1,slight-turn,0.06,388,77,132,179,0,1.4337,1.4337,90.5,0,0,0,0,rm,1,3,worst,79,10,ef87ca8
15,1,slight-turn,-0.06,567,92,220,255,0,1.5612,1.4531,90.5,0,0,0,0,rm,1,3,worst,79,10,ef87ca8
15,1,slight-turn,0.08,767,152,280,335,0,1.8898,1.8788,90.5,0,0,0,0,rm,1,3,worst,79,10,ef87ca8
15,1,slight-turn,-0.08,877,148,323,406,0,2.0539,1.823,90.5,0,0,0,0,rm,1,3,worst,79,10,ef87ca8
15,1,slight-turn,0.1,1084,212,359,513,0,2.3826,2.3239,90.5,0,0,0,0,rm,1,3,worst,79,10,ef87ca8
15,1,slight-turn,-0.1,1183,208,388,587,0,2.5466,2.1929,90.5,0,0,0,0,rm,1,3,worst,79,10,ef87ca8
15,1,slight-turn,0.12,1349,273,422,654,0,2.8753,2.7689,90.5,0,0,0,0,rm,1,3,worst,79,10,ef87ca8
15,1,slight-turn,-0.12,1443,269,472,702,0,3.0394,2.5725,90.5,0,0,0,0,rm,1,3,worst,79,10,ef87ca8
15,1,slight-turn,0.16,1868,353,537,955,23,3.861,3.6591,90.5,0,0,0,0,rm,1,3,worst,79,10,ef87ca8
15,1,slight-turn,-0.16,1891,357,551,983,0,4.025,3.4626,90.5,0,0,0,0,rm,1,3,worst,79,10,ef87ca8
15,1,slight-turn,0.2,2220,424,607,1159,30,4.8466,4.5493,90.5,0,0,0,0,rm,1,3,worst,79,10,ef87ca8
15,1,slight-turn,-0.2,2248,444,649,1155,0,5.0107,4.3528,90.5,0,0,0,0,rm,1,3,worst,79,10,ef87ca8
15,1,slight-turn,0.25,2599,494,707,1340,58,6.0787,5.6621,90.5,0,0,0,0,rm,1,3,worst,79,10,ef87ca8
15,1,slight-turn,-0.25,2607,510,732,1343,22,6.2427,5.4656,90.5,0,0,0,0,rm,1,3,worst,79,10,ef87ca8
15,1,slight-turn,0.3,2875,548,769,1474,84,7.3108,6.7748,90.5,0,0,0,0,rm,1,3,worst,79,10,ef87ca8
15,1,slight-turn,-0.3,2869,570,774,1495,30,7.4748,6.5783,90.5,0,0,0,0,rm,1,3,worst,79,10,ef87ca8
15,2,sharp-turn,0.02,0,0,0,0,0,0.7064,0.5155,90.5,0,0,0,0,rm,1,3,worst,79,10,ef87ca8
15,2,sharp-turn,-0.02,0,0,0,0,0,0.5033,0.3795,90.5,0,0,0,0,rm,1,3,worst,79,10,ef87ca8
15,2,sharp-turn,0.03,28,0,28,0,0,0.8894,0.6836,90.5,0,0,0,0,rm,1,3,worst,79,10,ef87ca8
15,2,sharp-turn,-0.03,0,0,0,0,0,0.6836,0.5502,90.5,0,0,0,0,rm,1,3,worst,79,10,ef87ca8
15,2,sharp-turn,0.04,71,0,49,22,0,1.0725,0.8834,90.5,0,0,0,0,rm,1,3,worst,79,10,ef87ca8
15,2,sharp-turn,-0.04,31,0,31,0,0,0.8791,0.7242,90.5,0,0,0,0,rm,1,3,worst,79,10,ef87ca8
15,2,sharp-turn,0.05,208,0,107,101,0,1.2557,1.0832,90.5,0,0,0,0,rm,1,3,worst,79,10,ef87ca8
15,2,sharp-turn,-0.05,113,0,54,59,0,1.0746,0.9189,90.5,0,0,0,0,rm,1,3,worst,79,10,ef87ca8
15,2,sharp-turn,0.06,296,0,140,156,0,1.4388,1.2831,90.5,0,0,0,0,rm,1,3,worst,79,10,ef87ca8
15,2,sharp-turn,-0.06,159,0,67,92,0,1.2702,1.1188,90.5,0,0,0,0,rm,1,3,worst,79,10,ef87ca8
15,2,sharp-turn,0.08,483,27,181,275,0,1.8052,1.683,90.5,0,0,0,0,rm,1,3,worst,79,10,ef87ca8
15,2,sharp-turn,-0.08,370,12,141,217,0,1.6613,1.5186,90.5,0,0,0,0,rm,1,3,worst,79,10,ef87ca8
15,2,sharp-turn,0.1,667,53,208,406,0,2.1716,2.083,90.5,0,0,0,0,rm,1,3,worst,79,10,ef87ca8
15,2,sharp-turn,-0.1,541,31,171,339,0,2.0523,1.9186,90.5,0,0,0,0,rm,1,3,worst,79,10,ef87ca8
15,2,sharp-turn,0.12,853,73,256,524,0,2.538,2.483,90.5,0,0,0,0,rm,1,3,worst,79,10,ef87ca8
15,2,sharp-turn,-0.12,725,60,208,457,0,2.4434,2.3186,90.5,0,0,0,0,rm,1,3,worst,79,10,ef87ca8
15,2,sharp-turn,0.16,1248,94,354,767,33,3.2831,3.2831,90.5,0,0,0,0,rm,1,3,worst,79,10,ef87ca8
15,2,sharp-turn,-0.16,1069,85,285,677,22,3.2256,3.1187,90.5,0,0,0,0,rm,1,3,worst,79,10,ef87ca8
15,2,sharp-turn,0.2,1491,143,405,899,44,4.0832,4.0832,90.5,0,0,0,0,rm,1,3,worst,79,10,ef87ca8
15,2,sharp-turn,-0.2,1356,138,375,807,36,4.0077,3.9188,90.5,0,0,0,0,rm,1,3,worst,79,10,ef87ca8
15,2,sharp-turn,0.25,1802,233,447,1069,53,5.0834,5.0834,90.5,0,0,0,0,rm,1,3,worst,79,10,ef87ca8
15,2,sharp-turn,-0.25,1707,219,430,1012,46,4.9854,4.919,90.5,0,0,0,0,rm,1,3,worst,79,10,ef87ca8
15,2,sharp-turn,0.3,2061,311,498,1194,58,6.0836,6.0836,90.5,0,0,0,0,rm,1,3,worst,79,10,ef87ca8
15,2,sharp-turn,-0.3,2014,319,465,1177,53,5.9631,5.9191,90.5,0,0,0,0,rm,1,3,worst,79,10,ef87ca8
15,3,lane-change,0.02,0,0,0,0,0,0.6594,0.6594,90.5,0,0,0,0,rm,1,3,worst,79,10,ef87ca8
15,3,lane-change,-0.02,0,0,0,0,0,0.4589,0.4589,90.5,0,0,0,0,rm,1,3,worst,79,10,ef87ca8
15,3,lane-change,0.03,0,0,0,0,0,0.7428,0.7428,90.5,0,0,0,0,rm,1,3,worst,79,10,ef87ca8
15,3,lane-change,-0.03,0,0,0,0,0,0.4673,0.4673,90.5,0,0,0,0,rm,1,3,worst,79,10,ef87ca8
15,3,lane-change,0.04,24,10,0,0,14,0.8263,0.8263,90.5,0,0,0,0,rm,1,3,worst,79,10,ef87ca8
15,3,lane-change,-0.04,0,0,0,0,0,0.5347,0.4787,90.5,0,0,0,0,rm,1,3,worst,79,10,ef87ca8
15,3,lane-change,0.05,71,34,0,0,37,0.9417,0.9098,90.5,0,0,0,0,rm,1,3,worst,79,10,ef87ca8
15,3,lane-change,-0.05,0,0,0,0,0,0.6361,0.5001,90.5,0,0,0,0,rm,1,3,worst,79,10,ef87ca8
15,3,lane-change,0.06,108,44,0,0,64,1.0741,0.9934,90.5,0,0,0,0,rm,1,3,worst,79,10,ef87ca8
15,3,lane-change,-0.06,0,0,0,0,0,0.7387,0.5833,90.5,0,0,0,0,rm,1,3,worst,79,10,ef87ca8
15,3,lane-change,0.08,172,84,0,0,88,1.3407,1.1606,90.5,0,0,0,0,rm,1,3,worst,79,10,ef87ca8
15,3,lane-change,-0.08,45,9,0,27,9,0.9458,0.8184,90.5,0,0,0,0,rm,1,3,worst,79,10,ef87ca8
15,3,lane-change,0.1,262,133,0,27,102,1.6085,1.3914,90.5,0,0,0,0,rm,1,3,worst,79,10,ef87ca8
15,3,lane-change,-0.1,122,52,0,40,30,1.1541,1.0557,90.5,0,0,0,0,rm,1,3,worst,79,10,ef87ca8
15,3,lane-change,0.12,325,177,0,38,110,1.8768,1.6291,90.5,0,0,0,0,rm,1,3,worst,79,10,ef87ca8
15,3,lane-change,-0.12,224,103,0,58,63,1.3631,1.2942,90.5,0,0,0,0,rm,1,3,worst,79,10,ef87ca8
15,3,lane-change,0.16,536,266,0,65,205,2.4142,2.1072,90.5,0,0,0,0,rm,1,3,worst,79,10,ef87ca8
15,3,lane-change,-0.16,429,195,0,94,140,1.8991,1.7731,90.5,0,0,0,0,rm,1,3,worst,79,10,ef87ca8
15,3,lane-change,0.2,743,326,0,153,264,2.952,2.587,90.5,0,0,0,0,rm,1,3,worst,79,10,ef87ca8
15,3,lane-change,-0.2,634,255,0,142,237,2.437,2.2532,90.5,0,0,0,0,rm,1,3,worst,79,10,ef87ca8
15,3,lane-change,0.25,1007,426,0,251,330,3.6245,3.1878,90.5,0,0,0,0,rm,1,3,worst,79,10,ef87ca8
15,3,lane-change,-0.25,896,355,0,229,312,3.1097,2.8543,90.5,0,0,0,0,rm,1,3,worst,79,10,ef87ca8
15,3,lane-change,0.3,1193,532,0,274,387,4.2973,3.7893,90.5,0,0,0,0,rm,1,3,worst,79,10,ef87ca8
15,3,lane-change,-0.3,1115,464,0,290,361,3.7825,3.456,90.5,0,0,0,0,rm,1,3,worst,79,10,ef87ca8
