zone,zone_name,extra_ms,phase_kind,phase,age_path_ms,total_hard,z0_hard,z1_hard,z2_hard,z3_hard,soft_pct,fleet_max_ey_m,z0_max_ey_m,z1_max_ey_m,z2_max_ey_m,z3_max_ey_m,profile,duration_s,git_sha
3,lane-change,0,offset_ms,0.0,90.5,0,0,0,0,0,9.06,0.494,0.3961,0.3511,0.3065,0.494,15,79,d835913-dirty
3,lane-change,0,offset_ms,1.0,90.5,0,0,0,0,0,9.16,0.4998,0.3976,0.3559,0.3077,0.4998,15,79,d835913-dirty
3,lane-change,0,offset_ms,2.0,90.5,0,0,0,0,0,9.3,0.5057,0.3991,0.3607,0.3089,0.5057,15,79,d835913-dirty
3,lane-change,0,offset_ms,3.0,90.5,0,0,0,0,0,9.35,0.5115,0.4007,0.3655,0.3101,0.5115,15,79,d835913-dirty
3,lane-change,0,offset_ms,4.0,90.5,0,0,0,0,0,9.51,0.5174,0.4022,0.3703,0.3112,0.5174,15,79,d835913-dirty
3,lane-change,0,offset_ms,5.0,90.5,0,0,0,0,0,9.56,0.5232,0.4038,0.3751,0.3123,0.5232,15,79,d835913-dirty
3,lane-change,0,offset_ms,6.0,90.5,0,0,0,0,0,9.67,0.5291,0.4055,0.3799,0.3135,0.5291,15,79,d835913-dirty
3,lane-change,0,offset_ms,7.0,90.5,0,0,0,0,0,9.77,0.535,0.4071,0.3847,0.3146,0.535,15,79,d835913-dirty
3,lane-change,0,offset_ms,8.0,90.5,0,0,0,0,0,10.01,0.5409,0.4088,0.3896,0.3157,0.5409,15,79,d835913-dirty
3,lane-change,0,offset_ms,9.0,90.5,0,0,0,0,0,10.18,0.5468,0.4105,0.3944,0.3168,0.5468,15,79,d835913-dirty
3,lane-change,0,offset_ms,10.0,90.5,0,0,0,0,0,10.49,0.5529,0.4122,0.4012,0.3159,0.5529,15,79,d835913-dirty
3,lane-change,0,offset_ms,11.0,90.5,0,0,0,0,0,10.63,0.5588,0.414,0.406,0.317,0.5588,15,79,d835913-dirty
3,lane-change,0,offset_ms,12.0,90.5,0,0,0,0,0,10.77,0.5648,0.4158,0.4108,0.318,0.5648,15,79,d835913-dirty
3,lane-change,0,offset_ms,13.0,90.5,0,0,0,0,0,10.87,0.5707,0.4176,0.4156,0.3191,0.5707,15,79,d835913-dirty
3,lane-change,0,offset_ms,14.0,90.5,0,0,0,0,0,11.1,0.5766,0.4194,0.4205,0.3201,0.5766,15,79,d835913-dirty
3,lane-change,0,offset_ms,15.0,90.5,0,0,0,0,0,11.38,0.5826,0.4212,0.4253,0.3211,0.5826,15,79,d835913-dirty
3,lane-change,0,offset_ms,16.0,90.5,0,0,0,0,0,11.61,0.5886,0.4231,0.4301,0.3221,0.5886,15,79,d835913-dirty
3,lane-change,0,offset_ms,17.0,90.5,0,0,0,0,0,11.82,0.5945,0.425,0.435,0.3231,0.5945,15,79,d835913-dirty
3,lane-change,0,offset_ms,18.0,90.5,0,0,0,0,0,12.04,0.6005,0.4269,0.4398,0.3241,0.6005,15,79,d835913-dirty
3,lane-change,0,offset_ms,19.0,90.5,0,0,0,0,0,12.19,0.6065,0.4288,0.4446,0.3272,0.6065,15,79,d835913-dirty
3,lane-change,0,offset_ms,19.9,90.5,0,0,0,0,0,12.32,0.6118,0.4306,0.449,0.33,0.6118,15,79,d835913-dirty
3,lane-change,10,offset_ms,0.0,100.5,0,0,0,0,0,9.85,0.5494,0.4637,0.3511,0.3065,0.5494,15,79,d835913-dirty
3,lane-change,10,offset_ms,1.0,100.5,0,0,0,0,0,9.97,0.5534,0.4657,0.3559,0.3077,0.5534,15,79,d835913-dirty
3,lane-change,10,offset_ms,2.0,100.5,0,0,0,0,0,10.15,0.5574,0.4677,0.3607,0.3089,0.5574,15,79,d835913-dirty
3,lane-change,10,offset_ms,3.0,100.5,0,0,0,0,0,10.35,0.5616,0.4697,0.3655,0.3101,0.5616,15,79,d835913-dirty
3,lane-change,10,offset_ms,4.0,100.5,0,0,0,0,0,10.51,0.5659,0.4717,0.3703,0.3112,0.5659,15,79,d835913-dirty
3,lane-change,10,offset_ms,5.0,100.5,0,0,0,0,0,10.66,0.5704,0.4738,0.3751,0.3123,0.5704,15,79,d835913-dirty
3,lane-change,10,offset_ms,6.0,100.5,0,0,0,0,0,10.85,0.575,0.4758,0.3799,0.3135,0.575,15,79,d835913-dirty
3,lane-change,10,offset_ms,7.0,100.5,0,0,0,0,0,10.95,0.5797,0.4779,0.3847,0.3146,0.5797,15,79,d835913-dirty
3,lane-change,10,offset_ms,8.0,100.5,0,0,0,0,0,11.19,0.5846,0.4801,0.3896,0.3157,0.5846,15,79,d835913-dirty
3,lane-change,10,offset_ms,9.0,100.5,0,0,0,0,0,11.44,0.5895,0.4822,0.3944,0.3168,0.5895,15,79,d835913-dirty
3,lane-change,10,offset_ms,10.0,100.5,0,0,0,0,0,11.75,0.5947,0.4844,0.4012,0.3159,0.5947,15,79,d835913-dirty
3,lane-change,10,offset_ms,11.0,100.5,0,0,0,0,0,11.87,0.5998,0.4866,0.406,0.317,0.5998,15,79,d835913-dirty
3,lane-change,10,offset_ms,12.0,100.5,0,0,0,0,0,12.04,0.605,0.4888,0.4108,0.318,0.605,15,79,d835913-dirty
3,lane-change,10,offset_ms,13.0,100.5,0,0,0,0,0,12.15,0.6103,0.4911,0.4156,0.3191,0.6103,15,79,d835913-dirty
3,lane-change,10,offset_ms,14.0,100.5,0,0,0,0,0,12.28,0.6157,0.4933,0.4205,0.3201,0.6157,15,79,d835913-dirty
3,lane-change,10,offset_ms,15.0,100.5,0,0,0,0,0,12.41,0.6211,0.4956,0.4253,0.3211,0.6211,15,79,d835913-dirty
3,lane-change,10,offset_ms,16.0,100.5,0,0,0,0,0,12.58,0.6265,0.4979,0.4301,0.3221,0.6265,15,79,d835913-dirty
3,lane-change,10,offset_ms,17.0,100.5,0,0,0,0,0,12.7,0.632,0.5002,0.435,0.3231,0.632,15,79,d835913-dirty
3,lane-change,10,offset_ms,18.0,100.5,0,0,0,0,0,12.8,0.6375,0.5025,0.4398,0.3241,0.6375,15,79,d835913-dirty
3,lane-change,10,offset_ms,19.0,100.5,0,0,0,0,0,12.92,0.6431,0.5049,0.4446,0.3272,0.6431,15,79,d835913-dirty
3,lane-change,10,offset_ms,19.9,100.5,0,0,0,0,0,13.04,0.6482,0.507,0.449,0.33,0.6482,15,79,d835913-dirty
3,lane-change,20,offset_ms,0.0,110.5,0,0,0,0,0,10.46,0.6399,0.495,0.3511,0.3065,0.6399,15,79,d835913-dirty
3,lane-change,20,offset_ms,1.0,110.5,0,0,0,0,0,10.58,0.6439,0.4975,0.3559,0.3077,0.6439,15,79,d835913-dirty
3,lane-change,20,offset_ms,2.0,110.5,0,0,0,0,0,10.72,0.6479,0.5,0.3607,0.3089,0.6479,15,79,d835913-dirty
3,lane-change,20,offset_ms,3.0,110.5,0,0,0,0,0,10.78,0.6519,0.5026,0.3655,0.3101,0.6519,15,79,d835913-dirty
3,lane-change,20,offset_ms,4.0,110.5,0,0,0,0,0,11.01,0.6561,0.5052,0.3703,0.3112,0.6561,15,79,d835913-dirty
3,lane-change,20,offset_ms,5.0,110.5,0,0,0,0,0,11.18,0.6602,0.5077,0.3751,0.3123,0.6602,15,79,d835913-dirty
3,lane-change,20,offset_ms,6.0,110.5,0,0,0,0,0,11.33,0.6645,0.5104,0.3799,0.3135,0.6645,15,79,d835913-dirty
3,lane-change,20,offset_ms,7.0,110.5,0,0,0,0,0,11.43,0.6688,0.513,0.3847,0.3146,0.6688,15,79,d835913-dirty
3,lane-change,20,offset_ms,8.0,110.5,0,0,0,0,0,11.68,0.6732,0.5157,0.3896,0.3157,0.6732,15,79,d835913-dirty
3,lane-change,20,offset_ms,9.0,110.5,0,0,0,0,0,11.86,0.6777,0.5183,0.3944,0.3168,0.6777,15,79,d835913-dirty
3,lane-change,20,offset_ms,10.0,110.5,0,0,0,0,0,12.18,0.6824,0.5211,0.4012,0.3159,0.6824,15,79,d835913-dirty
3,lane-change,20,offset_ms,11.0,110.5,0,0,0,0,0,12.3,0.6869,0.5238,0.406,0.317,0.6869,15,79,d835913-dirty
3,lane-change,20,offset_ms,12.0,110.5,0,0,0,0,0,12.49,0.6916,0.5265,0.4108,0.318,0.6916,15,79,d835913-dirty
3,lane-change,20,offset_ms,13.0,110.5,0,0,0,0,0,12.58,0.6962,0.5292,0.4156,0.3191,0.6962,15,79,d835913-dirty
3,lane-change,20,offset_ms,14.0,110.5,0,0,0,0,0,12.75,0.701,0.532,0.4205,0.3201,0.701,15,79,d835913-dirty
3,lane-change,20,offset_ms,15.0,110.5,0,0,0,0,0,12.85,0.7058,0.5348,0.4253,0.3211,0.7058,15,79,d835913-dirty
3,lane-change,20,offset_ms,16.0,110.5,0,0,0,0,0,12.97,0.7106,0.5376,0.4301,0.3221,0.7106,15,79,d835913-dirty
3,lane-change,20,offset_ms,17.0,110.5,0,0,0,0,0,13.09,0.7155,0.5404,0.435,0.3231,0.7155,15,79,d835913-dirty
3,lane-change,20,offset_ms,18.0,110.5,0,0,0,0,0,13.19,0.7204,0.5433,0.4398,0.3241,0.7204,15,79,d835913-dirty
3,lane-change,20,offset_ms,19.0,110.5,0,0,0,0,0,13.32,0.7254,0.5461,0.4446,0.3272,0.7254,15,79,d835913-dirty
3,lane-change,20,offset_ms,19.9,110.5,0,0,0,0,0,13.46,0.73,0.5487,0.449,0.33,0.73,15,79,d835913-dirty
3,lane-change,30,offset_ms,0.0,120.5,0,0,0,0,0,10.65,0.7407,0.4827,0.3511,0.3065,0.7407,15,79,d835913-dirty
3,lane-change,30,offset_ms,1.0,120.5,0,0,0,0,0,10.76,0.7449,0.4856,0.3559,0.3077,0.7449,15,79,d835913-dirty
3,lane-change,30,offset_ms,2.0,120.5,0,0,0,0,0,10.85,0.7492,0.4884,0.3607,0.3089,0.7492,15,79,d835913-dirty
3,lane-change,30,offset_ms,3.0,120.5,0,0,0,0,0,11.09,0.7535,0.4913,0.3655,0.3101,0.7535,15,79,d835913-dirty
3,lane-change,30,offset_ms,4.0,120.5,0,0,0,0,0,11.29,0.7579,0.4942,0.3703,0.3112,0.7579,15,79,d835913-dirty
3,lane-change,30,offset_ms,5.0,120.5,0,0,0,0,0,11.41,0.7623,0.4971,0.3751,0.3123,0.7623,15,79,d835913-dirty
3,lane-change,30,offset_ms,6.0,120.5,0,0,0,0,0,11.51,0.7668,0.5001,0.3799,0.3135,0.7668,15,79,d835913-dirty
3,lane-change,30,offset_ms,7.0,120.5,0,0,0,0,0,11.65,0.7713,0.5031,0.3847,0.3146,0.7713,15,79,d835913-dirty
3,lane-change,30,offset_ms,8.0,120.5,0,0,0,0,0,11.91,0.7759,0.5061,0.3896,0.3157,0.7759,15,79,d835913-dirty
3,lane-change,30,offset_ms,9.0,120.5,0,0,0,0,0,12.13,0.7805,0.5091,0.3944,0.3168,0.7805,15,79,d835913-dirty
3,lane-change,30,offset_ms,10.0,120.5,0,0,0,0,0,12.46,0.7853,0.5123,0.4012,0.3159,0.7853,15,79,d835913-dirty
3,lane-change,30,offset_ms,11.0,120.5,0,0,0,0,0,12.59,0.79,0.5153,0.406,0.317,0.79,15,79,d835913-dirty
3,lane-change,30,offset_ms,12.0,120.5,0,0,0,0,0,12.73,0.7947,0.5184,0.4108,0.318,0.7947,15,79,d835913-dirty
3,lane-change,30,offset_ms,13.0,120.5,0,0,0,0,0,12.8,0.7995,0.5215,0.4156,0.3191,0.7995,15,79,d835913-dirty
3,lane-change,30,offset_ms,14.0,120.5,8,0,0,0,8,12.97,0.8043,0.5246,0.4205,0.3208,0.8043,15,79,d835913-dirty
3,lane-change,30,offset_ms,15.0,120.5,11,0,0,0,11,13.08,0.8092,0.5277,0.4253,0.3239,0.8092,15,79,d835913-dirty
3,lane-change,30,offset_ms,16.0,120.5,13,0,0,0,13,13.19,0.8141,0.5309,0.4301,0.327,0.8141,15,79,d835913-dirty
3,lane-change,30,offset_ms,17.0,120.5,16,0,0,0,16,13.34,0.819,0.534,0.435,0.3301,0.819,15,79,d835913-dirty
3,lane-change,30,offset_ms,18.0,120.5,18,0,0,0,18,13.47,0.824,0.5372,0.4398,0.3331,0.824,15,79,d835913-dirty
3,lane-change,30,offset_ms,19.0,120.5,20,0,0,0,20,13.56,0.829,0.5404,0.4446,0.3362,0.829,15,79,d835913-dirty
3,lane-change,30,offset_ms,19.9,120.5,21,0,0,0,21,13.7,0.8335,0.5433,0.449,0.339,0.8335,15,79,d835913-dirty
3,lane-change,40,offset_ms,0.0,130.5,23,0,0,0,23,11.53,0.8527,0.4794,0.3511,0.3065,0.8527,15,79,d835913-dirty
3,lane-change,40,offset_ms,1.0,130.5,24,0,0,0,24,11.61,0.8573,0.4818,0.3559,0.3077,0.8573,15,79,d835913-dirty
3,lane-change,40,offset_ms,2.0,130.5,25,0,0,0,25,11.76,0.8619,0.4842,0.3607,0.3089,0.8619,15,79,d835913-dirty
3,lane-change,40,offset_ms,3.0,130.5,26,0,0,0,26,11.81,0.8665,0.4867,0.3655,0.3101,0.8665,15,79,d835913-dirty
3,lane-change,40,offset_ms,4.0,130.5,27,0,0,0,27,11.94,0.8712,0.4892,0.3703,0.3112,0.8712,15,79,d835913-dirty
3,lane-change,40,offset_ms,5.0,130.5,28,0,0,0,28,11.97,0.876,0.4917,0.3751,0.313,0.876,15,79,d835913-dirty
3,lane-change,40,offset_ms,6.0,130.5,28,0,0,0,28,12.09,0.8807,0.4942,0.3799,0.3161,0.8807,15,79,d835913-dirty
3,lane-change,40,offset_ms,7.0,130.5,29,0,0,0,29,12.2,0.8855,0.4968,0.3847,0.3192,0.8855,15,79,d835913-dirty
3,lane-change,40,offset_ms,8.0,130.5,31,0,0,0,31,12.42,0.8904,0.4993,0.3896,0.3223,0.8904,15,79,d835913-dirty
3,lane-change,40,offset_ms,9.0,130.5,31,0,0,0,31,12.59,0.8953,0.502,0.3944,0.3254,0.8953,15,79,d835913-dirty
3,lane-change,40,offset_ms,10.0,130.5,32,0,0,0,32,12.89,0.9004,0.5058,0.4012,0.329,0.9004,15,79,d835913-dirty
3,lane-change,40,offset_ms,11.0,130.5,32,0,0,0,32,12.96,0.9054,0.5086,0.406,0.3321,0.9054,15,79,d835913-dirty
3,lane-change,40,offset_ms,12.0,130.5,33,0,0,0,33,13.13,0.9104,0.5113,0.4108,0.3352,0.9104,15,79,d835913-dirty
3,lane-change,40,offset_ms,13.0,130.5,34,0,0,0,34,13.22,0.9154,0.5141,0.4156,0.3383,0.9154,15,79,d835913-dirty
3,lane-change,40,offset_ms,14.0,130.5,35,0,0,0,35,13.34,0.9205,0.5169,0.4205,0.3415,0.9205,15,79,d835913-dirty
3,lane-change,40,offset_ms,15.0,130.5,35,0,0,0,35,13.43,0.9256,0.5197,0.4253,0.3446,0.9256,15,79,d835913-dirty
3,lane-change,40,offset_ms,16.0,130.5,36,0,0,0,36,13.56,0.9307,0.5225,0.4301,0.3477,0.9307,15,79,d835913-dirty
3,lane-change,40,offset_ms,17.0,130.5,37,0,0,0,37,13.63,0.9358,0.5254,0.435,0.3508,0.9358,15,79,d835913-dirty
3,lane-change,40,offset_ms,18.0,130.5,37,0,0,0,37,13.77,0.941,0.5283,0.4398,0.3539,0.941,15,79,d835913-dirty
3,lane-change,40,offset_ms,19.0,130.5,39,0,0,0,39,13.85,0.9463,0.5313,0.4446,0.357,0.9463,15,79,d835913-dirty
3,lane-change,40,offset_ms,19.9,130.5,39,0,0,0,39,13.92,0.951,0.534,0.449,0.3598,0.951,15,79,d835913-dirty
3,lane-change,50,offset_ms,0.0,140.5,38,0,0,0,38,12.29,0.9739,0.583,0.3511,0.3197,0.9739,15,79,d835913-dirty
3,lane-change,50,offset_ms,1.0,140.5,39,0,0,0,39,12.37,0.9789,0.5849,0.3559,0.3229,0.9789,15,79,d835913-dirty
3,lane-change,50,offset_ms,2.0,140.5,39,0,0,0,39,12.44,0.9839,0.5869,0.3607,0.326,0.9839,15,79,d835913-dirty
3,lane-change,50,offset_ms,3.0,140.5,39,0,0,0,39,12.51,0.989,0.5889,0.3655,0.3292,0.989,15,79,d835913-dirty
3,lane-change,50,offset_ms,4.0,140.5,40,0,0,0,40,12.59,0.9941,0.5909,0.3703,0.3323,0.9941,15,79,d835913-dirty
3,lane-change,50,offset_ms,5.0,140.5,40,0,0,0,40,12.68,0.9992,0.5929,0.3751,0.3355,0.9992,15,79,d835913-dirty
3,lane-change,50,offset_ms,6.0,140.5,41,0,0,0,41,12.78,1.0043,0.595,0.3799,0.3386,1.0043,15,79,d835913-dirty
3,lane-change,50,offset_ms,7.0,140.5,41,0,0,0,41,12.84,1.0095,0.5971,0.3847,0.3418,1.0095,15,79,d835913-dirty
3,lane-change,50,offset_ms,8.0,140.5,42,0,0,0,42,13.13,1.0147,0.5992,0.3896,0.345,1.0147,15,79,d835913-dirty
3,lane-change,50,offset_ms,9.0,140.5,43,0,0,0,43,13.32,1.02,0.6014,0.3944,0.3481,1.02,15,79,d835913-dirty
3,lane-change,50,offset_ms,10.0,140.5,43,0,0,0,43,13.73,1.0255,0.6053,0.4012,0.353,1.0255,15,79,d835913-dirty
3,lane-change,50,offset_ms,11.0,140.5,43,0,0,0,43,13.81,1.0308,0.6076,0.406,0.3562,1.0308,15,79,d835913-dirty
3,lane-change,50,offset_ms,12.0,140.5,44,0,0,0,44,13.99,1.0361,0.6098,0.4108,0.3594,1.0361,15,79,d835913-dirty
3,lane-change,50,offset_ms,13.0,140.5,44,0,0,0,44,14.06,1.0415,0.6121,0.4156,0.3625,1.0415,15,79,d835913-dirty
3,lane-change,50,offset_ms,14.0,140.5,45,0,0,0,45,14.2,1.0469,0.6144,0.4205,0.3657,1.0469,15,79,d835913-dirty
3,lane-change,50,offset_ms,15.0,140.5,45,0,0,0,45,14.27,1.0523,0.6167,0.4253,0.3689,1.0523,15,79,d835913-dirty
3,lane-change,50,offset_ms,16.0,140.5,45,0,0,0,45,14.39,1.0577,0.6191,0.4301,0.372,1.0577,15,79,d835913-dirty
3,lane-change,50,offset_ms,17.0,140.5,46,0,0,0,46,14.52,1.0632,0.6214,0.435,0.3752,1.0632,15,79,d835913-dirty
3,lane-change,50,offset_ms,18.0,140.5,46,0,0,0,46,14.61,1.0687,0.6238,0.4398,0.3784,1.0687,15,79,d835913-dirty
3,lane-change,50,offset_ms,19.0,140.5,46,0,0,0,46,14.71,1.0742,0.6263,0.4446,0.3816,1.0742,15,79,d835913-dirty
3,lane-change,50,offset_ms,19.9,140.5,48,0,0,0,48,14.77,1.0792,0.6285,0.449,0.3841,1.0792,15,79,d835913-dirty
3,lane-change,60,offset_ms,0.0,150.5,46,0,0,0,46,13.66,1.1041,0.7272,0.3511,0.3361,1.1041,15,79,d835913-dirty
3,lane-change,60,offset_ms,1.0,150.5,47,0,0,0,47,13.72,1.1095,0.7295,0.3559,0.3394,1.1095,15,79,d835913-dirty
3,lane-change,60,offset_ms,2.0,150.5,47,0,0,0,47,13.85,1.1149,0.7318,0.3607,0.3426,1.1149,15,79,d835913-dirty
3,lane-change,60,offset_ms,3.0,150.5,47,0,0,0,47,13.86,1.1203,0.7341,0.3655,0.3458,1.1203,15,79,d835913-dirty
3,lane-change,60,offset_ms,4.0,150.5,47,0,0,0,47,13.96,1.1258,0.7365,0.3703,0.349,1.1258,15,79,d835913-dirty
3,lane-change,60,offset_ms,5.0,150.5,48,0,0,0,48,14.06,1.1313,0.7388,0.3751,0.3523,1.1313,15,79,d835913-dirty
3,lane-change,60,offset_ms,6.0,150.5,48,0,0,0,48,14.11,1.1369,0.7412,0.3799,0.3555,1.1369,15,79,d835913-dirty
3,lane-change,60,offset_ms,7.0,150.5,48,0,0,0,48,14.18,1.1424,0.7436,0.3847,0.3587,1.1424,15,79,d835913-dirty
3,lane-change,60,offset_ms,8.0,150.5,49,0,0,0,49,14.38,1.148,0.746,0.3896,0.362,1.148,15,79,d835913-dirty
3,lane-change,60,offset_ms,9.0,150.5,49,0,0,0,49,14.53,1.1537,0.7485,0.3944,0.3652,1.1537,15,79,d835913-dirty
3,lane-change,60,offset_ms,10.0,150.5,49,0,0,0,49,14.82,1.1597,0.7535,0.4012,0.3708,1.1597,15,79,d835913-dirty
3,lane-change,60,offset_ms,11.0,150.5,51,0,0,0,51,14.9,1.1654,0.7561,0.406,0.374,1.1654,15,79,d835913-dirty
3,lane-change,60,offset_ms,12.0,150.5,51,0,0,0,51,15.03,1.1711,0.7586,0.4108,0.3772,1.1711,15,79,d835913-dirty
3,lane-change,60,offset_ms,13.0,150.5,51,0,0,0,51,15.1,1.1768,0.7612,0.4156,0.3805,1.1768,15,79,d835913-dirty
3,lane-change,60,offset_ms,14.0,150.5,51,0,0,0,51,15.23,1.1825,0.7637,0.4205,0.3837,1.1825,15,79,d835913-dirty
3,lane-change,60,offset_ms,15.0,150.5,52,0,0,0,52,15.27,1.1883,0.7663,0.4253,0.387,1.1883,15,79,d835913-dirty
3,lane-change,60,offset_ms,16.0,150.5,52,0,0,0,52,15.38,1.1941,0.769,0.4301,0.3902,1.1941,15,79,d835913-dirty
3,lane-change,60,offset_ms,17.0,150.5,52,0,0,0,52,15.51,1.2,0.7716,0.435,0.3934,1.2,15,79,d835913-dirty
3,lane-change,60,offset_ms,18.0,150.5,52,0,0,0,52,15.57,1.2058,0.7743,0.4398,0.3967,1.2058,15,79,d835913-dirty
3,lane-change,60,offset_ms,19.0,150.5,53,0,0,0,53,15.65,1.2117,0.777,0.4446,0.3999,1.2117,15,79,d835913-dirty
3,lane-change,60,offset_ms,19.9,150.5,53,0,0,0,53,15.75,1.217,0.7794,0.449,0.4021,1.217,15,79,d835913-dirty
3,lane-change,70,offset_ms,0.0,160.5,72,20,0,0,52,14.28,1.2434,0.8493,0.3511,0.3497,1.2434,15,79,d835913-dirty
3,lane-change,70,offset_ms,1.0,160.5,73,21,0,0,52,14.34,1.2492,0.8521,0.3559,0.3528,1.2492,15,79,d835913-dirty
3,lane-change,70,offset_ms,2.0,160.5,75,22,0,0,53,14.43,1.2551,0.8549,0.3607,0.3559,1.2551,15,79,d835913-dirty
3,lane-change,70,offset_ms,3.0,160.5,75,22,0,0,53,14.46,1.2609,0.8577,0.3655,0.359,1.2609,15,79,d835913-dirty
3,lane-change,70,offset_ms,4.0,160.5,76,23,0,0,53,14.54,1.2668,0.8606,0.3703,0.3621,1.2668,15,79,d835913-dirty
3,lane-change,70,offset_ms,5.0,160.5,76,23,0,0,53,14.58,1.2727,0.8635,0.3751,0.3652,1.2727,15,79,d835913-dirty
3,lane-change,70,offset_ms,6.0,160.5,77,24,0,0,53,14.66,1.2786,0.8664,0.3799,0.3683,1.2786,15,79,d835913-dirty
3,lane-change,70,offset_ms,7.0,160.5,78,24,0,0,54,14.71,1.2846,0.8693,0.3847,0.3714,1.2846,15,79,d835913-dirty
3,lane-change,70,offset_ms,8.0,160.5,80,26,0,0,54,14.94,1.2906,0.8722,0.3896,0.3745,1.2906,15,79,d835913-dirty
3,lane-change,70,offset_ms,9.0,160.5,80,26,0,0,54,15.09,1.2966,0.8751,0.3944,0.3776,1.2966,15,79,d835913-dirty
3,lane-change,70,offset_ms,10.0,160.5,81,27,0,0,54,15.38,1.3031,0.8809,0.4012,0.3821,1.3031,15,79,d835913-dirty
3,lane-change,70,offset_ms,11.0,160.5,83,28,0,0,55,15.46,1.3091,0.8839,0.406,0.3854,1.3091,15,79,d835913-dirty
3,lane-change,70,offset_ms,12.0,160.5,83,28,0,0,55,15.68,1.3152,0.887,0.4108,0.3886,1.3152,15,79,d835913-dirty
3,lane-change,70,offset_ms,13.0,160.5,85,29,0,0,56,15.77,1.3213,0.89,0.4156,0.3918,1.3213,15,79,d835913-dirty
3,lane-change,70,offset_ms,14.0,160.5,85,29,0,0,56,15.94,1.3274,0.893,0.4205,0.3951,1.3274,15,79,d835913-dirty
3,lane-change,70,offset_ms,15.0,160.5,87,30,0,0,57,16.03,1.3336,0.8961,0.4253,0.3983,1.3336,15,79,d835913-dirty
3,lane-change,70,offset_ms,16.0,160.5,88,31,0,0,57,16.18,1.3397,0.8992,0.4301,0.4016,1.3397,15,79,d835913-dirty
3,lane-change,70,offset_ms,17.0,160.5,89,32,0,0,57,16.27,1.3459,0.9023,0.435,0.4048,1.3459,15,79,d835913-dirty
3,lane-change,70,offset_ms,18.0,160.5,89,32,0,0,57,16.35,1.3522,0.9054,0.4398,0.4081,1.3522,15,79,d835913-dirty
3,lane-change,70,offset_ms,19.0,160.5,89,32,0,0,57,16.48,1.3584,0.9086,0.4446,0.4113,1.3584,15,79,d835913-dirty
3,lane-change,70,offset_ms,19.9,160.5,91,33,0,0,58,16.57,1.364,0.9114,0.449,0.4135,1.364,15,79,d835913-dirty
