zone,zone_name,extra_ms,phase_kind,phase,age_path_ms,total_hard,z0_hard,z1_hard,z2_hard,z3_hard,soft_pct,fleet_max_ey_m,z0_max_ey_m,z1_max_ey_m,z2_max_ey_m,z3_max_ey_m,f_stale_max_ms,profile,duration_s,git_sha,ff_extra_ms
2,sharp-turn,100,offset_ms,0.0,190.5,0,0,0,0,0,6.6,0.4397,0.2676,0.3844,0.3446,0.4397,22.3,12.5,95,e300ee3-dirty,0.0
2,sharp-turn,100,offset_ms,1.0,190.5,0,0,0,0,0,6.66,0.4446,0.2684,0.3868,0.3466,0.4446,22.3,12.5,95,e300ee3-dirty,0.0
2,sharp-turn,100,offset_ms,2.0,190.5,0,0,0,0,0,6.72,0.4494,0.2692,0.3893,0.3487,0.4494,22.3,12.5,95,e300ee3-dirty,0.0
2,sharp-turn,100,offset_ms,3.0,190.5,0,0,0,0,0,6.77,0.4542,0.2702,0.3918,0.3507,0.4542,22.3,12.5,95,e300ee3-dirty,0.0
2,sharp-turn,100,offset_ms,4.0,190.5,0,0,0,0,0,6.84,0.459,0.272,0.3942,0.3527,0.459,22.3,12.5,95,e300ee3-dirty,0.0
2,sharp-turn,100,offset_ms,5.0,190.5,0,0,0,0,0,6.88,0.4639,0.274,0.3968,0.3547,0.4639,22.3,12.5,95,e300ee3-dirty,0.0
2,sharp-turn,100,offset_ms,6.0,190.5,0,0,0,0,0,6.93,0.4687,0.276,0.3993,0.3567,0.4687,22.3,12.5,95,e300ee3-dirty,0.0
2,sharp-turn,100,offset_ms,7.0,190.5,0,0,0,0,0,6.99,0.4735,0.278,0.4018,0.3587,0.4735,22.3,12.5,95,e300ee3-dirty,0.0
2,sharp-turn,100,offset_ms,8.0,190.5,0,0,0,0,0,7.02,0.4784,0.2799,0.4044,0.3606,0.4784,22.3,12.5,95,e300ee3-dirty,0.0
2,sharp-turn,100,offset_ms,9.0,190.5,0,0,0,0,0,7.06,0.4832,0.2819,0.4069,0.3626,0.4832,22.3,12.5,95,e300ee3-dirty,0.0
2,sharp-turn,100,offset_ms,10.0,190.5,0,0,0,0,0,7.17,0.4881,0.2839,0.4134,0.3634,0.4881,22.3,12.5,95,e300ee3-dirty,0.0
2,sharp-turn,100,offset_ms,11.0,190.5,0,0,0,0,0,7.22,0.4929,0.2858,0.416,0.3654,0.4929,22.3,12.5,95,e300ee3-dirty,0.0
2,sharp-turn,100,offset_ms,12.0,190.5,0,0,0,0,0,7.24,0.4978,0.2878,0.4186,0.3673,0.4978,22.3,12.5,95,e300ee3-dirty,0.0
2,sharp-turn,100,offset_ms,13.0,190.5,0,0,0,0,0,7.28,0.5026,0.2897,0.4212,0.3693,0.5026,22.3,12.5,95,e300ee3-dirty,0.0
2,sharp-turn,100,offset_ms,14.0,190.5,0,0,0,0,0,7.36,0.5075,0.2917,0.4238,0.3712,0.5075,22.3,12.5,95,e300ee3-dirty,0.0
2,sharp-turn,100,offset_ms,15.0,190.5,0,0,0,0,0,7.45,0.5123,0.2936,0.4264,0.3732,0.5123,22.3,12.5,95,e300ee3-dirty,0.0
2,sharp-turn,100,offset_ms,16.0,190.5,0,0,0,0,0,7.55,0.5172,0.2955,0.4291,0.3751,0.5172,22.3,12.5,95,e300ee3-dirty,0.0
2,sharp-turn,100,offset_ms,17.0,190.5,0,0,0,0,0,7.65,0.5221,0.2974,0.4317,0.377,0.5221,22.3,12.5,95,e300ee3-dirty,0.0
2,sharp-turn,100,offset_ms,18.0,190.5,0,0,0,0,0,7.77,0.5269,0.2993,0.4344,0.3789,0.5269,22.3,12.5,95,e300ee3-dirty,0.0
2,sharp-turn,100,offset_ms,19.0,190.5,0,0,0,0,0,7.84,0.5318,0.3012,0.4371,0.3808,0.5318,22.3,12.5,95,e300ee3-dirty,0.0
2,sharp-turn,100,offset_ms,19.9,190.5,0,0,0,0,0,7.94,0.5362,0.3029,0.4418,0.3832,0.5362,22.3,12.5,95,e300ee3-dirty,0.0
2,sharp-turn,110,offset_ms,0.0,200.5,0,0,0,0,0,7.82,0.4395,0.2675,0.429,0.3679,0.4395,22.3,12.5,95,e300ee3-dirty,0.0
2,sharp-turn,110,offset_ms,1.0,200.5,0,0,0,0,0,7.84,0.4443,0.2683,0.4314,0.3699,0.4443,22.3,12.5,95,e300ee3-dirty,0.0
2,sharp-turn,110,offset_ms,2.0,200.5,0,0,0,0,0,7.93,0.4491,0.2692,0.4339,0.3719,0.4491,22.3,12.5,95,e300ee3-dirty,0.0
2,sharp-turn,110,offset_ms,3.0,200.5,0,0,0,0,0,7.97,0.4539,0.2701,0.4364,0.3739,0.4539,22.3,12.5,95,e300ee3-dirty,0.0
2,sharp-turn,110,offset_ms,4.0,200.5,0,0,0,0,0,8.0,0.4588,0.2719,0.4389,0.3759,0.4588,22.3,12.5,95,e300ee3-dirty,0.0
2,sharp-turn,110,offset_ms,5.0,200.5,0,0,0,0,0,8.03,0.4636,0.2739,0.4414,0.3779,0.4636,22.3,12.5,95,e300ee3-dirty,0.0
2,sharp-turn,110,offset_ms,6.0,200.5,0,0,0,0,0,8.09,0.4684,0.2759,0.4439,0.3799,0.4684,22.3,12.5,95,e300ee3-dirty,0.0
2,sharp-turn,110,offset_ms,7.0,200.5,0,0,0,0,0,8.14,0.4733,0.2778,0.4464,0.3819,0.4733,22.3,12.5,95,e300ee3-dirty,0.0
2,sharp-turn,110,offset_ms,8.0,200.5,0,0,0,0,0,8.18,0.4781,0.2798,0.4489,0.3838,0.4781,22.3,12.5,95,e300ee3-dirty,0.0
2,sharp-turn,110,offset_ms,9.0,200.5,0,0,0,0,0,8.21,0.483,0.2818,0.4515,0.3858,0.483,22.3,12.5,95,e300ee3-dirty,0.0
2,sharp-turn,110,offset_ms,10.0,200.5,0,0,0,0,0,8.29,0.4878,0.2838,0.4579,0.3866,0.4878,22.3,12.5,95,e300ee3-dirty,0.0
2,sharp-turn,110,offset_ms,11.0,200.5,0,0,0,0,0,8.35,0.4926,0.2857,0.4604,0.3885,0.4926,22.3,12.5,95,e300ee3-dirty,0.0
2,sharp-turn,110,offset_ms,12.0,200.5,0,0,0,0,0,8.38,0.4975,0.2877,0.463,0.3904,0.4975,22.3,12.5,95,e300ee3-dirty,0.0
2,sharp-turn,110,offset_ms,13.0,200.5,0,0,0,0,0,8.4,0.5023,0.2896,0.4656,0.3924,0.5023,22.3,12.5,95,e300ee3-dirty,0.0
2,sharp-turn,110,offset_ms,14.0,200.5,0,0,0,0,0,8.47,0.5072,0.2916,0.4682,0.3943,0.5072,22.3,12.5,95,e300ee3-dirty,0.0
2,sharp-turn,110,offset_ms,15.0,200.5,0,0,0,0,0,8.52,0.512,0.2935,0.4708,0.3962,0.512,22.3,12.5,95,e300ee3-dirty,0.0
2,sharp-turn,110,offset_ms,16.0,200.5,0,0,0,0,0,8.63,0.5169,0.2954,0.4734,0.3981,0.5169,22.3,12.5,95,e300ee3-dirty,0.0
2,sharp-turn,110,offset_ms,17.0,200.5,0,0,0,0,0,8.74,0.5218,0.2973,0.4761,0.4,0.5218,22.3,12.5,95,e300ee3-dirty,0.0
2,sharp-turn,110,offset_ms,18.0,200.5,0,0,0,0,0,8.83,0.5266,0.2992,0.4787,0.4019,0.5266,22.3,12.5,95,e300ee3-dirty,0.0
2,sharp-turn,110,offset_ms,19.0,200.5,0,0,0,0,0,8.91,0.5315,0.3011,0.4814,0.4038,0.5315,22.3,12.5,95,e300ee3-dirty,0.0
2,sharp-turn,110,offset_ms,19.9,200.5,0,0,0,0,0,9.04,0.5359,0.3028,0.485,0.4062,0.5359,22.3,12.5,95,e300ee3-dirty,0.0
2,sharp-turn,120,offset_ms,0.0,210.5,0,0,0,0,0,9.18,0.4868,0.2675,0.4868,0.3897,0.439,22.3,12.5,95,e300ee3-dirty,0.0
2,sharp-turn,120,offset_ms,1.0,210.5,0,0,0,0,0,9.23,0.4894,0.2683,0.4894,0.3917,0.4438,22.3,12.5,95,e300ee3-dirty,0.0
2,sharp-turn,120,offset_ms,2.0,210.5,0,0,0,0,0,9.31,0.4919,0.2691,0.4919,0.3937,0.4486,22.3,12.5,95,e300ee3-dirty,0.0
2,sharp-turn,120,offset_ms,3.0,210.5,0,0,0,0,0,9.36,0.4945,0.2701,0.4945,0.3957,0.4535,22.3,12.5,95,e300ee3-dirty,0.0
2,sharp-turn,120,offset_ms,4.0,210.5,0,0,0,0,0,9.4,0.4971,0.2717,0.4971,0.3976,0.4583,22.3,12.5,95,e300ee3-dirty,0.0
2,sharp-turn,120,offset_ms,5.0,210.5,0,0,0,0,0,9.46,0.4997,0.2737,0.4997,0.3996,0.4631,22.3,12.5,95,e300ee3-dirty,0.0
2,sharp-turn,120,offset_ms,6.0,210.5,0,0,0,0,0,9.51,0.5023,0.2757,0.5023,0.4015,0.468,22.3,12.5,95,e300ee3-dirty,0.0
2,sharp-turn,120,offset_ms,7.0,210.5,0,0,0,0,0,9.59,0.505,0.2777,0.505,0.4035,0.4728,22.3,12.5,95,e300ee3-dirty,0.0
2,sharp-turn,120,offset_ms,8.0,210.5,0,0,0,0,0,9.64,0.5076,0.2797,0.5076,0.4054,0.4776,22.3,12.5,95,e300ee3-dirty,0.0
2,sharp-turn,120,offset_ms,9.0,210.5,0,0,0,0,0,9.65,0.5103,0.2816,0.5103,0.4073,0.4825,22.3,12.5,95,e300ee3-dirty,0.0
2,sharp-turn,120,offset_ms,10.0,210.5,0,0,0,0,0,9.79,0.5167,0.2836,0.5167,0.4081,0.4873,22.3,12.5,95,e300ee3-dirty,0.0
2,sharp-turn,120,offset_ms,11.0,210.5,0,0,0,0,0,9.83,0.5194,0.2856,0.5194,0.41,0.4921,22.3,12.5,95,e300ee3-dirty,0.0
2,sharp-turn,120,offset_ms,12.0,210.5,0,0,0,0,0,9.85,0.522,0.2875,0.522,0.4119,0.497,22.3,12.5,95,e300ee3-dirty,0.0
2,sharp-turn,120,offset_ms,13.0,210.5,0,0,0,0,0,9.92,0.5247,0.2895,0.5247,0.4138,0.5018,22.3,12.5,95,e300ee3-dirty,0.0
2,sharp-turn,120,offset_ms,14.0,210.5,0,0,0,0,0,9.96,0.5274,0.2914,0.5274,0.4157,0.5067,22.3,12.5,95,e300ee3-dirty,0.0
2,sharp-turn,120,offset_ms,15.0,210.5,0,0,0,0,0,10.01,0.5301,0.2934,0.5301,0.4176,0.5116,22.3,12.5,95,e300ee3-dirty,0.0
2,sharp-turn,120,offset_ms,16.0,210.5,0,0,0,0,0,10.09,0.5328,0.2953,0.5328,0.4195,0.5164,22.3,12.5,95,e300ee3-dirty,0.0
2,sharp-turn,120,offset_ms,17.0,210.5,0,0,0,0,0,10.18,0.5355,0.2972,0.5355,0.4214,0.5213,22.3,12.5,95,e300ee3-dirty,0.0
2,sharp-turn,120,offset_ms,18.0,210.5,0,0,0,0,0,10.24,0.5383,0.2991,0.5383,0.4232,0.5261,22.3,12.5,95,e300ee3-dirty,0.0
2,sharp-turn,120,offset_ms,19.0,210.5,0,0,0,0,0,10.31,0.541,0.301,0.541,0.4251,0.531,22.3,12.5,95,e300ee3-dirty,0.0
2,sharp-turn,120,offset_ms,19.9,210.5,0,0,0,0,0,10.4,0.5438,0.3027,0.5438,0.4276,0.5354,22.3,12.5,95,e300ee3-dirty,0.0
2,sharp-turn,130,offset_ms,0.0,220.5,0,0,0,0,0,10.85,0.5576,0.2675,0.5576,0.4195,0.4382,22.3,12.5,95,e300ee3-dirty,0.0
2,sharp-turn,130,offset_ms,1.0,220.5,0,0,0,0,0,10.91,0.5604,0.2683,0.5604,0.4215,0.443,22.3,12.5,95,e300ee3-dirty,0.0
2,sharp-turn,130,offset_ms,2.0,220.5,0,0,0,0,0,10.97,0.5632,0.2691,0.5632,0.4235,0.4478,22.3,12.5,95,e300ee3-dirty,0.0
2,sharp-turn,130,offset_ms,3.0,220.5,0,0,0,0,0,11.0,0.566,0.2701,0.566,0.4256,0.4527,22.3,12.5,95,e300ee3-dirty,0.0
2,sharp-turn,130,offset_ms,4.0,220.5,0,0,0,0,0,11.04,0.5688,0.2715,0.5688,0.4276,0.4575,22.3,12.5,95,e300ee3-dirty,0.0
2,sharp-turn,130,offset_ms,5.0,220.5,0,0,0,0,0,11.09,0.5716,0.2735,0.5716,0.4296,0.4623,22.3,12.5,95,e300ee3-dirty,0.0
2,sharp-turn,130,offset_ms,6.0,220.5,0,0,0,0,0,11.17,0.5745,0.2755,0.5745,0.4316,0.4672,22.3,12.5,95,e300ee3-dirty,0.0
2,sharp-turn,130,offset_ms,7.0,220.5,0,0,0,0,0,11.18,0.5773,0.2775,0.5773,0.4336,0.472,22.3,12.5,95,e300ee3-dirty,0.0
2,sharp-turn,130,offset_ms,8.0,220.5,0,0,0,0,0,11.24,0.5802,0.2795,0.5802,0.4356,0.4768,22.3,12.5,95,e300ee3-dirty,0.0
2,sharp-turn,130,offset_ms,9.0,220.5,0,0,0,0,0,11.25,0.5831,0.2814,0.5831,0.4377,0.4817,22.3,12.5,95,e300ee3-dirty,0.0
2,sharp-turn,130,offset_ms,10.0,220.5,0,0,0,0,0,11.37,0.5898,0.2834,0.5898,0.4392,0.4865,22.3,12.5,95,e300ee3-dirty,0.0
2,sharp-turn,130,offset_ms,11.0,220.5,0,0,0,0,0,11.38,0.5926,0.2854,0.5926,0.4412,0.4913,22.3,12.5,95,e300ee3-dirty,0.0
2,sharp-turn,130,offset_ms,12.0,220.5,0,0,0,0,0,11.48,0.5955,0.2873,0.5955,0.4432,0.4962,22.3,12.5,95,e300ee3-dirty,0.0
2,sharp-turn,130,offset_ms,13.0,220.5,0,0,0,0,0,11.56,0.5984,0.2893,0.5984,0.4453,0.501,22.3,12.5,95,e300ee3-dirty,0.0
2,sharp-turn,130,offset_ms,14.0,220.5,0,0,0,0,0,11.62,0.6013,0.2912,0.6013,0.4473,0.5059,22.3,12.5,95,e300ee3-dirty,0.0
2,sharp-turn,130,offset_ms,15.0,220.5,0,0,0,0,0,11.68,0.6042,0.2932,0.6042,0.4493,0.5107,22.3,12.5,95,e300ee3-dirty,0.0
2,sharp-turn,130,offset_ms,16.0,220.5,0,0,0,0,0,11.81,0.6071,0.2951,0.6071,0.4513,0.5156,22.3,12.5,95,e300ee3-dirty,0.0
2,sharp-turn,130,offset_ms,17.0,220.5,0,0,0,0,0,11.88,0.61,0.297,0.61,0.4533,0.5205,22.3,12.5,95,e300ee3-dirty,0.0
2,sharp-turn,130,offset_ms,18.0,220.5,0,0,0,0,0,12.0,0.613,0.2989,0.613,0.4553,0.5253,22.3,12.5,95,e300ee3-dirty,0.0
2,sharp-turn,130,offset_ms,19.0,220.5,0,0,0,0,0,12.02,0.6159,0.3009,0.6159,0.4574,0.5302,22.3,12.5,95,e300ee3-dirty,0.0
2,sharp-turn,130,offset_ms,19.9,220.5,0,0,0,0,0,12.15,0.6187,0.3026,0.6187,0.4606,0.5346,22.3,12.5,95,e300ee3-dirty,0.0
2,sharp-turn,140,offset_ms,0.0,230.5,0,0,0,0,0,13.38,0.6414,0.2678,0.6414,0.4664,0.437,22.3,12.5,95,e300ee3-dirty,0.0
2,sharp-turn,140,offset_ms,1.0,230.5,0,0,0,0,0,13.43,0.6445,0.2685,0.6445,0.4675,0.4418,22.3,12.5,95,e300ee3-dirty,0.0
2,sharp-turn,140,offset_ms,2.0,230.5,0,0,0,0,0,13.52,0.6476,0.2693,0.6476,0.4686,0.4466,22.3,12.5,95,e300ee3-dirty,0.0
2,sharp-turn,140,offset_ms,3.0,230.5,0,0,0,0,0,13.55,0.6507,0.2703,0.6507,0.4698,0.4514,22.3,12.5,95,e300ee3-dirty,0.0
2,sharp-turn,140,offset_ms,4.0,230.5,0,0,0,0,0,13.63,0.6538,0.2714,0.6538,0.471,0.4562,22.3,12.5,95,e300ee3-dirty,0.0
2,sharp-turn,140,offset_ms,5.0,230.5,0,0,0,0,0,13.68,0.6569,0.2734,0.6569,0.4721,0.4611,22.3,12.5,95,e300ee3-dirty,0.0
2,sharp-turn,140,offset_ms,6.0,230.5,0,0,0,0,0,13.71,0.6601,0.2754,0.6601,0.4733,0.4659,22.3,12.5,95,e300ee3-dirty,0.0
2,sharp-turn,140,offset_ms,7.0,230.5,0,0,0,0,0,13.79,0.6632,0.2774,0.6632,0.4745,0.4707,22.3,12.5,95,e300ee3-dirty,0.0
2,sharp-turn,140,offset_ms,8.0,230.5,0,0,0,0,0,13.84,0.6664,0.2794,0.6664,0.4757,0.4756,22.3,12.5,95,e300ee3-dirty,0.0
2,sharp-turn,140,offset_ms,9.0,230.5,0,0,0,0,0,13.88,0.6696,0.2814,0.6696,0.4774,0.4804,22.3,12.5,95,e300ee3-dirty,0.0
2,sharp-turn,140,offset_ms,10.0,230.5,0,0,0,0,0,14.01,0.6766,0.2833,0.6766,0.4833,0.4852,22.3,12.5,95,e300ee3-dirty,0.0
2,sharp-turn,140,offset_ms,11.0,230.5,0,0,0,0,0,14.07,0.6798,0.2853,0.6798,0.4845,0.49,22.3,12.5,95,e300ee3-dirty,0.0
2,sharp-turn,140,offset_ms,12.0,230.5,0,0,0,0,0,14.16,0.683,0.2873,0.683,0.4857,0.4949,22.3,12.5,95,e300ee3-dirty,0.0
2,sharp-turn,140,offset_ms,13.0,230.5,0,0,0,0,0,14.2,0.6861,0.2892,0.6861,0.4869,0.4997,22.3,12.5,95,e300ee3-dirty,0.0
2,sharp-turn,140,offset_ms,14.0,230.5,0,0,0,0,0,14.24,0.6893,0.2912,0.6893,0.4881,0.5046,22.3,12.5,95,e300ee3-dirty,0.0
2,sharp-turn,140,offset_ms,15.0,230.5,0,0,0,0,0,14.29,0.6925,0.2931,0.6925,0.4897,0.5095,22.3,12.5,95,e300ee3-dirty,0.0
2,sharp-turn,140,offset_ms,16.0,230.5,0,0,0,0,0,14.38,0.6957,0.2951,0.6957,0.4918,0.5143,22.3,12.5,95,e300ee3-dirty,0.0
2,sharp-turn,140,offset_ms,17.0,230.5,0,0,0,0,0,14.49,0.6989,0.297,0.6989,0.4939,0.5192,22.3,12.5,95,e300ee3-dirty,0.0
2,sharp-turn,140,offset_ms,18.0,230.5,0,0,0,0,0,14.58,0.7022,0.2989,0.7022,0.496,0.524,22.3,12.5,95,e300ee3-dirty,0.0
2,sharp-turn,140,offset_ms,19.0,230.5,0,0,0,0,0,14.62,0.7054,0.3008,0.7054,0.4981,0.5289,22.3,12.5,95,e300ee3-dirty,0.0
2,sharp-turn,140,offset_ms,19.9,230.5,0,0,0,0,0,14.74,0.709,0.3026,0.709,0.5018,0.5334,22.3,12.5,95,e300ee3-dirty,0.0
2,sharp-turn,150,offset_ms,0.0,240.5,0,0,0,0,0,15.47,0.7385,0.2683,0.7385,0.5598,0.4355,22.3,12.5,95,e300ee3-dirty,0.0
2,sharp-turn,150,offset_ms,1.0,240.5,0,0,0,0,0,15.51,0.7419,0.269,0.7419,0.5612,0.4403,22.3,12.5,95,e300ee3-dirty,0.0
2,sharp-turn,150,offset_ms,2.0,240.5,0,0,0,0,0,15.56,0.7454,0.2698,0.7454,0.5626,0.4451,22.3,12.5,95,e300ee3-dirty,0.0
2,sharp-turn,150,offset_ms,3.0,240.5,0,0,0,0,0,15.63,0.7488,0.2707,0.7488,0.5641,0.4499,22.3,12.5,95,e300ee3-dirty,0.0
2,sharp-turn,150,offset_ms,4.0,240.5,0,0,0,0,0,15.64,0.7523,0.2717,0.7523,0.5656,0.4548,22.3,12.5,95,e300ee3-dirty,0.0
2,sharp-turn,150,offset_ms,5.0,240.5,0,0,0,0,0,15.72,0.7558,0.2735,0.7558,0.567,0.4596,22.3,12.5,95,e300ee3-dirty,0.0
2,sharp-turn,150,offset_ms,6.0,240.5,0,0,0,0,0,15.74,0.7593,0.2755,0.7593,0.5685,0.4644,22.3,12.5,95,e300ee3-dirty,0.0
2,sharp-turn,150,offset_ms,7.0,240.5,0,0,0,0,0,15.81,0.7628,0.2775,0.7628,0.57,0.4692,22.3,12.5,95,e300ee3-dirty,0.0
2,sharp-turn,150,offset_ms,8.0,240.5,0,0,0,0,0,15.89,0.7664,0.2795,0.7664,0.5715,0.4741,22.3,12.5,95,e300ee3-dirty,0.0
2,sharp-turn,150,offset_ms,9.0,240.5,0,0,0,0,0,15.93,0.7699,0.2815,0.7699,0.573,0.4789,22.3,12.5,95,e300ee3-dirty,0.0
2,sharp-turn,150,offset_ms,10.0,240.5,0,0,0,0,0,15.99,0.7775,0.2835,0.7775,0.5799,0.4837,22.3,12.5,95,e300ee3-dirty,0.0
2,sharp-turn,150,offset_ms,11.0,240.5,0,0,0,0,0,16.05,0.781,0.2855,0.781,0.5814,0.4885,22.3,12.5,95,e300ee3-dirty,0.0
2,sharp-turn,150,offset_ms,12.0,240.5,0,0,0,0,0,16.06,0.7845,0.2875,0.7845,0.5829,0.4934,22.3,12.5,95,e300ee3-dirty,0.0
2,sharp-turn,150,offset_ms,13.0,240.5,0,0,0,0,0,16.15,0.7881,0.2894,0.7881,0.5844,0.4982,22.3,12.5,95,e300ee3-dirty,0.0
2,sharp-turn,150,offset_ms,14.0,240.5,0,0,0,0,0,16.26,0.7916,0.2914,0.7916,0.5859,0.5031,22.3,12.5,95,e300ee3-dirty,0.0
2,sharp-turn,150,offset_ms,15.0,240.5,0,0,0,0,0,16.37,0.7951,0.2933,0.7951,0.5874,0.5079,22.3,12.5,95,e300ee3-dirty,0.0
2,sharp-turn,150,offset_ms,16.0,240.5,0,0,0,0,0,16.49,0.7987,0.2953,0.7987,0.5889,0.5128,22.3,12.5,95,e300ee3-dirty,0.0
2,sharp-turn,150,offset_ms,17.0,240.5,7,0,7,0,0,16.66,0.8022,0.2972,0.8022,0.5904,0.5176,22.3,12.5,95,e300ee3-dirty,0.0
2,sharp-turn,150,offset_ms,18.0,240.5,11,0,11,0,0,16.73,0.8058,0.2991,0.8058,0.5919,0.5225,22.3,12.5,95,e300ee3-dirty,0.0
2,sharp-turn,150,offset_ms,19.0,240.5,14,0,14,0,0,16.91,0.8094,0.3011,0.8094,0.5934,0.5274,22.3,12.5,95,e300ee3-dirty,0.0
2,sharp-turn,150,offset_ms,19.9,240.5,18,0,18,0,0,17.16,0.8141,0.3028,0.8141,0.5998,0.5319,22.3,12.5,95,e300ee3-dirty,0.0
